Data_Hora,GHI_W_m2,DNI_W_m2,DHI_W_m2
2022-01-01 00:00:00,0.0,0.0,0.0
2022-01-01 05:00:00,5.25,0.0,5.68
2022-01-01 06:00:00,64.5,0.0,57.11
2022-01-01 07:00:00,165.38,0.3,137.1
2022-01-01 08:00:00,281.3,2.0,242.07
2022-01-01 09:00:00,336.5,36.38,271.44
2022-01-01 10:00:00,484.33,116.33,342.17
2022-01-01 11:00:00,547.0,39.56,382.57
2022-01-01 12:00:00,605.28,144.07,390.5
2022-01-01 13:00:00,606.7,266.56,324.47
2022-01-01 14:00:00,410.85,72.64,326.74
2022-01-01 15:00:00,176.75,27.29,140.74
2022-01-01 16:00:00,182.18,0.0,158.4
2022-01-01 17:00:00,74.78,0.0,64.21
2022-01-01 18:00:00,10.05,0.0,10.01
2022-01-02 05:00:00,3.12,0.0,3.38
2022-01-02 06:00:00,48.1,8.75,40.92
2022-01-02 07:00:00,132.52,18.37,105.91
2022-01-02 08:00:00,235.77,21.52,191.26
2022-01-02 09:00:00,383.8,23.64,312.04
2022-01-02 10:00:00,614.45,144.41,434.65
2022-01-02 11:00:00,764.85,289.94,360.21
2022-01-02 12:00:00,643.8,141.41,447.84
2022-01-02 13:00:00,538.3,143.78,352.55
2022-01-02 14:00:00,394.88,24.66,304.91
2022-01-02 15:00:00,334.33,133.06,221.21
2022-01-02 16:00:00,250.05,87.07,199.72
2022-01-02 17:00:00,111.38,65.22,83.41
2022-01-02 18:00:00,19.6,16.42,20.45
2022-01-03 05:00:00,5.65,2.67,7.42
2022-01-03 06:00:00,70.95,25.6,59.76
2022-01-03 07:00:00,194.48,24.48,155.71
2022-01-03 08:00:00,339.98,31.39,288.21
2022-01-03 09:00:00,485.85,40.11,393.64
2022-01-03 10:00:00,645.05,158.74,403.3
2022-01-03 11:00:00,702.08,183.62,408.02
2022-01-03 12:00:00,576.08,99.81,358.09
2022-01-03 13:00:00,524.78,122.86,343.69
2022-01-03 14:00:00,248.82,46.1,181.71
2022-01-03 15:00:00,197.77,0.0,161.58
2022-01-03 16:00:00,179.4,0.0,155.99
2022-01-03 17:00:00,84.62,0.0,72.67
2022-01-03 18:00:00,12.15,0.0,12.1
2022-01-04 05:00:00,5.43,0.0,5.87
2022-01-04 06:00:00,67.68,9.56,59.65
2022-01-04 07:00:00,168.4,15.29,138.58
2022-01-04 08:00:00,271.62,20.53,230.03
2022-01-04 09:00:00,361.45,75.95,262.15
2022-01-04 10:00:00,522.08,57.17,379.82
2022-01-04 11:00:00,730.42,225.15,426.24
2022-01-04 12:00:00,700.7,138.36,462.16
2022-01-04 13:00:00,625.53,88.09,446.23
2022-01-04 14:00:00,524.4,122.76,406.59
2022-01-04 15:00:00,396.1,106.94,300.91
2022-01-04 16:00:00,159.65,77.8,121.22
2022-01-04 17:00:00,80.22,45.87,67.34
2022-01-04 18:00:00,11.25,7.75,11.42
2022-01-05 05:00:00,4.9,0.0,5.3
2022-01-05 06:00:00,62.15,0.0,55.02
2022-01-05 07:00:00,149.5,0.0,122.56
2022-01-05 08:00:00,234.38,0.76,200.87
2022-01-05 09:00:00,413.83,32.67,335.51
2022-01-05 10:00:00,525.25,143.87,407.45
2022-01-05 11:00:00,686.67,334.8,411.95
2022-01-05 12:00:00,832.58,368.57,400.77
2022-01-05 13:00:00,724.33,360.86,372.05
2022-01-05 14:00:00,575.75,26.01,452.45
2022-01-05 15:00:00,425.58,24.62,342.6
2022-01-05 16:00:00,254.82,34.37,207.48
2022-01-05 17:00:00,127.75,25.73,106.45
2022-01-05 18:00:00,20.9,0.0,20.81
2022-01-06 05:00:00,4.93,0.0,5.33
2022-01-06 06:00:00,79.85,21.55,72.99
2022-01-06 07:00:00,218.07,30.8,173.18
2022-01-06 08:00:00,371.02,187.15,283.9
2022-01-06 09:00:00,413.27,130.58,321.77
2022-01-06 10:00:00,617.83,49.96,496.59
2022-01-06 11:00:00,690.83,294.93,421.38
2022-01-06 12:00:00,767.55,329.18,355.85
2022-01-06 13:00:00,561.35,127.07,335.75
2022-01-06 14:00:00,266.15,35.86,200.9
2022-01-06 15:00:00,152.25,68.45,115.19
2022-01-06 16:00:00,93.0,0.0,80.87
2022-01-06 17:00:00,66.6,0.0,57.19
2022-01-06 18:00:00,12.27,0.0,12.22
2022-01-07 05:00:00,3.67,0.0,4.51
2022-01-07 06:00:00,62.53,9.79,51.34
2022-01-07 07:00:00,146.9,23.62,118.72
2022-01-07 08:00:00,236.82,11.34,201.49
2022-01-07 09:00:00,347.75,37.17,274.61
2022-01-07 10:00:00,332.5,0.42,271.1
2022-01-07 11:00:00,335.52,45.06,230.55
2022-01-07 12:00:00,334.4,38.2,232.08
2022-01-07 13:00:00,288.48,56.47,220.3
2022-01-07 14:00:00,171.68,38.85,125.78
2022-01-07 15:00:00,124.62,34.44,94.47
2022-01-07 16:00:00,125.65,0.0,109.25
2022-01-07 17:00:00,85.03,0.0,73.01
2022-01-07 18:00:00,16.4,0.0,16.33
2022-01-08 05:00:00,4.05,2.9,6.15
2022-01-08 06:00:00,81.75,87.66,81.2
2022-01-08 07:00:00,205.1,100.5,160.1
2022-01-08 08:00:00,356.65,207.15,226.26
2022-01-08 09:00:00,490.0,206.13,272.62
2022-01-08 10:00:00,537.17,75.73,386.9
2022-01-08 11:00:00,517.38,24.33,412.44
2022-01-08 12:00:00,371.98,4.56,290.18
2022-01-08 13:00:00,489.48,102.68,324.22
2022-01-08 14:00:00,471.08,89.17,312.91
2022-01-08 15:00:00,363.0,121.14,247.68
2022-01-08 16:00:00,224.15,99.94,178.74
2022-01-08 17:00:00,103.88,87.21,72.1
2022-01-08 18:00:00,15.82,18.53,17.79
2022-01-09 05:00:00,4.25,2.02,6.86
2022-01-09 06:00:00,55.42,35.0,49.68
2022-01-09 07:00:00,149.12,63.93,121.06
2022-01-09 08:00:00,270.58,130.94,213.78
2022-01-09 09:00:00,194.48,0.0,155.33
2022-01-09 10:00:00,226.3,15.48,182.29
2022-01-09 11:00:00,176.25,45.54,116.82
2022-01-09 12:00:00,251.3,29.16,174.3
2022-01-09 13:00:00,337.48,49.85,248.5
2022-01-09 14:00:00,267.8,25.54,208.34
2022-01-09 15:00:00,214.8,0.0,175.49
2022-01-09 16:00:00,149.15,116.08,96.53
2022-01-09 17:00:00,97.4,79.3,78.37
2022-01-09 18:00:00,12.82,0.0,12.77
2022-01-10 05:00:00,4.07,1.41,6.17
2022-01-10 06:00:00,73.43,48.89,63.72
2022-01-10 07:00:00,168.62,277.22,118.32
2022-01-10 08:00:00,229.2,26.14,184.13
2022-01-10 09:00:00,257.8,28.34,193.36
2022-01-10 10:00:00,270.48,39.78,195.34
2022-01-10 11:00:00,355.7,37.21,246.54
2022-01-10 12:00:00,385.2,36.72,269.03
2022-01-10 13:00:00,506.6,3.54,397.24
2022-01-10 14:00:00,523.5,273.31,335.8
2022-01-10 15:00:00,294.05,14.79,235.95
2022-01-10 16:00:00,198.05,16.29,167.75
2022-01-10 17:00:00,88.18,4.58,75.46
2022-01-10 18:00:00,16.62,0.0,16.55
2022-01-11 05:00:00,2.5,0.0,3.07
2022-01-11 06:00:00,52.17,24.54,46.37
2022-01-11 07:00:00,131.3,1.4,116.39
2022-01-11 08:00:00,219.65,0.15,182.51
2022-01-11 09:00:00,249.38,29.73,186.53
2022-01-11 10:00:00,428.92,29.73,345.49
2022-01-11 11:00:00,669.58,189.91,504.57
2022-01-11 12:00:00,644.17,381.66,340.74
2022-01-11 13:00:00,638.4,179.22,400.51
2022-01-11 14:00:00,476.1,100.74,327.04
2022-01-11 15:00:00,351.3,123.2,246.29
2022-01-11 16:00:00,237.82,112.64,168.84
2022-01-11 17:00:00,109.57,52.77,85.21
2022-01-11 18:00:00,19.23,17.12,19.47
2022-01-12 05:00:00,2.25,0.0,2.76
2022-01-12 06:00:00,32.38,0.0,29.13
2022-01-12 07:00:00,85.47,0.0,75.8
2022-01-12 08:00:00,192.25,3.88,159.24
2022-01-12 09:00:00,307.17,5.11,244.61
2022-01-12 10:00:00,405.65,3.88,320.9
2022-01-12 11:00:00,652.9,214.11,415.43
2022-01-12 12:00:00,695.1,197.21,448.79
2022-01-12 13:00:00,698.33,126.61,436.96
2022-01-12 14:00:00,589.3,195.72,338.07
2022-01-12 15:00:00,391.4,180.04,226.45
2022-01-12 16:00:00,256.95,107.86,177.33
2022-01-12 17:00:00,129.2,58.43,106.35
2022-01-12 18:00:00,21.7,12.18,22.05
2022-01-13 05:00:00,3.85,5.57,5.24
2022-01-13 06:00:00,105.6,268.53,79.08
2022-01-13 07:00:00,281.02,208.96,174.09
2022-01-13 08:00:00,457.98,558.78,164.03
2022-01-13 09:00:00,739.0,500.42,256.64
2022-01-13 10:00:00,864.62,619.81,226.53
2022-01-13 11:00:00,985.62,640.77,274.4
2022-01-13 12:00:00,973.7,747.45,198.89
2022-01-13 13:00:00,891.33,773.65,183.91
2022-01-13 14:00:00,750.72,613.95,206.0
2022-01-13 15:00:00,619.7,656.99,170.93
2022-01-13 16:00:00,405.02,470.07,167.33
2022-01-13 17:00:00,190.35,291.08,106.11
2022-01-13 18:00:00,26.58,38.05,28.87
2022-01-14 05:00:00,3.92,3.47,5.72
2022-01-14 06:00:00,85.28,97.19,65.31
2022-01-14 07:00:00,252.55,160.95,170.51
2022-01-14 08:00:00,446.15,353.3,233.57
2022-01-14 09:00:00,655.7,475.88,288.23
2022-01-14 10:00:00,800.15,336.2,398.16
2022-01-14 11:00:00,946.67,679.88,300.91
2022-01-14 12:00:00,942.47,376.95,390.19
2022-01-14 13:00:00,933.17,507.15,321.05
2022-01-14 14:00:00,774.15,471.21,335.87
2022-01-14 15:00:00,626.12,501.4,276.17
2022-01-14 16:00:00,413.62,607.42,165.97
2022-01-14 17:00:00,195.18,132.68,130.52
2022-01-14 18:00:00,34.03,43.96,40.12
2022-01-15 05:00:00,4.3,3.24,6.21
2022-01-15 06:00:00,108.25,103.22,86.58
2022-01-15 07:00:00,303.6,191.53,219.91
2022-01-15 08:00:00,505.65,403.62,354.37
2022-01-15 09:00:00,731.1,614.66,276.05
2022-01-15 10:00:00,893.22,683.88,334.92
2022-01-15 11:00:00,877.05,350.14,433.66
2022-01-15 12:00:00,821.92,257.0,438.72
2022-01-15 13:00:00,422.12,209.36,231.82
2022-01-15 14:00:00,246.25,13.78,198.28
2022-01-15 15:00:00,94.65,25.35,73.37
2022-01-15 16:00:00,56.8,31.45,41.17
2022-01-15 17:00:00,60.7,0.0,53.74
2022-01-15 18:00:00,13.38,0.0,13.32
2022-01-16 05:00:00,2.17,0.0,2.67
2022-01-16 06:00:00,40.03,0.0,35.0
2022-01-16 07:00:00,120.78,0.0,105.77
2022-01-16 08:00:00,211.18,0.0,178.78
2022-01-16 09:00:00,457.23,184.99,272.09
2022-01-16 10:00:00,482.0,82.95,343.23
2022-01-16 11:00:00,555.75,118.05,364.99
2022-01-16 12:00:00,581.05,17.93,451.15
2022-01-16 13:00:00,512.6,37.7,395.69
2022-01-16 14:00:00,481.5,15.37,389.35
2022-01-16 15:00:00,399.5,8.79,321.87
2022-01-16 16:00:00,264.02,5.72,225.35
2022-01-16 17:00:00,124.9,15.39,109.83
2022-01-16 18:00:00,21.98,2.67,21.86
2022-01-17 05:00:00,3.17,4.27,4.36
2022-01-17 06:00:00,91.28,151.84,63.51
2022-01-17 07:00:00,268.4,182.42,193.27
2022-01-17 08:00:00,460.08,430.8,215.03
2022-01-17 09:00:00,660.03,572.36,225.32
2022-01-17 10:00:00,905.3,672.48,209.58
2022-01-17 11:00:00,968.83,561.98,336.45
2022-01-17 12:00:00,906.53,491.9,382.89
2022-01-17 13:00:00,873.15,565.84,269.49
2022-01-17 14:00:00,677.85,515.29,229.27
2022-01-17 15:00:00,428.83,216.61,239.79
2022-01-17 16:00:00,194.1,192.42,117.58
2022-01-17 17:00:00,144.95,94.95,125.97
2022-01-17 18:00:00,26.33,22.11,25.72
2022-01-18 06:00:00,108.57,207.17,55.85
2022-01-18 07:00:00,284.6,379.88,154.62
2022-01-18 08:00:00,478.85,291.14,225.59
2022-01-18 09:00:00,703.97,546.98,223.61
2022-01-18 10:00:00,917.35,555.37,293.2
2022-01-18 11:00:00,1009.5,623.31,312.02
2022-01-18 12:00:00,1031.15,722.36,287.68
2022-01-18 13:00:00,951.17,744.54,195.71
2022-01-18 14:00:00,766.65,645.36,174.65
2022-01-18 15:00:00,598.7,456.29,247.17
2022-01-18 16:00:00,400.7,457.12,159.93
2022-01-18 17:00:00,191.85,256.61,123.45
2022-01-18 18:00:00,28.3,33.68,30.01
2022-01-19 06:00:00,125.68,290.81,72.78
2022-01-19 07:00:00,348.73,554.77,125.76
2022-01-19 08:00:00,597.05,760.78,118.85
2022-01-19 09:00:00,803.53,805.68,144.32
2022-01-19 10:00:00,940.05,768.1,203.37
2022-01-19 11:00:00,995.95,639.94,296.05
2022-01-19 12:00:00,799.3,558.35,273.36
2022-01-19 13:00:00,673.3,399.94,263.81
2022-01-19 14:00:00,454.88,99.53,279.41
2022-01-19 15:00:00,294.05,284.77,140.22
2022-01-19 16:00:00,198.12,196.82,101.07
2022-01-19 17:00:00,145.45,116.92,109.74
2022-01-19 18:00:00,27.83,56.46,24.38
2022-01-20 06:00:00,106.4,165.26,69.74
2022-01-20 07:00:00,309.6,405.09,153.66
2022-01-20 08:00:00,541.95,605.69,171.25
2022-01-20 09:00:00,785.1,709.57,213.93
2022-01-20 10:00:00,944.67,665.08,260.32
2022-01-20 11:00:00,1054.97,785.93,202.23
2022-01-20 12:00:00,1048.18,805.54,246.38
2022-01-20 13:00:00,950.6,759.55,188.3
2022-01-20 14:00:00,793.08,737.67,150.75
2022-01-20 15:00:00,502.58,343.51,269.31
2022-01-20 16:00:00,335.92,254.83,192.94
2022-01-20 17:00:00,168.77,139.5,121.68
2022-01-20 18:00:00,29.42,45.74,24.74
2022-01-21 06:00:00,128.6,412.44,44.53
2022-01-21 07:00:00,354.77,656.9,80.89
2022-01-21 08:00:00,582.72,721.68,131.61
2022-01-21 09:00:00,778.0,731.43,185.98
2022-01-21 10:00:00,921.0,799.4,157.62
2022-01-21 11:00:00,955.58,728.7,206.95
2022-01-21 12:00:00,889.35,567.66,271.75
2022-01-21 13:00:00,792.28,570.72,247.43
2022-01-21 14:00:00,630.22,369.56,274.46
2022-01-21 15:00:00,564.3,497.54,215.83
2022-01-21 16:00:00,390.58,383.19,188.6
2022-01-21 17:00:00,205.18,444.09,78.83
2022-01-21 18:00:00,36.88,117.72,27.34
2022-01-22 06:00:00,116.4,302.81,50.63
2022-01-22 07:00:00,333.42,550.19,102.02
2022-01-22 08:00:00,568.28,719.91,119.95
2022-01-22 09:00:00,788.15,815.9,137.36
2022-01-22 10:00:00,864.95,496.63,350.58
2022-01-22 11:00:00,952.95,723.1,208.27
2022-01-22 12:00:00,959.15,598.38,291.24
2022-01-22 13:00:00,833.33,689.86,173.39
2022-01-22 14:00:00,768.2,564.88,245.53
2022-01-22 15:00:00,611.5,570.33,223.21
2022-01-22 16:00:00,408.35,528.7,134.98
2022-01-22 17:00:00,195.7,325.2,108.24
2022-01-22 18:00:00,31.7,56.29,33.05
2022-01-23 06:00:00,103.62,215.4,63.02
2022-01-23 07:00:00,301.42,488.99,141.92
2022-01-23 08:00:00,512.5,589.45,150.83
2022-01-23 09:00:00,752.2,735.39,155.63
2022-01-23 10:00:00,906.12,600.37,316.13
2022-01-23 11:00:00,994.3,679.46,265.71
2022-01-23 12:00:00,1006.0,548.03,340.52
2022-01-23 13:00:00,926.45,571.8,291.33
2022-01-23 14:00:00,788.2,549.14,315.34
2022-01-23 15:00:00,589.1,423.24,244.28
2022-01-23 16:00:00,374.48,345.8,173.68
2022-01-23 17:00:00,182.02,182.66,102.55
2022-01-23 18:00:00,27.2,57.86,23.8
2022-01-24 06:00:00,99.03,386.2,79.7
2022-01-24 07:00:00,299.35,734.06,207.85
2022-01-24 08:00:00,527.97,1032.5,312.86
2022-01-24 09:00:00,741.15,929.07,280.38
2022-01-24 10:00:00,911.35,454.54,397.68
2022-01-24 11:00:00,989.67,461.94,506.63
2022-01-24 12:00:00,938.58,504.78,512.79
2022-01-24 13:00:00,801.33,616.01,267.84
2022-01-24 14:00:00,768.72,560.65,253.62
2022-01-24 15:00:00,512.35,387.24,196.05
2022-01-24 16:00:00,331.27,300.35,211.08
2022-01-24 17:00:00,168.77,123.81,126.9
2022-01-24 18:00:00,24.52,37.4,26.58
2022-01-25 06:00:00,99.32,231.81,54.65
2022-01-25 07:00:00,315.15,557.27,98.38
2022-01-25 08:00:00,582.95,730.02,124.21
2022-01-25 09:00:00,782.35,764.88,163.07
2022-01-25 10:00:00,952.33,854.37,143.05
2022-01-25 11:00:00,1019.05,775.56,185.91
2022-01-25 12:00:00,996.65,622.0,287.85
2022-01-25 13:00:00,898.7,705.68,213.68
2022-01-25 14:00:00,773.47,601.53,256.15
2022-01-25 15:00:00,609.9,562.79,189.61
2022-01-25 16:00:00,401.2,505.26,151.04
2022-01-25 17:00:00,205.7,324.64,104.18
2022-01-25 18:00:00,34.95,92.27,26.26
2022-01-26 06:00:00,88.88,121.03,67.37
2022-01-26 07:00:00,284.95,211.98,225.65
2022-01-26 08:00:00,514.9,402.32,281.75
2022-01-26 09:00:00,702.08,636.39,230.53
2022-01-26 10:00:00,754.6,799.95,219.21
2022-01-26 11:00:00,874.8,443.6,375.43
2022-01-26 12:00:00,864.08,646.76,248.35
2022-01-26 13:00:00,762.88,352.12,381.52
2022-01-26 14:00:00,611.88,346.72,260.84
2022-01-26 15:00:00,426.33,163.27,256.93
2022-01-26 16:00:00,267.77,110.19,193.49
2022-01-26 17:00:00,144.73,133.12,113.82
2022-01-26 18:00:00,25.9,27.44,24.01
2022-01-27 06:00:00,79.45,117.45,60.04
2022-01-27 07:00:00,232.07,64.72,203.03
2022-01-27 08:00:00,430.15,235.95,285.72
2022-01-27 09:00:00,618.38,668.35,180.07
2022-01-27 10:00:00,921.45,749.31,214.95
2022-01-27 11:00:00,966.85,649.69,204.47
2022-01-27 12:00:00,909.88,517.7,282.85
2022-01-27 13:00:00,822.53,419.82,332.15
2022-01-27 14:00:00,617.85,421.1,219.42
2022-01-27 15:00:00,552.33,361.73,287.72
2022-01-27 16:00:00,347.58,262.43,184.8
2022-01-27 17:00:00,160.7,188.71,102.78
2022-01-27 18:00:00,26.75,12.56,26.6
2022-01-28 06:00:00,73.38,25.61,66.02
2022-01-28 07:00:00,235.12,129.76,191.6
2022-01-28 08:00:00,426.1,229.81,260.08
2022-01-28 09:00:00,581.42,257.04,318.42
2022-01-28 10:00:00,712.65,294.23,342.99
2022-01-28 11:00:00,827.5,365.52,431.64
2022-01-28 12:00:00,865.85,368.82,373.11
2022-01-28 13:00:00,767.83,212.6,530.74
2022-01-28 14:00:00,688.95,340.96,349.33
2022-01-28 15:00:00,487.23,263.9,232.61
2022-01-28 16:00:00,310.92,115.36,214.73
2022-01-28 17:00:00,139.65,32.55,119.5
2022-01-28 18:00:00,21.55,2.13,21.63
2022-01-29 06:00:00,26.65,0.0,25.13
2022-01-29 07:00:00,69.2,0.0,58.81
2022-01-29 08:00:00,167.05,0.0,140.45
2022-01-29 09:00:00,269.02,0.0,223.25
2022-01-29 10:00:00,397.05,2.47,315.05
2022-01-29 11:00:00,441.25,18.99,329.48
2022-01-29 12:00:00,485.95,8.23,378.65
2022-01-29 13:00:00,378.73,0.96,297.28
2022-01-29 14:00:00,168.45,0.0,136.96
2022-01-29 15:00:00,116.07,0.0,93.83
2022-01-29 16:00:00,94.95,0.0,81.26
2022-01-29 17:00:00,53.1,0.0,45.6
2022-01-29 18:00:00,10.1,0.0,10.06
2022-01-30 06:00:00,19.58,0.0,18.46
2022-01-30 07:00:00,68.57,1.06,57.55
2022-01-30 08:00:00,120.8,0.69,101.48
2022-01-30 09:00:00,148.9,0.0,123.58
2022-01-30 10:00:00,226.85,32.64,170.54
2022-01-30 11:00:00,233.32,0.0,178.07
2022-01-30 12:00:00,513.05,3.57,400.77
2022-01-30 13:00:00,392.4,9.09,306.52
2022-01-30 14:00:00,180.98,18.37,144.56
2022-01-30 15:00:00,68.57,15.87,53.68
2022-01-30 16:00:00,109.2,0.0,93.46
2022-01-30 17:00:00,43.3,0.0,37.18
2022-01-30 18:00:00,7.25,0.0,7.22
2022-01-31 06:00:00,26.27,0.0,24.78
2022-01-31 07:00:00,72.62,0.0,61.04
2022-01-31 08:00:00,123.45,0.0,103.79
2022-01-31 09:00:00,221.4,0.0,183.75
2022-01-31 10:00:00,330.35,0.0,262.43
2022-01-31 11:00:00,475.65,2.48,362.46
2022-01-31 12:00:00,554.72,9.13,432.29
2022-01-31 13:00:00,501.4,51.51,335.56
2022-01-31 14:00:00,342.48,12.01,276.76
2022-01-31 15:00:00,141.75,8.1,113.61
2022-01-31 16:00:00,89.43,13.76,70.56
2022-01-31 17:00:00,49.9,2.68,42.68
2022-01-31 18:00:00,9.9,0.0,9.86
2022-02-01 06:00:00,39.97,1.02,37.69
2022-02-01 07:00:00,132.1,32.39,109.11
2022-02-01 08:00:00,229.05,0.0,192.58
2022-02-01 09:00:00,294.27,0.0,244.23
2022-02-01 10:00:00,465.77,9.23,368.67
2022-02-01 11:00:00,561.7,38.72,420.35
2022-02-01 12:00:00,327.5,20.09,231.34
2022-02-01 13:00:00,337.4,0.43,264.92
2022-02-01 14:00:00,365.52,0.14,297.17
2022-02-01 15:00:00,391.42,14.35,314.68
2022-02-01 16:00:00,248.6,1.98,212.55
2022-02-01 17:00:00,110.88,0.0,95.19
2022-02-01 18:00:00,17.27,0.0,17.2
2022-02-02 06:00:00,40.3,0.0,37.94
2022-02-02 07:00:00,127.38,0.0,107.05
2022-02-02 08:00:00,221.1,0.0,185.88
2022-02-02 09:00:00,305.65,25.96,250.62
2022-02-02 10:00:00,386.08,2.35,306.35
2022-02-02 11:00:00,368.23,0.09,281.01
2022-02-02 12:00:00,426.05,18.48,329.76
2022-02-02 13:00:00,360.55,0.11,283.16
2022-02-02 14:00:00,392.52,11.44,317.53
2022-02-02 15:00:00,310.83,47.63,245.55
2022-02-02 16:00:00,232.43,16.04,197.19
2022-02-02 17:00:00,116.45,15.82,99.12
2022-02-02 18:00:00,17.1,0.0,17.03
2022-02-03 06:00:00,62.62,19.68,50.55
2022-02-03 07:00:00,210.73,59.02,163.62
2022-02-03 08:00:00,392.6,118.76,298.88
2022-02-03 09:00:00,522.55,99.55,379.5
2022-02-03 10:00:00,550.88,93.2,424.2
2022-02-03 11:00:00,625.97,45.68,461.88
2022-02-03 12:00:00,600.1,59.1,418.72
2022-02-03 13:00:00,543.65,58.8,381.82
2022-02-03 14:00:00,509.77,120.26,309.97
2022-02-03 15:00:00,369.17,149.73,249.92
2022-02-03 16:00:00,241.07,138.33,159.14
2022-02-03 17:00:00,117.47,57.42,99.9
2022-02-03 18:00:00,16.12,8.21,18.2
2022-02-04 06:00:00,55.5,19.45,48.5
2022-02-04 07:00:00,191.32,29.94,155.63
2022-02-04 08:00:00,384.27,62.81,316.3
2022-02-04 09:00:00,561.1,284.9,446.44
2022-02-04 10:00:00,644.08,74.21,500.98
2022-02-04 11:00:00,722.7,67.27,537.1
2022-02-04 12:00:00,733.1,79.79,509.76
2022-02-04 13:00:00,758.0,141.97,545.73
2022-02-04 14:00:00,647.3,276.5,351.01
2022-02-04 15:00:00,493.75,321.63,257.47
2022-02-04 16:00:00,327.48,214.65,188.65
2022-02-04 17:00:00,148.77,122.48,113.68
2022-02-04 18:00:00,22.3,10.21,26.73
2022-02-05 06:00:00,39.45,1.03,37.12
2022-02-05 07:00:00,126.78,0.6,115.53
2022-02-05 08:00:00,255.02,17.87,211.09
2022-02-05 09:00:00,425.92,44.15,335.32
2022-02-05 10:00:00,522.95,91.76,355.05
2022-02-05 11:00:00,640.17,54.79,476.81
2022-02-05 12:00:00,773.7,201.84,517.2
2022-02-05 13:00:00,697.4,316.51,323.52
2022-02-05 14:00:00,580.65,382.0,236.57
2022-02-05 15:00:00,186.6,99.46,120.94
2022-02-05 16:00:00,90.8,78.6,57.06
2022-02-05 17:00:00,46.42,77.53,35.6
2022-02-05 18:00:00,6.97,0.0,7.27
2022-02-06 06:00:00,47.08,20.32,45.04
2022-02-06 07:00:00,166.2,21.24,138.34
2022-02-06 08:00:00,313.35,9.24,260.78
2022-02-06 09:00:00,489.05,57.79,413.46
2022-02-06 10:00:00,549.08,0.14,436.16
2022-02-06 11:00:00,659.4,2.67,502.68
2022-02-06 12:00:00,668.85,239.27,476.37
2022-02-06 13:00:00,642.7,36.09,497.54
2022-02-06 14:00:00,532.67,125.24,379.29
2022-02-06 15:00:00,335.38,68.85,262.88
2022-02-06 16:00:00,145.05,44.8,118.79
2022-02-06 17:00:00,75.93,30.94,62.79
2022-02-06 18:00:00,9.45,0.0,9.83
2022-02-07 06:00:00,21.12,0.0,19.75
2022-02-07 07:00:00,73.85,0.0,67.31
2022-02-07 08:00:00,122.85,0.0,102.65
2022-02-07 09:00:00,295.98,28.09,251.11
2022-02-07 10:00:00,503.4,61.53,391.08
2022-02-07 11:00:00,638.0,110.83,435.85
2022-02-07 12:00:00,656.22,154.12,443.14
2022-02-07 13:00:00,400.15,49.09,279.44
2022-02-07 14:00:00,167.48,2.03,135.88
2022-02-07 15:00:00,115.55,0.0,93.38
2022-02-07 16:00:00,80.1,0.0,69.65
2022-02-07 17:00:00,49.3,0.0,41.74
2022-02-07 18:00:00,9.38,0.0,9.78
2022-02-08 06:00:00,48.72,8.6,51.63
2022-02-08 07:00:00,185.7,201.21,127.65
2022-02-08 08:00:00,375.08,341.67,169.88
2022-02-08 09:00:00,523.4,387.15,175.26
2022-02-08 10:00:00,577.35,117.65,371.33
2022-02-08 11:00:00,802.67,358.14,315.88
2022-02-08 12:00:00,648.58,200.87,389.45
2022-02-08 13:00:00,591.25,173.85,334.05
2022-02-08 14:00:00,496.1,118.89,298.79
2022-02-08 15:00:00,395.62,155.75,239.03
2022-02-08 16:00:00,237.12,115.58,168.74
2022-02-08 17:00:00,112.4,32.9,90.24
2022-02-08 18:00:00,15.57,2.68,15.35
2022-02-09 06:00:00,40.75,50.78,39.11
2022-02-09 07:00:00,149.5,152.61,116.86
2022-02-09 08:00:00,282.23,228.49,150.93
2022-02-09 09:00:00,353.73,142.26,236.45
2022-02-09 10:00:00,386.77,29.33,275.68
2022-02-09 11:00:00,435.42,32.96,332.36
2022-02-09 12:00:00,432.02,57.39,296.94
2022-02-09 13:00:00,494.35,195.99,308.16
2022-02-09 14:00:00,582.4,439.96,210.92
2022-02-09 15:00:00,562.47,402.44,222.65
2022-02-09 16:00:00,379.42,546.43,114.45
2022-02-09 17:00:00,174.57,430.63,61.71
2022-02-09 18:00:00,22.75,74.73,19.29
2022-02-10 06:00:00,49.2,20.84,40.3
2022-02-10 07:00:00,172.43,93.71,140.68
2022-02-10 08:00:00,325.2,183.3,223.57
2022-02-10 09:00:00,487.02,232.51,300.24
2022-02-10 10:00:00,541.9,149.65,370.09
2022-02-10 11:00:00,576.4,115.81,395.15
2022-02-10 12:00:00,679.35,203.73,425.7
2022-02-10 13:00:00,737.42,286.03,419.76
2022-02-10 14:00:00,629.28,391.09,310.11
2022-02-10 15:00:00,315.2,21.1,254.67
2022-02-10 16:00:00,88.3,156.65,40.34
2022-02-10 17:00:00,73.28,37.02,56.54
2022-02-10 18:00:00,10.93,0.0,11.39
2022-02-11 06:00:00,38.6,9.14,34.5
2022-02-11 07:00:00,154.15,44.29,150.14
2022-02-11 08:00:00,294.58,105.67,213.22
2022-02-11 09:00:00,434.75,256.17,247.21
2022-02-11 10:00:00,605.17,205.02,357.82
2022-02-11 11:00:00,672.15,174.63,390.78
2022-02-11 12:00:00,709.2,189.35,473.91
2022-02-11 13:00:00,657.03,230.2,368.05
2022-02-11 14:00:00,575.55,185.07,352.19
2022-02-11 15:00:00,447.35,232.54,257.82
2022-02-11 16:00:00,288.23,126.4,227.84
2022-02-11 17:00:00,130.43,37.37,112.57
2022-02-11 18:00:00,15.3,2.09,18.18
2022-02-12 06:00:00,44.78,42.65,42.57
2022-02-12 07:00:00,163.95,137.24,143.31
2022-02-12 08:00:00,312.75,255.67,156.85
2022-02-12 09:00:00,444.75,179.94,305.7
2022-02-12 10:00:00,673.35,474.35,267.46
2022-02-12 11:00:00,813.55,361.7,396.7
2022-02-12 12:00:00,843.55,442.47,309.63
2022-02-12 13:00:00,804.78,441.68,346.71
2022-02-12 14:00:00,724.03,510.03,248.19
2022-02-12 15:00:00,594.75,504.67,227.6
2022-02-12 16:00:00,404.48,459.02,153.48
2022-02-12 17:00:00,189.65,371.29,76.39
2022-02-12 18:00:00,23.38,55.6,19.02
2022-02-13 06:00:00,45.35,47.83,37.72
2022-02-13 07:00:00,172.85,138.59,131.97
2022-02-13 08:00:00,335.67,377.39,170.59
2022-02-13 09:00:00,570.47,279.89,381.12
2022-02-13 10:00:00,599.6,501.38,236.04
2022-02-13 11:00:00,815.75,342.55,375.31
2022-02-13 12:00:00,917.17,560.9,331.25
2022-02-13 13:00:00,846.45,403.28,441.5
2022-02-13 14:00:00,767.88,562.4,254.34
2022-02-13 15:00:00,597.6,537.37,224.94
2022-02-13 16:00:00,392.38,514.89,112.62
2022-02-13 17:00:00,179.98,450.69,70.48
2022-02-13 18:00:00,21.27,62.91,17.58
2022-02-14 06:00:00,53.78,112.08,39.88
2022-02-14 07:00:00,187.1,353.2,90.98
2022-02-14 08:00:00,340.92,185.02,227.19
2022-02-14 09:00:00,502.65,195.27,310.16
2022-02-14 10:00:00,730.95,218.59,448.43
2022-02-14 11:00:00,845.53,597.89,326.62
2022-02-14 12:00:00,820.05,376.24,359.37
2022-02-14 13:00:00,663.88,358.14,267.46
2022-02-14 14:00:00,585.12,353.9,252.12
2022-02-14 15:00:00,489.35,378.84,217.53
2022-02-14 16:00:00,324.02,410.28,156.83
2022-02-14 17:00:00,160.3,227.21,86.17
2022-02-14 18:00:00,21.23,54.0,17.8
2022-02-15 06:00:00,66.75,135.94,37.01
2022-02-15 07:00:00,271.17,414.37,114.33
2022-02-15 08:00:00,483.38,552.45,146.73
2022-02-15 09:00:00,715.2,759.13,133.52
2022-02-15 10:00:00,828.88,649.21,285.78
2022-02-15 11:00:00,872.28,459.92,313.94
2022-02-15 12:00:00,815.97,419.61,304.31
2022-02-15 13:00:00,774.67,402.24,340.39
2022-02-15 14:00:00,581.25,332.23,282.86
2022-02-15 15:00:00,396.52,221.41,226.97
2022-02-15 16:00:00,244.27,117.04,191.98
2022-02-15 17:00:00,108.72,51.49,83.75
2022-02-15 18:00:00,12.32,6.47,13.05
2022-02-16 06:00:00,67.15,161.48,41.19
2022-02-16 07:00:00,288.05,513.62,101.07
2022-02-16 08:00:00,531.03,701.49,144.33
2022-02-16 09:00:00,723.33,633.62,220.51
2022-02-16 10:00:00,866.62,503.83,348.3
2022-02-16 11:00:00,967.35,709.06,263.84
2022-02-16 12:00:00,963.58,709.99,222.06
2022-02-16 13:00:00,869.85,561.88,286.24
2022-02-16 14:00:00,721.1,530.66,238.73
2022-02-16 15:00:00,505.83,382.14,251.81
2022-02-16 16:00:00,304.77,302.83,158.16
2022-02-16 17:00:00,130.2,101.73,90.67
2022-02-16 18:00:00,13.8,10.46,15.09
2022-02-17 06:00:00,46.75,43.1,41.52
2022-02-17 07:00:00,193.6,122.99,144.99
2022-02-17 08:00:00,382.88,334.36,195.55
2022-02-17 09:00:00,688.6,600.65,188.43
2022-02-17 10:00:00,817.55,519.42,302.31
2022-02-17 11:00:00,796.65,206.32,437.54
2022-02-17 12:00:00,866.55,336.99,485.23
2022-02-17 13:00:00,690.53,449.98,294.35
2022-02-17 14:00:00,501.27,270.42,289.38
2022-02-17 15:00:00,415.1,289.33,243.86
2022-02-17 16:00:00,255.18,195.54,169.28
2022-02-17 17:00:00,113.15,92.71,81.17
2022-02-17 18:00:00,11.4,12.94,13.27
2022-02-18 06:00:00,32.5,3.85,30.05
2022-02-18 07:00:00,133.0,0.0,126.79
2022-02-18 08:00:00,280.33,0.75,249.82
2022-02-18 09:00:00,469.95,33.74,378.95
2022-02-18 10:00:00,600.7,80.25,465.56
2022-02-18 11:00:00,734.9,123.06,546.08
2022-02-18 12:00:00,701.2,139.3,539.41
2022-02-18 13:00:00,472.83,10.65,386.96
2022-02-18 14:00:00,219.98,8.99,170.3
2022-02-18 15:00:00,161.73,0.65,133.11
2022-02-18 16:00:00,130.23,1.1,105.76
2022-02-18 17:00:00,67.68,9.12,60.16
2022-02-18 18:00:00,8.65,2.28,9.6
2022-02-19 06:00:00,48.5,10.32,54.23
2022-02-19 07:00:00,194.32,72.27,163.03
2022-02-19 08:00:00,363.95,73.43,290.42
2022-02-19 09:00:00,502.2,94.26,392.63
2022-02-19 10:00:00,602.97,312.84,328.54
2022-02-19 11:00:00,698.8,305.28,343.92
2022-02-19 12:00:00,627.67,144.58,409.92
2022-02-19 13:00:00,480.45,42.97,386.4
2022-02-19 14:00:00,437.73,30.79,336.78
2022-02-19 15:00:00,318.33,0.33,262.13
2022-02-19 16:00:00,199.5,0.0,159.72
2022-02-19 17:00:00,90.82,0.0,73.97
2022-02-19 18:00:00,10.57,0.0,10.65
2022-02-20 06:00:00,37.58,17.3,35.62
2022-02-20 07:00:00,171.68,74.44,126.39
2022-02-20 08:00:00,323.62,49.44,256.59
2022-02-20 09:00:00,464.35,63.92,369.46
2022-02-20 10:00:00,615.45,135.68,388.53
2022-02-20 11:00:00,734.33,177.71,467.04
2022-02-20 12:00:00,791.38,325.92,432.89
2022-02-20 13:00:00,791.3,291.55,479.2
2022-02-20 14:00:00,715.17,517.83,271.5
2022-02-20 15:00:00,567.5,444.24,259.53
2022-02-20 16:00:00,356.0,325.74,218.12
2022-02-20 17:00:00,153.6,155.13,121.6
2022-02-20 18:00:00,15.93,13.12,21.32
2022-02-21 06:00:00,47.15,63.06,40.39
2022-02-21 07:00:00,202.73,202.7,128.76
2022-02-21 08:00:00,407.4,391.16,188.11
2022-02-21 09:00:00,464.45,278.1,309.35
2022-02-21 10:00:00,630.47,245.58,382.81
2022-02-21 11:00:00,815.42,320.68,419.85
2022-02-21 12:00:00,897.45,436.36,399.5
2022-02-21 13:00:00,826.7,504.19,311.13
2022-02-21 14:00:00,679.5,419.56,269.96
2022-02-21 15:00:00,466.5,414.05,207.29
2022-02-21 16:00:00,297.52,268.78,178.9
2022-02-21 17:00:00,132.52,200.97,83.01
2022-02-21 18:00:00,13.1,36.48,15.02
2022-02-22 06:00:00,60.3,199.81,33.6
2022-02-22 07:00:00,268.58,505.33,89.74
2022-02-22 08:00:00,488.1,616.4,126.42
2022-02-22 09:00:00,701.03,617.46,210.24
2022-02-22 10:00:00,850.67,703.66,201.06
2022-02-22 11:00:00,932.12,819.46,149.19
2022-02-22 12:00:00,916.35,731.81,226.83
2022-02-22 13:00:00,771.03,478.89,286.42
2022-02-22 14:00:00,691.97,608.4,162.22
2022-02-22 15:00:00,616.8,519.79,198.85
2022-02-22 16:00:00,394.08,563.46,117.31
2022-02-22 17:00:00,176.75,406.26,74.81
2022-02-22 18:00:00,15.73,43.26,14.34
2022-02-23 06:00:00,53.58,123.7,38.95
2022-02-23 07:00:00,261.35,431.13,118.93
2022-02-23 08:00:00,493.05,576.28,155.92
2022-02-23 09:00:00,730.78,699.85,202.27
2022-02-23 10:00:00,900.28,838.03,133.35
2022-02-23 11:00:00,974.9,723.23,231.92
2022-02-23 12:00:00,976.67,655.2,207.61
2022-02-23 13:00:00,822.9,663.61,234.54
2022-02-23 14:00:00,719.75,601.16,192.63
2022-02-23 15:00:00,587.58,526.42,231.75
2022-02-23 16:00:00,372.0,366.94,221.85
2022-02-23 17:00:00,163.07,171.87,120.83
2022-02-23 18:00:00,13.73,35.44,15.42
2022-02-24 06:00:00,57.4,159.17,34.94
2022-02-24 07:00:00,279.65,539.57,82.02
2022-02-24 08:00:00,518.2,680.45,119.59
2022-02-24 09:00:00,738.45,777.26,142.26
2022-02-24 10:00:00,891.38,806.17,148.69
2022-02-24 11:00:00,956.6,760.21,213.24
2022-02-24 12:00:00,946.97,600.32,265.23
2022-02-24 13:00:00,841.67,513.44,364.92
2022-02-24 14:00:00,531.53,273.91,268.34
2022-02-24 15:00:00,467.4,383.77,218.94
2022-02-24 16:00:00,281.55,237.51,168.42
2022-02-24 17:00:00,117.3,85.52,90.91
2022-02-24 18:00:00,9.85,6.74,13.47
2022-02-25 06:00:00,54.22,137.9,34.99
2022-02-25 07:00:00,272.9,514.06,86.55
2022-02-25 08:00:00,511.1,658.68,127.45
2022-02-25 09:00:00,712.9,668.84,187.42
2022-02-25 10:00:00,874.25,583.34,288.5
2022-02-25 11:00:00,942.6,679.84,233.4
2022-02-25 12:00:00,937.22,689.27,255.2
2022-02-25 13:00:00,808.2,733.96,161.34
2022-02-25 14:00:00,766.62,701.64,200.72
2022-02-25 15:00:00,507.75,417.26,211.65
2022-02-25 16:00:00,326.33,282.43,191.87
2022-02-25 17:00:00,146.95,250.6,84.86
2022-02-25 18:00:00,12.85,22.4,14.47
2022-02-26 06:00:00,49.25,86.39,34.16
2022-02-26 07:00:00,253.25,378.35,118.89
2022-02-26 08:00:00,488.0,581.37,151.28
2022-02-26 09:00:00,671.78,448.46,229.83
2022-02-26 10:00:00,853.88,519.92,316.1
2022-02-26 11:00:00,897.22,576.69,265.47
2022-02-26 12:00:00,942.47,707.41,252.75
2022-02-26 13:00:00,864.9,637.59,277.38
2022-02-26 14:00:00,697.65,457.96,313.55
2022-02-26 15:00:00,486.6,421.94,218.63
2022-02-26 16:00:00,316.0,373.37,141.87
2022-02-26 17:00:00,144.12,248.67,92.59
2022-02-26 18:00:00,12.27,21.69,11.75
2022-02-27 06:00:00,53.2,157.29,31.43
2022-02-27 07:00:00,274.88,569.0,77.04
2022-02-27 08:00:00,521.1,711.26,121.73
2022-02-27 09:00:00,740.03,778.74,149.11
2022-02-27 10:00:00,889.33,755.21,209.95
2022-02-27 11:00:00,991.72,791.86,182.13
2022-02-27 12:00:00,981.47,664.13,283.95
2022-02-27 13:00:00,886.15,611.38,281.5
2022-02-27 14:00:00,768.92,660.74,220.45
2022-02-27 15:00:00,608.17,687.92,148.85
2022-02-27 16:00:00,382.17,596.05,93.22
2022-02-27 17:00:00,165.12,362.51,67.87
2022-02-27 18:00:00,11.88,26.78,10.34
2022-02-28 06:00:00,48.2,97.4,33.6
2022-02-28 07:00:00,250.52,384.71,124.0
2022-02-28 08:00:00,476.73,493.9,175.58
2022-02-28 09:00:00,646.55,1048.02,237.28
2022-02-28 10:00:00,830.45,600.8,329.08
2022-02-28 11:00:00,924.47,555.46,333.24
2022-02-28 12:00:00,921.92,445.52,343.05
2022-02-28 13:00:00,891.2,589.59,262.49
2022-02-28 14:00:00,706.5,626.56,157.0
2022-02-28 15:00:00,601.95,530.13,213.24
2022-02-28 16:00:00,368.05,586.74,104.07
2022-02-28 17:00:00,157.05,383.92,55.61
2022-02-28 18:00:00,10.65,35.09,11.26
2022-03-01 06:00:00,38.85,54.67,33.61
2022-03-01 07:00:00,217.48,284.59,133.13
2022-03-01 08:00:00,432.27,530.59,203.37
2022-03-01 09:00:00,661.0,732.0,160.75
2022-03-01 10:00:00,794.35,782.75,145.42
2022-03-01 11:00:00,975.17,827.11,171.98
2022-03-01 12:00:00,978.2,697.97,237.86
2022-03-01 13:00:00,864.15,504.74,320.26
2022-03-01 14:00:00,749.53,609.27,226.75
2022-03-01 15:00:00,585.67,648.47,164.44
2022-03-01 16:00:00,369.25,441.32,151.6
2022-03-01 17:00:00,153.35,443.52,68.07
2022-03-01 18:00:00,10.88,24.82,13.91
2022-03-02 06:00:00,54.8,232.19,28.23
2022-03-02 07:00:00,282.88,664.52,59.75
2022-03-02 08:00:00,527.75,784.98,100.89
2022-03-02 09:00:00,739.67,851.51,104.61
2022-03-02 10:00:00,906.15,892.72,105.33
2022-03-02 11:00:00,1003.17,886.85,110.82
2022-03-02 12:00:00,995.65,728.72,242.83
2022-03-02 13:00:00,862.03,766.85,134.38
2022-03-02 14:00:00,805.25,770.83,175.88
2022-03-02 15:00:00,634.72,736.34,144.1
2022-03-02 16:00:00,402.55,611.08,99.12
2022-03-02 17:00:00,172.0,421.45,57.54
2022-03-02 18:00:00,11.05,34.22,10.01
2022-03-03 06:00:00,44.35,92.1,29.3
2022-03-03 07:00:00,247.93,427.73,105.49
2022-03-03 08:00:00,485.9,583.71,153.9
2022-03-03 09:00:00,713.45,725.07,159.71
2022-03-03 10:00:00,850.83,792.98,144.38
2022-03-03 11:00:00,920.5,650.49,240.96
2022-03-03 12:00:00,954.1,686.78,243.3
2022-03-03 13:00:00,882.22,511.17,330.99
2022-03-03 14:00:00,661.08,696.42,155.14
2022-03-03 15:00:00,580.0,633.5,166.25
2022-03-03 16:00:00,373.2,586.91,100.33
2022-03-03 17:00:00,158.85,426.77,56.49
2022-03-03 18:00:00,10.55,47.43,9.34
2022-03-04 06:00:00,45.08,79.41,32.16
2022-03-04 07:00:00,250.2,379.21,126.87
2022-03-04 08:00:00,484.95,533.03,213.57
2022-03-04 09:00:00,708.28,648.84,230.89
2022-03-04 10:00:00,859.33,588.34,307.83
2022-03-04 11:00:00,969.03,790.0,194.26
2022-03-04 12:00:00,959.6,729.37,247.9
2022-03-04 13:00:00,821.1,588.76,224.6
2022-03-04 14:00:00,767.7,652.17,230.18
2022-03-04 15:00:00,576.42,652.38,158.98
2022-03-04 16:00:00,365.58,604.36,107.41
2022-03-04 17:00:00,151.3,315.95,70.69
2022-03-04 18:00:00,9.27,34.91,9.36
2022-03-05 06:00:00,42.05,98.88,28.23
2022-03-05 07:00:00,238.6,305.22,156.9
2022-03-05 08:00:00,470.9,451.39,210.53
2022-03-05 09:00:00,662.58,680.6,155.77
2022-03-05 10:00:00,838.42,629.4,217.1
2022-03-05 11:00:00,874.45,480.6,320.88
2022-03-05 12:00:00,916.17,501.47,358.06
2022-03-05 13:00:00,795.28,410.56,357.31
2022-03-05 14:00:00,570.25,295.59,299.35
2022-03-05 15:00:00,456.17,426.09,201.32
2022-03-05 16:00:00,301.35,352.74,148.45
2022-03-05 17:00:00,131.02,287.95,67.95
2022-03-05 18:00:00,8.52,37.0,9.05
2022-03-06 06:00:00,36.58,78.66,35.01
2022-03-06 07:00:00,213.4,257.47,144.63
2022-03-06 08:00:00,433.23,536.78,159.16
2022-03-06 09:00:00,674.78,524.37,239.17
2022-03-06 10:00:00,837.55,708.23,207.6
2022-03-06 11:00:00,973.92,817.59,162.33
2022-03-06 12:00:00,979.22,719.03,231.27
2022-03-06 13:00:00,841.62,696.69,234.15
2022-03-06 14:00:00,747.0,561.6,280.51
2022-03-06 15:00:00,536.25,465.29,198.99
2022-03-06 16:00:00,317.95,550.54,86.99
2022-03-06 17:00:00,125.78,397.37,84.53
2022-03-06 18:00:00,7.15,20.84,8.84
2022-03-07 06:00:00,49.1,187.67,25.7
2022-03-07 07:00:00,273.77,624.74,63.34
2022-03-07 08:00:00,519.28,768.44,95.92
2022-03-07 09:00:00,732.28,834.1,112.24
2022-03-07 10:00:00,893.05,866.69,123.32
2022-03-07 11:00:00,986.28,842.74,154.1
2022-03-07 12:00:00,966.03,758.04,216.41
2022-03-07 13:00:00,876.25,665.95,268.34
2022-03-07 14:00:00,637.72,651.49,126.2
2022-03-07 15:00:00,552.17,593.89,178.38
2022-03-07 16:00:00,346.23,474.7,108.24
2022-03-07 17:00:00,138.27,409.26,50.63
2022-03-07 18:00:00,7.5,38.46,6.86
2022-03-08 06:00:00,34.38,98.11,26.69
2022-03-08 07:00:00,210.95,271.27,123.61
2022-03-08 08:00:00,431.2,517.4,149.4
2022-03-08 09:00:00,643.38,589.69,197.42
2022-03-08 10:00:00,807.0,735.45,166.31
2022-03-08 11:00:00,928.35,513.99,320.99
2022-03-08 12:00:00,910.17,543.21,315.82
2022-03-08 13:00:00,781.53,730.79,217.22
2022-03-08 14:00:00,668.05,503.78,230.39
2022-03-08 15:00:00,483.8,457.39,227.11
2022-03-08 16:00:00,282.73,382.81,122.08
2022-03-08 17:00:00,114.0,280.56,62.99
2022-03-08 18:00:00,5.97,10.81,7.6
2022-03-09 06:00:00,16.05,31.58,17.19
2022-03-09 07:00:00,98.62,62.94,74.99
2022-03-09 08:00:00,190.45,171.4,106.02
2022-03-09 09:00:00,471.2,316.8,184.82
2022-03-09 10:00:00,617.8,468.32,213.79
2022-03-09 11:00:00,750.67,531.1,242.48
2022-03-09 12:00:00,722.88,376.34,271.47
2022-03-09 13:00:00,685.38,494.58,267.75
2022-03-09 14:00:00,563.0,618.2,132.43
2022-03-09 15:00:00,507.15,389.23,219.0
2022-03-09 16:00:00,310.55,456.09,107.29
2022-03-09 17:00:00,122.9,313.49,52.14
2022-03-09 18:00:00,5.97,11.55,7.4
2022-03-10 06:00:00,38.15,80.03,28.04
2022-03-10 07:00:00,235.5,424.78,91.14
2022-03-10 08:00:00,476.08,585.71,152.78
2022-03-10 09:00:00,692.78,648.66,198.83
2022-03-10 10:00:00,803.33,786.18,152.31
2022-03-10 11:00:00,865.0,551.61,287.4
2022-03-10 12:00:00,832.33,519.91,319.69
2022-03-10 13:00:00,716.9,496.71,246.0
2022-03-10 14:00:00,649.75,378.14,311.34
2022-03-10 15:00:00,359.77,259.02,188.6
2022-03-10 16:00:00,215.1,128.6,159.86
2022-03-10 17:00:00,78.6,123.43,59.87
2022-03-10 18:00:00,3.7,3.05,5.16
2022-03-11 06:00:00,31.38,13.82,28.82
2022-03-11 07:00:00,185.5,88.41,148.54
2022-03-11 08:00:00,363.8,211.81,211.7
2022-03-11 09:00:00,590.78,295.2,343.22
2022-03-11 10:00:00,729.72,584.37,440.81
2022-03-11 11:00:00,756.35,218.68,477.32
2022-03-11 12:00:00,770.6,299.9,438.42
2022-03-11 13:00:00,668.0,185.74,440.23
2022-03-11 14:00:00,520.12,187.2,364.51
2022-03-11 15:00:00,374.52,202.24,213.18
2022-03-11 16:00:00,216.35,107.89,182.45
2022-03-11 17:00:00,84.03,135.44,62.93
2022-03-11 18:00:00,3.35,0.0,4.48
2022-03-12 06:00:00,14.35,0.0,14.38
2022-03-12 07:00:00,102.07,32.36,81.33
2022-03-12 08:00:00,227.68,5.21,200.94
2022-03-12 09:00:00,327.52,26.9,274.72
2022-03-12 10:00:00,401.23,12.25,316.21
2022-03-12 11:00:00,734.28,378.11,396.31
2022-03-12 12:00:00,767.7,214.38,499.44
2022-03-12 13:00:00,656.25,293.73,454.38
2022-03-12 14:00:00,526.8,82.41,386.79
2022-03-12 15:00:00,408.95,286.12,242.09
2022-03-12 16:00:00,229.6,104.34,172.94
2022-03-12 17:00:00,81.57,94.31,65.39
2022-03-12 18:00:00,2.67,0.0,3.35
2022-03-13 06:00:00,23.38,0.0,23.42
2022-03-13 07:00:00,149.45,39.0,116.45
2022-03-13 08:00:00,308.52,61.03,266.6
2022-03-13 09:00:00,516.0,191.24,346.69
2022-03-13 10:00:00,653.67,277.84,392.33
2022-03-13 11:00:00,738.78,203.14,474.48
2022-03-13 12:00:00,808.85,281.68,454.24
2022-03-13 13:00:00,744.62,624.73,303.06
2022-03-13 14:00:00,573.53,245.58,345.6
2022-03-13 15:00:00,332.35,107.52,244.83
2022-03-13 16:00:00,194.95,58.89,162.37
2022-03-13 17:00:00,72.18,61.54,62.01
2022-03-13 18:00:00,3.08,0.0,4.46
2022-03-14 06:00:00,24.05,2.67,23.9
2022-03-14 07:00:00,138.65,84.25,116.44
2022-03-14 08:00:00,265.3,90.17,204.73
2022-03-14 09:00:00,425.77,148.06,283.55
2022-03-14 10:00:00,542.55,143.0,347.56
2022-03-14 11:00:00,670.38,136.78,426.5
2022-03-14 12:00:00,623.58,86.28,438.4
2022-03-14 13:00:00,523.58,149.69,317.59
2022-03-14 14:00:00,260.12,42.27,192.18
2022-03-14 15:00:00,277.7,39.69,213.07
2022-03-14 16:00:00,172.45,30.82,147.42
2022-03-14 17:00:00,67.6,12.54,58.44
2022-03-14 18:00:00,2.4,0.0,2.95
2022-03-15 06:00:00,28.02,18.8,30.19
2022-03-15 07:00:00,171.32,130.83,120.39
2022-03-15 08:00:00,362.6,329.23,177.02
2022-03-15 09:00:00,590.2,458.59,222.64
2022-03-15 10:00:00,617.8,574.21,195.14
2022-03-15 11:00:00,715.15,252.24,435.95
2022-03-15 12:00:00,787.25,217.67,501.9
2022-03-15 13:00:00,676.83,461.51,342.12
2022-03-15 14:00:00,513.92,204.95,323.94
2022-03-15 15:00:00,342.35,166.65,238.0
2022-03-15 16:00:00,204.62,57.19,172.65
2022-03-15 17:00:00,61.2,41.48,48.38
2022-03-15 18:00:00,1.98,0.0,2.64
2022-03-16 06:00:00,32.03,91.05,23.4
2022-03-16 07:00:00,213.3,416.05,79.7
2022-03-16 08:00:00,453.83,612.34,124.12
2022-03-16 09:00:00,630.97,540.73,216.6
2022-03-16 10:00:00,742.92,615.58,205.98
2022-03-16 11:00:00,819.25,605.65,226.52
2022-03-16 12:00:00,823.3,569.44,250.19
2022-03-16 13:00:00,748.12,462.85,292.37
2022-03-16 14:00:00,572.6,481.8,165.37
2022-03-16 15:00:00,530.1,602.33,178.63
2022-03-16 16:00:00,313.55,406.88,156.58
2022-03-16 17:00:00,113.6,129.99,67.18
2022-03-17 06:00:00,34.72,52.34,32.42
2022-03-17 07:00:00,211.27,227.65,128.16
2022-03-17 08:00:00,424.1,553.37,168.17
2022-03-17 09:00:00,554.35,469.65,225.91
2022-03-17 10:00:00,596.12,401.36,250.27
2022-03-17 11:00:00,837.03,601.54,237.72
2022-03-17 12:00:00,861.08,573.18,240.21
2022-03-17 13:00:00,820.08,487.42,345.45
2022-03-17 14:00:00,693.2,530.94,252.36
2022-03-17 15:00:00,526.62,514.17,174.57
2022-03-17 16:00:00,310.2,558.92,95.53
2022-03-17 17:00:00,114.0,264.18,54.96
2022-03-18 06:00:00,39.0,147.93,22.39
2022-03-18 07:00:00,252.8,599.82,61.62
2022-03-18 08:00:00,487.98,715.77,102.43
2022-03-18 09:00:00,692.3,775.8,126.89
2022-03-18 10:00:00,818.72,687.92,189.98
2022-03-18 11:00:00,910.85,689.14,230.78
2022-03-18 12:00:00,828.28,714.09,139.64
2022-03-18 13:00:00,734.58,677.16,135.56
2022-03-18 14:00:00,672.58,538.37,202.74
2022-03-18 15:00:00,487.55,595.27,120.21
2022-03-18 16:00:00,303.27,555.04,92.23
2022-03-18 17:00:00,112.15,324.67,48.32
2022-03-19 06:00:00,27.83,18.14,30.04
2022-03-19 07:00:00,191.4,177.59,146.19
2022-03-19 08:00:00,410.2,583.72,250.0
2022-03-19 09:00:00,625.65,545.86,267.78
2022-03-19 10:00:00,816.22,766.3,280.36
2022-03-19 11:00:00,820.3,610.79,311.91
2022-03-19 12:00:00,774.4,421.55,362.25
2022-03-19 13:00:00,720.35,391.93,351.02
2022-03-19 14:00:00,630.47,731.35,366.59
2022-03-19 15:00:00,438.58,305.29,267.19
2022-03-19 16:00:00,245.45,123.3,199.86
2022-03-19 17:00:00,84.07,35.74,69.57
2022-03-20 06:00:00,16.2,10.29,18.18
2022-03-20 07:00:00,103.18,45.17,80.34
2022-03-20 08:00:00,202.52,57.44,144.65
2022-03-20 09:00:00,334.5,194.85,189.04
2022-03-20 10:00:00,433.33,137.36,269.83
2022-03-20 11:00:00,471.48,72.85,307.07
2022-03-20 12:00:00,546.88,105.05,386.82
2022-03-20 13:00:00,422.12,192.45,244.06
2022-03-20 14:00:00,302.1,33.28,246.78
2022-03-20 15:00:00,187.8,28.15,152.24
2022-03-20 16:00:00,116.12,8.28,101.08
2022-03-20 17:00:00,45.35,46.23,38.87
2022-03-21 06:00:00,22.15,47.09,21.68
2022-03-21 07:00:00,147.88,203.2,111.39
2022-03-21 08:00:00,299.75,180.62,228.53
2022-03-21 09:00:00,518.75,419.56,316.87
2022-03-21 10:00:00,660.08,327.18,325.12
2022-03-21 11:00:00,812.92,605.32,271.44
2022-03-21 12:00:00,794.7,356.33,405.19
2022-03-21 13:00:00,637.78,173.48,381.34
2022-03-21 14:00:00,510.4,250.53,346.07
2022-03-21 15:00:00,385.7,275.43,234.03
2022-03-21 16:00:00,202.2,409.25,86.38
2022-03-21 17:00:00,72.45,169.57,60.48
2022-03-22 06:00:00,37.22,139.36,22.62
2022-03-22 07:00:00,247.15,541.61,75.09
2022-03-22 08:00:00,488.83,722.19,102.9
2022-03-22 09:00:00,700.78,797.26,124.74
2022-03-22 10:00:00,863.22,876.41,112.71
2022-03-22 11:00:00,952.75,887.27,118.79
2022-03-22 12:00:00,985.8,971.37,76.91
2022-03-22 13:00:00,917.17,814.57,134.72
2022-03-22 14:00:00,732.35,807.48,121.72
2022-03-22 15:00:00,568.22,716.69,121.52
2022-03-22 16:00:00,344.27,654.27,84.99
2022-03-22 17:00:00,121.05,436.86,38.97
2022-03-23 06:00:00,24.67,36.99,20.01
2022-03-23 07:00:00,170.27,220.15,100.13
2022-03-23 08:00:00,357.42,260.49,207.08
2022-03-23 09:00:00,514.12,290.07,267.29
2022-03-23 10:00:00,661.17,373.37,290.09
2022-03-23 11:00:00,775.12,489.55,306.48
2022-03-23 12:00:00,815.22,406.34,369.22
2022-03-23 13:00:00,796.42,512.02,317.72
2022-03-23 14:00:00,694.1,733.4,172.32
2022-03-23 15:00:00,536.17,657.77,131.26
2022-03-23 16:00:00,329.5,637.09,74.55
2022-03-23 17:00:00,113.2,354.25,44.56
2022-03-24 06:00:00,33.15,131.65,23.71
2022-03-24 07:00:00,218.02,446.14,94.87
2022-03-24 08:00:00,432.12,487.25,176.24
2022-03-24 09:00:00,606.0,496.44,213.32
2022-03-24 10:00:00,739.88,422.69,292.25
2022-03-24 11:00:00,931.5,787.15,207.55
2022-03-24 12:00:00,948.6,818.46,155.99
2022-03-24 13:00:00,883.75,743.38,182.68
2022-03-24 14:00:00,678.4,613.73,201.34
2022-03-24 15:00:00,528.22,692.53,129.9
2022-03-24 16:00:00,319.1,678.08,67.17
2022-03-24 17:00:00,106.78,373.04,45.06
2022-03-25 06:00:00,29.9,69.45,30.84
2022-03-25 07:00:00,212.1,427.6,124.78
2022-03-25 08:00:00,425.77,761.45,203.18
2022-03-25 09:00:00,660.12,515.75,232.77
2022-03-25 10:00:00,801.85,603.51,257.38
2022-03-25 11:00:00,836.97,485.72,355.9
2022-03-25 12:00:00,799.78,589.03,239.2
2022-03-25 13:00:00,704.42,660.69,158.17
2022-03-25 14:00:00,591.5,710.75,135.23
2022-03-25 15:00:00,483.12,481.43,188.99
2022-03-25 16:00:00,251.95,454.29,97.58
2022-03-25 17:00:00,76.07,195.59,44.38
2022-03-26 06:00:00,23.5,16.21,26.51
2022-03-26 07:00:00,149.12,96.75,135.61
2022-03-26 08:00:00,297.67,172.51,184.43
2022-03-26 09:00:00,454.2,270.45,277.74
2022-03-26 10:00:00,636.1,543.45,235.11
2022-03-26 11:00:00,725.58,366.43,332.75
2022-03-26 12:00:00,719.25,260.44,393.91
2022-03-26 13:00:00,609.42,205.73,392.81
2022-03-26 14:00:00,369.27,338.29,198.61
2022-03-26 15:00:00,81.72,36.52,63.38
2022-03-26 16:00:00,65.7,1.27,55.76
2022-03-26 17:00:00,4.97,0.0,4.69
2022-03-27 06:00:00,19.7,7.56,23.97
2022-03-27 07:00:00,159.62,113.98,146.68
2022-03-27 08:00:00,330.08,317.51,175.01
2022-03-27 09:00:00,484.98,386.35,228.91
2022-03-27 10:00:00,630.95,413.31,312.53
2022-03-27 11:00:00,683.17,267.4,405.78
2022-03-27 12:00:00,718.05,425.4,305.09
2022-03-27 13:00:00,626.45,276.25,315.47
2022-03-27 14:00:00,484.85,341.3,225.34
2022-03-27 15:00:00,258.0,114.56,187.3
2022-03-27 16:00:00,152.45,37.03,122.18
2022-03-27 17:00:00,48.45,22.68,44.32
2022-03-28 06:00:00,21.48,7.72,21.67
2022-03-28 07:00:00,153.7,73.85,131.99
2022-03-28 08:00:00,320.27,248.88,202.6
2022-03-28 09:00:00,487.8,280.94,261.94
2022-03-28 10:00:00,652.83,326.32,325.05
2022-03-28 11:00:00,837.92,529.43,315.02
2022-03-28 12:00:00,787.92,540.22,234.38
2022-03-28 13:00:00,556.67,256.16,295.2
2022-03-28 14:00:00,452.2,270.73,234.66
2022-03-28 15:00:00,220.0,57.86,169.13
2022-03-28 16:00:00,126.82,40.36,108.17
2022-03-28 17:00:00,33.17,3.0,31.19
2022-03-29 06:00:00,29.33,101.73,23.49
2022-03-29 07:00:00,233.7,485.58,74.12
2022-03-29 08:00:00,472.95,736.03,90.75
2022-03-29 09:00:00,682.5,836.32,98.46
2022-03-29 10:00:00,840.7,896.31,92.89
2022-03-29 11:00:00,926.58,899.07,101.12
2022-03-29 12:00:00,938.92,874.04,114.36
2022-03-29 13:00:00,827.65,742.93,165.52
2022-03-29 14:00:00,615.28,661.62,163.63
2022-03-29 15:00:00,459.88,549.55,156.14
2022-03-29 16:00:00,255.93,408.01,101.51
2022-03-29 17:00:00,73.62,236.82,38.14
2022-03-30 06:00:00,32.05,152.48,17.75
2022-03-30 07:00:00,233.1,513.43,71.19
2022-03-30 08:00:00,458.1,616.05,133.23
2022-03-30 09:00:00,569.35,435.5,264.95
2022-03-30 10:00:00,662.53,390.06,333.71
2022-03-30 11:00:00,809.6,681.21,205.25
2022-03-30 12:00:00,767.0,479.05,289.29
2022-03-30 13:00:00,740.3,634.73,248.99
2022-03-30 14:00:00,576.08,505.64,198.06
2022-03-30 15:00:00,449.4,520.54,182.1
2022-03-30 16:00:00,248.82,339.05,161.94
2022-03-30 17:00:00,68.07,71.24,60.98
2022-03-31 06:00:00,26.45,56.63,27.6
2022-03-31 07:00:00,216.25,340.19,98.7
2022-03-31 08:00:00,444.7,582.56,137.69
2022-03-31 09:00:00,651.3,753.6,123.84
2022-03-31 10:00:00,717.55,546.99,186.38
2022-03-31 11:00:00,647.53,528.09,231.62
2022-03-31 12:00:00,528.4,258.22,261.76
2022-03-31 13:00:00,484.67,201.55,261.92
2022-03-31 14:00:00,429.85,128.28,284.89
2022-03-31 15:00:00,284.33,100.95,229.95
2022-03-31 16:00:00,157.38,56.51,127.14
2022-03-31 17:00:00,46.2,11.83,43.02
2022-04-01 06:00:00,9.07,0.0,9.46
2022-04-01 07:00:00,76.9,23.21,64.2
2022-04-01 08:00:00,162.0,26.5,138.17
2022-04-01 09:00:00,245.62,16.3,198.84
2022-04-01 10:00:00,350.42,5.52,291.36
2022-04-01 11:00:00,352.48,183.4,252.76
2022-04-01 12:00:00,351.17,143.82,258.31
2022-04-01 13:00:00,265.27,8.51,205.74
2022-04-01 14:00:00,270.65,248.4,195.81
2022-04-01 15:00:00,208.35,9.08,184.42
2022-04-01 16:00:00,122.57,48.67,103.96
2022-04-01 17:00:00,30.38,34.82,28.39
2022-04-02 06:00:00,22.27,32.86,20.18
2022-04-02 07:00:00,188.93,319.41,91.9
2022-04-02 08:00:00,391.85,450.67,158.5
2022-04-02 09:00:00,605.0,570.37,187.49
2022-04-02 10:00:00,612.12,525.84,198.38
2022-04-02 11:00:00,681.4,355.26,173.87
2022-04-02 12:00:00,687.28,471.94,239.93
2022-04-02 13:00:00,582.78,248.87,289.74
2022-04-02 14:00:00,451.27,328.03,236.19
2022-04-02 15:00:00,337.7,295.64,170.21
2022-04-02 16:00:00,190.62,230.54,113.63
2022-04-02 17:00:00,53.67,75.75,40.54
2022-04-03 06:00:00,24.73,77.94,20.03
2022-04-03 07:00:00,180.2,364.36,78.53
2022-04-03 08:00:00,352.7,428.97,163.27
2022-04-03 09:00:00,509.0,364.85,268.38
2022-04-03 10:00:00,651.17,530.89,212.28
2022-04-03 11:00:00,746.35,467.06,257.67
2022-04-03 12:00:00,779.75,423.6,333.32
2022-04-03 13:00:00,740.95,507.54,256.77
2022-04-03 14:00:00,618.95,563.9,196.36
2022-04-03 15:00:00,468.77,613.22,115.01
2022-04-03 16:00:00,259.75,498.35,80.54
2022-04-03 17:00:00,64.1,182.67,35.67
2022-04-04 06:00:00,24.9,64.15,18.91
2022-04-04 07:00:00,199.55,355.91,89.66
2022-04-04 08:00:00,396.48,525.79,125.07
2022-04-04 09:00:00,587.4,545.54,187.17
2022-04-04 10:00:00,734.78,587.95,211.46
2022-04-04 11:00:00,812.2,586.52,261.1
2022-04-04 12:00:00,794.12,595.67,289.52
2022-04-04 13:00:00,626.92,552.06,199.08
2022-04-04 14:00:00,549.75,399.27,222.29
2022-04-04 15:00:00,434.02,274.08,240.66
2022-04-04 16:00:00,233.65,419.85,88.17
2022-04-04 17:00:00,57.85,142.11,36.26
2022-04-05 06:00:00,25.08,53.66,26.61
2022-04-05 07:00:00,206.8,349.55,97.36
2022-04-05 08:00:00,428.55,539.0,169.15
2022-04-05 09:00:00,627.45,599.58,164.92
2022-04-05 10:00:00,776.05,726.36,174.86
2022-04-05 11:00:00,814.62,747.61,162.71
2022-04-05 12:00:00,689.25,439.11,273.63
2022-04-05 13:00:00,505.2,274.7,251.78
2022-04-05 14:00:00,386.17,132.22,261.21
2022-04-05 15:00:00,184.1,61.12,142.89
2022-04-05 16:00:00,105.38,32.52,99.0
2022-04-05 17:00:00,24.35,1.91,22.53
2022-04-06 06:00:00,23.77,61.52,22.6
2022-04-06 07:00:00,198.15,395.37,84.52
2022-04-06 08:00:00,404.85,558.87,125.52
2022-04-06 09:00:00,589.97,667.2,153.17
2022-04-06 10:00:00,706.92,660.69,167.4
2022-04-06 11:00:00,813.17,628.51,232.98
2022-04-06 12:00:00,770.88,441.41,336.0
2022-04-06 13:00:00,731.7,602.91,190.71
2022-04-06 14:00:00,534.5,390.97,251.7
2022-04-06 15:00:00,377.08,448.56,138.05
2022-04-06 16:00:00,194.18,272.64,97.98
2022-04-06 17:00:00,41.58,69.76,23.39
2022-04-07 06:00:00,18.67,46.57,18.78
2022-04-07 07:00:00,136.85,208.81,83.56
2022-04-07 08:00:00,282.4,343.82,127.23
2022-04-07 09:00:00,426.12,316.8,216.38
2022-04-07 10:00:00,585.5,435.56,209.79
2022-04-07 11:00:00,703.55,426.63,293.92
2022-04-07 12:00:00,765.08,597.06,178.11
2022-04-07 13:00:00,758.38,651.81,198.94
2022-04-07 14:00:00,620.15,519.85,218.85
2022-04-07 15:00:00,429.05,313.69,269.93
2022-04-07 16:00:00,235.18,341.6,112.83
2022-04-07 17:00:00,53.85,144.44,36.49
2022-04-08 06:00:00,17.3,4.84,18.68
2022-04-08 07:00:00,148.8,75.99,105.18
2022-04-08 08:00:00,322.55,307.03,184.72
2022-04-08 09:00:00,494.9,371.66,259.54
2022-04-08 10:00:00,666.1,493.73,296.17
2022-04-08 11:00:00,738.15,303.37,379.42
2022-04-08 12:00:00,712.92,276.17,394.98
2022-04-08 13:00:00,668.62,316.78,367.99
2022-04-08 14:00:00,480.77,395.24,243.25
2022-04-08 15:00:00,270.25,158.41,165.55
2022-04-08 16:00:00,144.2,54.42,130.39
2022-04-08 17:00:00,29.38,13.83,25.99
2022-04-09 06:00:00,17.23,1.87,18.24
2022-04-09 07:00:00,127.47,26.61,108.95
2022-04-09 08:00:00,286.33,49.19,222.25
2022-04-09 09:00:00,438.33,47.86,344.54
2022-04-09 10:00:00,613.38,242.07,401.32
2022-04-09 11:00:00,732.28,385.87,374.99
2022-04-09 12:00:00,794.72,557.28,293.96
2022-04-09 13:00:00,655.83,507.7,289.84
2022-04-09 14:00:00,508.25,374.35,272.56
2022-04-09 15:00:00,323.5,238.19,204.73
2022-04-09 16:00:00,165.9,115.5,150.88
2022-04-09 17:00:00,32.1,34.02,29.61
2022-04-10 06:00:00,22.35,86.23,17.0
2022-04-10 07:00:00,189.48,398.71,90.84
2022-04-10 08:00:00,392.02,543.94,119.87
2022-04-10 09:00:00,583.78,588.85,152.09
2022-04-10 10:00:00,696.53,616.1,186.17
2022-04-10 11:00:00,826.17,640.47,232.18
2022-04-10 12:00:00,778.05,455.66,313.33
2022-04-10 13:00:00,733.12,627.09,261.65
2022-04-10 14:00:00,583.5,412.74,276.44
2022-04-10 15:00:00,431.45,393.45,199.32
2022-04-10 16:00:00,234.12,345.73,127.57
2022-04-10 17:00:00,49.78,114.25,37.09
2022-04-11 06:00:00,19.73,41.75,19.28
2022-04-11 07:00:00,164.45,267.71,84.28
2022-04-11 08:00:00,335.27,426.22,140.82
2022-04-11 09:00:00,489.0,660.51,118.15
2022-04-11 10:00:00,659.3,508.49,196.61
2022-04-11 11:00:00,742.25,625.64,186.45
2022-04-11 12:00:00,799.85,575.86,261.66
2022-04-11 13:00:00,727.28,655.72,187.81
2022-04-11 14:00:00,602.67,618.59,169.72
2022-04-11 15:00:00,437.9,558.13,148.35
2022-04-11 16:00:00,221.6,283.34,145.15
2022-04-11 17:00:00,39.9,51.67,33.83
2022-04-12 06:00:00,14.65,4.09,14.96
2022-04-12 07:00:00,139.27,32.86,120.96
2022-04-12 08:00:00,311.48,95.78,257.73
2022-04-12 09:00:00,512.05,358.17,325.19
2022-04-12 10:00:00,587.42,265.19,325.05
2022-04-12 11:00:00,554.0,49.43,431.54
2022-04-12 12:00:00,621.47,245.02,391.77
2022-04-12 13:00:00,432.48,76.27,306.84
2022-04-12 14:00:00,359.08,133.58,234.88
2022-04-12 15:00:00,262.3,93.17,190.13
2022-04-12 16:00:00,131.77,45.13,118.51
2022-04-12 17:00:00,24.45,15.58,25.15
2022-04-13 06:00:00,19.2,44.43,14.77
2022-04-13 07:00:00,175.35,328.57,83.22
2022-04-13 08:00:00,368.98,503.02,112.05
2022-04-13 09:00:00,554.7,590.37,157.09
2022-04-13 10:00:00,744.15,704.68,152.83
2022-04-13 11:00:00,790.9,666.98,199.14
2022-04-13 12:00:00,728.9,600.96,177.5
2022-04-13 13:00:00,586.22,428.34,228.62
2022-04-13 14:00:00,465.9,365.04,245.61
2022-04-13 15:00:00,311.75,124.03,252.68
2022-04-13 16:00:00,160.0,66.43,128.23
2022-04-13 17:00:00,31.08,9.1,32.77
2022-04-14 06:00:00,15.7,11.08,15.73
2022-04-14 07:00:00,148.62,181.56,99.02
2022-04-14 08:00:00,333.45,318.82,158.46
2022-04-14 09:00:00,536.3,423.25,225.28
2022-04-14 10:00:00,679.03,533.47,243.48
2022-04-14 11:00:00,701.3,413.7,305.9
2022-04-14 12:00:00,701.8,490.74,292.63
2022-04-14 13:00:00,665.33,424.91,277.3
2022-04-14 14:00:00,507.27,502.09,162.98
2022-04-14 15:00:00,328.05,249.92,196.08
2022-04-14 16:00:00,169.3,158.91,123.4
2022-04-14 17:00:00,23.25,36.29,22.73
2022-04-15 06:00:00,19.95,71.77,15.92
2022-04-15 07:00:00,183.05,414.83,74.28
2022-04-15 08:00:00,387.85,565.02,126.63
2022-04-15 09:00:00,567.58,529.96,194.38
2022-04-15 10:00:00,709.2,644.42,206.87
2022-04-15 11:00:00,773.4,570.0,260.9
2022-04-15 12:00:00,820.05,581.9,265.79
2022-04-15 13:00:00,765.5,669.32,181.97
2022-04-15 14:00:00,650.03,743.04,141.27
2022-04-15 15:00:00,469.3,643.93,127.88
2022-04-15 16:00:00,251.77,534.05,69.7
2022-04-15 17:00:00,46.5,236.96,23.78
2022-04-16 06:00:00,26.55,156.97,13.48
2022-04-16 07:00:00,231.25,644.91,49.56
2022-04-16 08:00:00,466.5,784.28,83.47
2022-04-16 09:00:00,675.35,891.16,89.04
2022-04-16 10:00:00,824.1,934.21,79.76
2022-04-16 11:00:00,905.17,976.28,75.76
2022-04-16 12:00:00,912.03,970.71,74.43
2022-04-16 13:00:00,842.85,957.73,72.57
2022-04-16 14:00:00,703.42,927.44,71.59
2022-04-16 15:00:00,504.52,835.33,73.94
2022-04-16 16:00:00,268.8,681.66,55.96
2022-04-16 17:00:00,46.7,206.09,23.53
2022-04-17 06:00:00,24.1,131.59,14.19
2022-04-17 07:00:00,223.9,648.04,46.95
2022-04-17 08:00:00,456.9,789.36,79.75
2022-04-17 09:00:00,660.55,893.56,78.8
2022-04-17 10:00:00,805.83,926.32,81.03
2022-04-17 11:00:00,884.3,940.97,81.85
2022-04-17 12:00:00,891.65,950.59,81.12
2022-04-17 13:00:00,818.33,873.33,113.14
2022-04-17 14:00:00,658.58,755.49,141.29
2022-04-17 15:00:00,468.15,708.94,100.53
2022-04-17 16:00:00,246.23,602.22,69.38
2022-04-17 17:00:00,40.12,138.78,25.4
2022-04-18 06:00:00,20.0,58.38,15.14
2022-04-18 07:00:00,201.02,477.26,66.81
2022-04-18 08:00:00,419.35,624.39,112.89
2022-04-18 09:00:00,614.75,704.03,144.6
2022-04-18 10:00:00,760.97,760.64,150.5
2022-04-18 11:00:00,840.95,788.51,147.97
2022-04-18 12:00:00,842.2,739.06,176.95
2022-04-18 13:00:00,714.33,563.94,236.69
2022-04-18 14:00:00,536.85,563.36,183.48
2022-04-18 15:00:00,376.9,412.27,168.04
2022-04-18 16:00:00,194.05,374.18,82.15
2022-04-18 17:00:00,33.62,118.23,22.1
2022-04-19 06:00:00,19.65,67.64,14.64
2022-04-19 07:00:00,199.65,463.14,70.53
2022-04-19 08:00:00,421.67,637.59,115.63
2022-04-19 09:00:00,619.53,753.1,117.32
2022-04-19 10:00:00,763.17,802.27,127.94
2022-04-19 11:00:00,846.53,851.14,119.0
2022-04-19 12:00:00,844.8,814.17,137.76
2022-04-19 13:00:00,712.38,585.93,228.94
2022-04-19 14:00:00,515.6,448.6,136.13
2022-04-19 15:00:00,376.4,578.47,102.62
2022-04-19 16:00:00,201.2,320.39,81.47
2022-04-19 17:00:00,33.7,136.21,23.26
2022-04-20 06:00:00,18.48,48.88,14.22
2022-04-20 07:00:00,189.3,400.89,78.04
2022-04-20 08:00:00,401.38,535.89,133.79
2022-04-20 09:00:00,597.08,677.18,142.39
2022-04-20 10:00:00,732.4,672.92,177.93
2022-04-20 11:00:00,802.78,739.37,159.56
2022-04-20 12:00:00,756.17,525.83,264.61
2022-04-20 13:00:00,598.28,778.25,106.48
2022-04-20 14:00:00,539.35,584.46,166.41
2022-04-20 15:00:00,374.88,503.7,133.15
2022-04-20 16:00:00,194.73,501.22,67.2
2022-04-20 17:00:00,32.6,196.54,19.85
2022-04-21 06:00:00,19.15,86.28,15.04
2022-04-21 07:00:00,197.82,520.28,61.84
2022-04-21 08:00:00,423.7,722.09,79.42
2022-04-21 09:00:00,625.4,830.36,90.04
2022-04-21 10:00:00,767.05,857.58,100.9
2022-04-21 11:00:00,811.25,778.79,165.2
2022-04-21 12:00:00,734.72,567.8,221.65
2022-04-21 13:00:00,651.42,784.22,106.0
2022-04-21 14:00:00,585.12,536.51,196.95
2022-04-21 15:00:00,409.23,577.45,117.72
2022-04-21 16:00:00,209.82,410.89,80.4
2022-04-21 17:00:00,31.4,134.91,20.2
2022-04-22 06:00:00,17.88,57.73,13.78
2022-04-22 07:00:00,190.85,455.09,64.29
2022-04-22 08:00:00,403.12,605.88,102.26
2022-04-22 09:00:00,591.0,662.48,148.44
2022-04-22 10:00:00,739.58,733.45,143.64
2022-04-22 11:00:00,748.53,519.25,246.34
2022-04-22 12:00:00,639.88,438.1,254.99
2022-04-22 13:00:00,598.33,554.87,180.56
2022-04-22 14:00:00,551.97,445.23,240.29
2022-04-22 15:00:00,374.85,496.36,136.7
2022-04-22 16:00:00,186.3,340.23,84.66
2022-04-22 17:00:00,25.48,72.7,19.24
2022-04-23 06:00:00,16.08,41.63,13.4
2022-04-23 07:00:00,180.95,434.1,62.41
2022-04-23 08:00:00,399.83,613.43,100.2
2022-04-23 09:00:00,589.33,703.15,132.12
2022-04-23 10:00:00,556.2,502.87,198.24
2022-04-23 11:00:00,687.42,481.12,278.81
2022-04-23 12:00:00,811.88,897.39,110.1
2022-04-23 13:00:00,767.75,868.57,92.54
2022-04-23 14:00:00,628.38,675.27,136.65
2022-04-23 15:00:00,438.08,706.23,116.08
2022-04-23 16:00:00,218.9,425.59,87.2
2022-04-23 17:00:00,29.9,106.12,25.71
2022-04-24 06:00:00,17.3,71.4,14.61
2022-04-24 07:00:00,192.9,514.03,62.93
2022-04-24 08:00:00,417.05,715.41,77.55
2022-04-24 09:00:00,614.08,823.4,88.54
2022-04-24 10:00:00,758.67,881.27,86.02
2022-04-24 11:00:00,834.28,856.63,108.0
2022-04-24 12:00:00,822.97,877.33,103.53
2022-04-24 13:00:00,744.95,724.07,156.85
2022-04-24 14:00:00,611.08,626.48,155.63
2022-04-24 15:00:00,419.05,612.27,120.99
2022-04-24 16:00:00,208.15,384.49,90.69
2022-04-24 17:00:00,26.58,46.48,24.81
2022-04-25 06:00:00,13.55,38.54,12.64
2022-04-25 07:00:00,127.88,255.72,61.9
2022-04-25 08:00:00,265.33,274.68,121.52
2022-04-25 09:00:00,393.9,355.08,159.87
2022-04-25 10:00:00,489.5,248.49,217.67
2022-04-25 11:00:00,595.17,450.74,234.9
2022-04-25 12:00:00,679.6,519.02,234.76
2022-04-25 13:00:00,653.8,622.09,159.54
2022-04-25 14:00:00,588.17,600.99,172.79
2022-04-25 15:00:00,397.12,582.12,107.51
2022-04-25 16:00:00,201.43,461.39,67.65
2022-04-25 17:00:00,25.55,103.02,17.6
2022-04-26 06:00:00,14.68,28.79,11.94
2022-04-26 07:00:00,168.65,365.24,75.36
2022-04-26 08:00:00,364.75,489.18,128.47
2022-04-26 09:00:00,545.9,627.54,125.39
2022-04-26 10:00:00,712.08,736.24,151.64
2022-04-26 11:00:00,790.03,743.23,169.07
2022-04-26 12:00:00,783.55,691.28,171.3
2022-04-26 13:00:00,683.12,712.19,144.2
2022-04-26 14:00:00,547.15,504.93,226.37
2022-04-26 15:00:00,375.08,445.21,148.9
2022-04-26 16:00:00,189.77,410.53,70.47
2022-04-26 17:00:00,25.2,195.38,15.36
2022-04-27 06:00:00,15.35,42.66,12.3
2022-04-27 07:00:00,179.38,413.7,68.8
2022-04-27 08:00:00,389.73,613.93,106.66
2022-04-27 09:00:00,578.75,720.3,132.65
2022-04-27 10:00:00,708.5,658.39,197.9
2022-04-27 11:00:00,781.65,667.57,216.47
2022-04-27 12:00:00,766.15,621.95,229.43
2022-04-27 13:00:00,696.33,654.32,219.45
2022-04-27 14:00:00,557.72,595.32,159.37
2022-04-27 15:00:00,380.0,595.72,104.69
2022-04-27 16:00:00,191.12,445.63,71.83
2022-04-27 17:00:00,23.35,96.2,15.55
2022-04-28 06:00:00,15.18,45.69,11.53
2022-04-28 07:00:00,184.55,488.49,55.95
2022-04-28 08:00:00,403.7,697.86,79.59
2022-04-28 09:00:00,601.05,795.91,100.35
2022-04-28 10:00:00,742.92,850.34,101.27
2022-04-28 11:00:00,818.78,869.36,100.56
2022-04-28 12:00:00,834.83,935.91,73.12
2022-04-28 13:00:00,765.05,906.85,76.05
2022-04-28 14:00:00,619.3,816.95,85.02
2022-04-28 15:00:00,426.1,738.9,73.9
2022-04-28 16:00:00,214.23,567.82,54.33
2022-04-28 17:00:00,25.38,128.95,15.67
2022-04-29 06:00:00,15.27,59.34,10.91
2022-04-29 07:00:00,184.82,518.31,54.87
2022-04-29 08:00:00,400.38,702.12,76.67
2022-04-29 09:00:00,589.08,761.78,110.3
2022-04-29 10:00:00,726.38,791.56,122.67
2022-04-29 11:00:00,781.55,646.6,221.84
2022-04-29 12:00:00,749.25,628.6,195.99
2022-04-29 13:00:00,682.67,546.0,227.69
2022-04-29 14:00:00,547.78,669.12,124.07
2022-04-29 15:00:00,373.2,553.21,108.7
2022-04-29 16:00:00,181.95,398.42,68.84
2022-04-29 17:00:00,20.0,59.17,15.15
2022-04-30 06:00:00,10.05,17.02,12.9
2022-04-30 07:00:00,105.2,322.6,81.01
2022-04-30 08:00:00,234.62,261.5,140.37
2022-04-30 09:00:00,394.48,85.45,307.6
2022-04-30 10:00:00,515.35,350.95,290.19
2022-04-30 11:00:00,558.75,251.44,327.87
2022-04-30 12:00:00,509.6,262.32,291.79
2022-04-30 13:00:00,406.12,76.26,290.38
2022-04-30 14:00:00,268.05,91.05,217.1
2022-04-30 15:00:00,187.68,35.16,160.98
2022-04-30 16:00:00,90.0,87.78,69.48
2022-04-30 17:00:00,11.1,13.32,12.3
2022-05-01 06:00:00,11.65,17.62,10.76
2022-05-01 07:00:00,151.62,332.15,66.88
2022-05-01 08:00:00,346.55,532.33,108.76
2022-05-01 09:00:00,534.7,573.68,169.05
2022-05-01 10:00:00,703.35,742.2,143.28
2022-05-01 11:00:00,758.78,591.58,218.09
2022-05-01 12:00:00,697.78,565.04,270.12
2022-05-01 13:00:00,515.1,603.83,121.47
2022-05-01 14:00:00,381.67,280.12,208.0
2022-05-01 15:00:00,220.98,299.99,105.05
2022-05-01 16:00:00,105.43,199.33,63.09
2022-05-01 17:00:00,10.85,19.21,14.87
2022-05-02 06:00:00,10.5,16.74,12.22
2022-05-02 07:00:00,141.85,239.05,88.36
2022-05-02 08:00:00,336.62,554.17,133.32
2022-05-02 09:00:00,510.92,562.44,163.23
2022-05-02 10:00:00,623.9,600.23,173.32
2022-05-02 11:00:00,691.33,620.78,207.18
2022-05-02 12:00:00,598.2,534.5,197.18
2022-05-02 13:00:00,504.58,719.04,127.19
2022-05-02 14:00:00,364.08,362.09,156.07
2022-05-02 15:00:00,249.68,259.75,124.48
2022-05-02 16:00:00,118.03,194.54,73.32
2022-05-02 17:00:00,13.12,38.81,13.21
2022-05-03 06:00:00,10.32,37.46,10.8
2022-05-03 07:00:00,155.0,366.99,57.52
2022-05-03 08:00:00,353.25,565.8,106.11
2022-05-03 09:00:00,527.78,660.28,121.04
2022-05-03 10:00:00,668.85,624.4,166.01
2022-05-03 11:00:00,751.45,791.04,128.49
2022-05-03 12:00:00,781.75,772.6,156.3
2022-05-03 13:00:00,669.45,638.71,149.49
2022-05-03 14:00:00,520.6,516.33,171.8
2022-05-03 15:00:00,336.9,685.96,69.97
2022-05-03 16:00:00,158.35,394.66,60.79
2022-05-03 17:00:00,16.25,54.58,13.86
2022-05-04 06:00:00,5.25,0.0,5.48
2022-05-04 07:00:00,54.42,15.28,49.28
2022-05-04 08:00:00,122.15,31.03,99.13
2022-05-04 09:00:00,213.12,144.59,162.9
2022-05-04 10:00:00,187.43,8.88,158.14
2022-05-04 11:00:00,193.7,32.63,150.04
2022-05-04 12:00:00,190.98,84.12,117.76
2022-05-04 13:00:00,119.53,41.61,88.59
2022-05-04 14:00:00,114.1,14.87,92.76
2022-05-04 15:00:00,87.88,43.82,73.6
2022-05-04 16:00:00,42.08,11.95,37.17
2022-05-04 17:00:00,5.28,0.0,5.31
2022-05-05 06:00:00,12.85,44.01,9.9
2022-05-05 07:00:00,176.3,494.15,54.51
2022-05-05 08:00:00,396.65,693.67,85.64
2022-05-05 09:00:00,595.15,813.12,98.19
2022-05-05 10:00:00,744.7,910.69,82.84
2022-05-05 11:00:00,819.65,933.85,79.86
2022-05-05 12:00:00,825.2,942.69,72.44
2022-05-05 13:00:00,755.75,936.37,69.52
2022-05-05 14:00:00,619.85,905.53,65.31
2022-05-05 15:00:00,429.35,825.82,55.25
2022-05-05 16:00:00,206.75,624.05,44.0
2022-05-05 17:00:00,20.4,122.66,12.17
2022-05-06 06:00:00,13.95,85.79,9.86
2022-05-06 07:00:00,187.35,616.63,40.57
2022-05-06 08:00:00,410.75,783.91,64.78
2022-05-06 09:00:00,605.08,884.51,73.79
2022-05-06 10:00:00,746.65,926.34,76.93
2022-05-06 11:00:00,820.35,947.55,73.88
2022-05-06 12:00:00,822.38,948.51,72.98
2022-05-06 13:00:00,751.5,926.21,75.27
2022-05-06 14:00:00,608.47,848.99,83.41
2022-05-06 15:00:00,418.2,767.99,67.98
2022-05-06 16:00:00,199.38,570.97,50.46
2022-05-06 17:00:00,18.9,91.22,12.23
2022-05-07 06:00:00,11.23,38.8,10.74
2022-05-07 07:00:00,158.27,399.61,69.96
2022-05-07 08:00:00,353.75,520.76,123.07
2022-05-07 09:00:00,533.1,580.92,178.73
2022-05-07 10:00:00,658.92,670.59,172.98
2022-05-07 11:00:00,751.67,703.2,172.73
2022-05-07 12:00:00,789.5,857.97,109.33
2022-05-07 13:00:00,710.35,797.41,116.69
2022-05-07 14:00:00,526.6,638.88,128.72
2022-05-07 15:00:00,359.27,561.17,101.15
2022-05-07 16:00:00,167.65,400.65,61.28
2022-05-07 17:00:00,15.57,50.71,12.71
2022-05-08 06:00:00,10.2,37.88,10.0
2022-05-08 07:00:00,128.55,334.75,57.55
2022-05-08 08:00:00,271.85,379.36,101.62
2022-05-08 09:00:00,426.05,322.6,225.46
2022-05-08 10:00:00,546.28,362.09,252.85
2022-05-08 11:00:00,644.1,489.72,244.31
2022-05-08 12:00:00,660.65,502.96,263.26
2022-05-08 13:00:00,551.08,608.77,163.46
2022-05-08 14:00:00,460.58,353.54,202.95
2022-05-08 15:00:00,312.38,331.82,170.76
2022-05-08 16:00:00,150.05,297.65,81.24
2022-05-08 17:00:00,14.45,31.72,12.5
2022-05-09 06:00:00,8.98,12.26,10.04
2022-05-09 07:00:00,124.95,206.74,66.46
2022-05-09 08:00:00,285.2,345.65,149.61
2022-05-09 09:00:00,443.0,394.43,196.58
2022-05-09 10:00:00,624.88,495.2,221.26
2022-05-09 11:00:00,667.05,513.21,250.94
2022-05-09 12:00:00,589.1,637.53,165.06
2022-05-09 13:00:00,574.58,409.65,272.36
2022-05-09 14:00:00,446.6,486.17,167.28
2022-05-09 15:00:00,310.58,498.62,133.13
2022-05-09 16:00:00,152.48,338.26,70.18
2022-05-09 17:00:00,14.3,37.66,11.57
2022-05-10 06:00:00,10.02,24.2,9.47
2022-05-10 07:00:00,156.12,371.45,62.67
2022-05-10 08:00:00,356.2,542.66,120.64
2022-05-10 09:00:00,549.15,685.48,133.16
2022-05-10 10:00:00,693.08,794.64,114.91
2022-05-10 11:00:00,765.33,804.57,118.32
2022-05-10 12:00:00,761.35,781.85,142.58
2022-05-10 13:00:00,650.62,651.24,176.12
2022-05-10 14:00:00,500.35,649.44,112.49
2022-05-10 15:00:00,340.7,615.97,79.43
2022-05-10 16:00:00,159.45,371.58,65.24
2022-05-10 17:00:00,13.68,34.84,11.74
2022-05-11 06:00:00,6.47,6.9,8.67
2022-05-11 07:00:00,62.72,90.58,51.19
2022-05-11 08:00:00,147.52,147.44,87.66
2022-05-11 09:00:00,231.98,53.71,174.83
2022-05-11 10:00:00,242.48,53.1,186.78
2022-05-11 11:00:00,373.92,100.95,298.46
2022-05-11 12:00:00,356.55,140.0,244.87
2022-05-11 13:00:00,283.62,47.75,225.84
2022-05-11 14:00:00,187.12,11.06,158.71
2022-05-11 15:00:00,139.8,183.16,103.27
2022-05-11 16:00:00,62.9,15.08,58.41
2022-05-11 17:00:00,7.43,0.0,7.73
2022-05-12 06:00:00,6.57,2.4,8.15
2022-05-12 07:00:00,97.3,103.87,83.03
2022-05-12 08:00:00,236.7,195.55,164.41
2022-05-12 09:00:00,377.7,417.24,140.52
2022-05-12 10:00:00,486.0,284.64,287.24
2022-05-12 11:00:00,633.83,389.85,288.13
2022-05-12 12:00:00,629.9,475.22,237.7
2022-05-12 13:00:00,588.45,567.87,162.85
2022-05-12 14:00:00,493.45,508.99,188.27
2022-05-12 15:00:00,329.08,379.41,169.97
2022-05-12 16:00:00,149.18,312.7,76.91
2022-05-12 17:00:00,12.5,31.11,12.05
2022-05-13 06:00:00,9.88,49.34,8.29
2022-05-13 07:00:00,161.7,500.21,47.8
2022-05-13 08:00:00,369.25,707.18,73.32
2022-05-13 09:00:00,553.65,785.99,91.63
2022-05-13 10:00:00,686.4,726.81,151.72
2022-05-13 11:00:00,773.3,859.48,93.89
2022-05-13 12:00:00,773.22,828.21,113.63
2022-05-13 13:00:00,705.55,858.35,90.1
2022-05-13 14:00:00,575.22,826.82,83.58
2022-05-13 15:00:00,390.55,749.88,69.38
2022-05-13 16:00:00,177.02,521.45,51.29
2022-05-13 17:00:00,13.82,82.19,10.95
2022-05-14 06:00:00,8.02,38.3,8.0
2022-05-14 07:00:00,120.35,278.22,71.12
2022-05-14 08:00:00,280.67,401.63,162.42
2022-05-14 09:00:00,434.83,423.55,185.85
2022-05-14 10:00:00,521.6,472.25,199.35
2022-05-14 11:00:00,600.83,610.97,205.3
2022-05-14 12:00:00,672.72,733.74,159.92
2022-05-14 13:00:00,655.08,655.56,189.74
2022-05-14 14:00:00,553.75,739.15,102.37
2022-05-14 15:00:00,363.38,671.55,82.47
2022-05-14 16:00:00,160.85,412.86,67.31
2022-05-14 17:00:00,11.77,41.93,9.68
2022-05-15 06:00:00,2.55,0.0,2.76
2022-05-15 07:00:00,42.4,8.19,38.83
2022-05-15 08:00:00,132.12,27.18,122.07
2022-05-15 09:00:00,163.7,35.44,127.09
2022-05-15 10:00:00,304.83,23.91,248.03
2022-05-15 11:00:00,375.3,196.27,273.86
2022-05-15 12:00:00,313.85,42.22,245.35
2022-05-15 13:00:00,236.98,59.23,181.04
2022-05-15 14:00:00,189.8,12.59,158.07
2022-05-15 15:00:00,143.23,42.79,111.18
2022-05-15 16:00:00,53.65,19.96,41.6
2022-05-15 17:00:00,6.75,3.48,10.32
2022-05-16 06:00:00,3.67,0.0,3.98
2022-05-16 07:00:00,54.3,23.99,48.42
2022-05-16 08:00:00,132.02,39.94,97.63
2022-05-16 09:00:00,219.98,54.93,173.59
2022-05-16 10:00:00,277.62,83.12,218.17
2022-05-16 11:00:00,341.02,86.57,263.51
2022-05-16 12:00:00,465.08,129.23,335.32
2022-05-16 13:00:00,447.7,156.78,287.39
2022-05-16 14:00:00,396.33,512.61,119.11
2022-05-16 15:00:00,269.98,417.99,130.41
2022-05-16 16:00:00,120.57,330.25,50.68
2022-05-16 17:00:00,9.65,13.23,11.19
2022-05-17 06:00:00,5.68,18.51,6.5
2022-05-17 07:00:00,98.2,184.42,54.96
2022-05-17 08:00:00,226.38,468.9,88.8
2022-05-17 09:00:00,391.1,294.59,209.12
2022-05-17 10:00:00,554.25,419.93,233.5
2022-05-17 11:00:00,693.33,598.08,270.67
2022-05-17 12:00:00,771.15,841.58,135.65
2022-05-17 13:00:00,711.92,908.31,78.79
2022-05-17 14:00:00,580.92,826.77,87.75
2022-05-17 15:00:00,394.48,739.03,75.95
2022-05-17 16:00:00,175.2,532.3,51.73
2022-05-17 17:00:00,12.65,50.13,10.78
2022-05-18 06:00:00,7.2,57.54,7.24
2022-05-18 07:00:00,143.73,471.64,56.08
2022-05-18 08:00:00,354.08,675.83,78.85
2022-05-18 09:00:00,560.3,810.99,124.18
2022-05-18 10:00:00,719.75,946.48,72.72
2022-05-18 11:00:00,796.12,960.17,71.31
2022-05-18 12:00:00,791.3,936.69,80.37
2022-05-18 13:00:00,712.88,891.23,84.71
2022-05-18 14:00:00,560.28,790.4,104.0
2022-05-18 15:00:00,364.38,721.76,80.8
2022-05-18 16:00:00,154.0,488.75,51.83
2022-05-18 17:00:00,9.75,53.84,8.74
2022-05-19 06:00:00,3.33,0.0,4.08
2022-05-19 07:00:00,61.17,52.67,52.26
2022-05-19 08:00:00,142.7,41.91,117.79
2022-05-19 09:00:00,240.5,54.6,190.48
2022-05-19 10:00:00,330.7,47.29,250.56
2022-05-19 11:00:00,393.88,38.67,312.29
2022-05-19 12:00:00,478.8,189.74,294.96
2022-05-19 13:00:00,377.12,658.49,155.31
2022-05-19 14:00:00,473.35,548.45,166.89
2022-05-19 15:00:00,295.52,483.12,94.41
2022-05-19 16:00:00,134.82,368.86,48.82
2022-05-19 17:00:00,10.45,21.41,11.29
2022-05-20 06:00:00,7.72,25.78,7.92
2022-05-20 07:00:00,153.2,449.1,52.04
2022-05-20 08:00:00,361.65,632.28,97.9
2022-05-20 09:00:00,558.75,807.4,94.25
2022-05-20 10:00:00,700.88,885.67,90.62
2022-05-20 11:00:00,776.12,916.6,86.59
2022-05-20 12:00:00,785.4,950.27,71.34
2022-05-20 13:00:00,717.75,942.63,68.28
2022-05-20 14:00:00,585.92,904.27,61.04
2022-05-20 15:00:00,400.05,831.25,52.8
2022-05-20 16:00:00,182.12,607.52,39.16
2022-05-20 17:00:00,12.93,91.84,8.93
2022-05-21 06:00:00,7.28,27.63,8.17
2022-05-21 07:00:00,137.45,303.46,84.44
2022-05-21 08:00:00,331.02,484.81,195.84
2022-05-21 09:00:00,506.88,331.95,283.39
2022-05-21 10:00:00,646.2,757.23,275.12
2022-05-21 11:00:00,710.22,890.22,206.94
2022-05-21 12:00:00,671.28,564.46,398.25
2022-05-21 13:00:00,571.55,489.29,409.47
2022-05-21 14:00:00,494.02,903.54,303.74
2022-05-21 15:00:00,319.3,659.08,208.25
2022-05-21 16:00:00,132.02,197.11,111.55
2022-05-21 17:00:00,9.32,12.3,13.0
2022-05-22 06:00:00,6.72,32.91,7.12
2022-05-22 07:00:00,142.38,460.15,48.17
2022-05-22 08:00:00,346.33,622.64,89.22
2022-05-22 09:00:00,536.72,747.09,111.5
2022-05-22 10:00:00,676.65,857.08,89.73
2022-05-22 11:00:00,747.95,858.33,98.41
2022-05-22 12:00:00,765.22,916.74,73.7
2022-05-22 13:00:00,698.6,922.45,65.44
2022-05-22 14:00:00,566.88,875.13,64.14
2022-05-22 15:00:00,382.7,783.99,58.76
2022-05-22 16:00:00,170.38,548.55,41.97
2022-05-22 17:00:00,11.27,63.89,8.8
2022-05-23 06:00:00,6.35,20.4,6.82
2022-05-23 07:00:00,139.75,411.49,49.17
2022-05-23 08:00:00,335.0,562.93,102.56
2022-05-23 09:00:00,528.75,763.29,91.96
2022-05-23 10:00:00,666.55,840.86,89.65
2022-05-23 11:00:00,737.75,848.29,97.67
2022-05-23 12:00:00,740.28,851.94,95.54
2022-05-23 13:00:00,642.12,791.41,98.03
2022-05-23 14:00:00,512.0,589.63,165.24
2022-05-23 15:00:00,334.2,586.05,92.75
2022-05-23 16:00:00,145.82,385.86,61.89
2022-05-23 17:00:00,9.43,30.03,9.04
2022-05-24 06:00:00,5.8,15.01,6.31
2022-05-24 07:00:00,132.62,378.48,49.34
2022-05-24 08:00:00,324.4,564.11,95.08
2022-05-24 09:00:00,507.08,660.2,128.94
2022-05-24 10:00:00,652.0,784.96,113.17
2022-05-24 11:00:00,724.6,822.49,109.66
2022-05-24 12:00:00,734.6,866.35,91.02
2022-05-24 13:00:00,653.78,782.87,123.43
2022-05-24 14:00:00,511.98,730.51,107.88
2022-05-24 15:00:00,340.38,518.06,114.17
2022-05-24 16:00:00,147.7,428.83,52.99
2022-05-24 17:00:00,9.52,38.82,8.64
2022-05-25 06:00:00,5.7,25.39,5.92
2022-05-25 07:00:00,133.6,404.26,49.0
2022-05-25 08:00:00,332.7,622.31,83.98
2022-05-25 09:00:00,515.0,730.19,112.02
2022-05-25 10:00:00,646.15,767.93,122.36
2022-05-25 11:00:00,693.72,618.49,200.76
2022-05-25 12:00:00,701.08,713.83,158.27
2022-05-25 13:00:00,642.55,730.72,152.41
2022-05-25 14:00:00,504.5,583.31,154.01
2022-05-25 15:00:00,335.2,571.84,104.49
2022-05-25 16:00:00,146.38,466.99,50.34
2022-05-25 17:00:00,9.48,47.91,8.85
2022-05-26 06:00:00,5.32,19.84,6.14
2022-05-26 07:00:00,121.93,344.52,52.35
2022-05-26 08:00:00,298.95,460.71,90.76
2022-05-26 09:00:00,471.62,551.6,142.93
2022-05-26 10:00:00,565.78,625.58,188.31
2022-05-26 11:00:00,619.88,482.52,235.41
2022-05-26 12:00:00,614.55,325.13,369.43
2022-05-26 13:00:00,548.1,321.76,306.98
2022-05-26 14:00:00,430.52,228.25,287.39
2022-05-26 15:00:00,280.9,371.34,148.23
2022-05-26 16:00:00,124.15,167.93,82.54
2022-05-26 17:00:00,8.85,19.78,9.91
2022-05-27 06:00:00,4.9,4.44,6.82
2022-05-27 07:00:00,114.62,195.84,75.12
2022-05-27 08:00:00,289.7,301.8,154.99
2022-05-27 09:00:00,451.1,636.36,187.11
2022-05-27 10:00:00,550.42,474.98,243.71
2022-05-27 11:00:00,633.08,441.4,301.95
2022-05-27 12:00:00,652.15,637.87,240.26
2022-05-27 13:00:00,560.17,706.02,124.0
2022-05-27 14:00:00,489.8,600.5,156.65
2022-05-27 15:00:00,314.77,621.91,90.0
2022-05-27 16:00:00,138.45,367.34,60.4
2022-05-27 17:00:00,9.0,26.16,9.79
2022-05-28 06:00:00,4.5,4.23,5.75
2022-05-28 07:00:00,105.53,188.23,72.76
2022-05-28 08:00:00,281.45,338.99,187.53
2022-05-28 09:00:00,438.27,539.12,198.38
2022-05-28 10:00:00,577.95,614.46,181.63
2022-05-28 11:00:00,565.53,353.96,290.97
2022-05-28 12:00:00,559.1,411.99,261.76
2022-05-28 13:00:00,529.6,291.81,304.7
2022-05-28 14:00:00,418.98,196.83,282.37
2022-05-28 15:00:00,277.12,246.72,165.61
2022-05-28 16:00:00,117.47,177.29,74.72
2022-05-28 17:00:00,7.9,12.82,9.31
2022-05-29 06:00:00,4.7,20.34,5.01
2022-05-29 07:00:00,128.2,408.36,42.88
2022-05-29 08:00:00,331.48,676.22,66.53
2022-05-29 09:00:00,513.72,792.44,76.4
2022-05-29 10:00:00,647.4,848.17,80.51
2022-05-29 11:00:00,719.1,868.46,85.1
2022-05-29 12:00:00,728.15,895.95,72.22
2022-05-29 13:00:00,663.38,884.14,67.35
2022-05-29 14:00:00,530.8,798.18,84.83
2022-05-29 15:00:00,352.45,724.14,61.62
2022-05-29 16:00:00,152.27,510.76,42.97
2022-05-29 17:00:00,9.02,44.08,7.73
2022-05-30 06:00:00,4.2,11.28,5.35
2022-05-30 07:00:00,102.65,275.49,54.33
2022-05-30 08:00:00,247.5,462.37,112.01
2022-05-30 09:00:00,375.02,377.78,168.19
2022-05-30 10:00:00,546.45,545.46,168.37
2022-05-30 11:00:00,658.12,623.11,192.92
2022-05-30 12:00:00,703.47,793.45,116.71
2022-05-30 13:00:00,640.2,807.44,92.72
2022-05-30 14:00:00,437.17,321.92,233.54
2022-05-30 15:00:00,276.27,177.48,219.03
2022-05-30 16:00:00,114.18,141.73,99.69
2022-05-30 17:00:00,7.53,3.98,9.26
2022-05-31 06:00:00,2.58,0.0,3.44
2022-05-31 07:00:00,80.32,41.87,76.28
2022-05-31 08:00:00,213.8,65.22,190.34
2022-05-31 09:00:00,358.8,189.45,246.58
2022-05-31 10:00:00,522.5,450.43,214.97
2022-05-31 11:00:00,587.22,444.24,244.04
2022-05-31 12:00:00,598.05,400.58,308.5
2022-05-31 13:00:00,489.1,413.92,245.44
2022-05-31 14:00:00,368.52,296.08,214.48
2022-05-31 15:00:00,237.73,104.33,196.52
2022-05-31 16:00:00,94.03,28.54,87.73
2022-05-31 17:00:00,6.28,0.0,7.42
2022-06-01 06:00:00,3.45,0.0,4.24
2022-06-01 07:00:00,82.2,39.41,72.09
2022-06-01 08:00:00,223.77,109.48,187.03
2022-06-01 09:00:00,362.65,240.65,295.32
2022-06-01 10:00:00,516.83,378.22,289.8
2022-06-01 11:00:00,573.05,628.44,397.84
2022-06-01 12:00:00,606.62,533.1,333.86
2022-06-01 13:00:00,531.67,335.74,290.27
2022-06-01 14:00:00,436.48,645.06,200.64
2022-06-01 15:00:00,283.52,530.35,164.89
2022-06-01 16:00:00,115.85,122.18,95.44
2022-06-01 17:00:00,7.5,2.64,9.27
2022-06-02 06:00:00,3.2,0.0,4.52
2022-06-02 07:00:00,85.1,105.24,77.27
2022-06-02 08:00:00,226.52,216.47,165.05
2022-06-02 09:00:00,384.0,300.01,218.34
2022-06-02 10:00:00,553.3,521.87,202.28
2022-06-02 11:00:00,636.08,622.86,172.72
2022-06-02 12:00:00,672.03,693.4,159.67
2022-06-02 13:00:00,596.25,685.61,117.2
2022-06-02 14:00:00,457.92,479.55,174.68
2022-06-02 15:00:00,287.83,501.72,93.74
2022-06-02 16:00:00,122.65,286.57,61.44
2022-06-02 17:00:00,7.35,10.58,8.07
2022-06-03 06:00:00,3.17,2.34,3.95
2022-06-03 07:00:00,82.62,138.92,50.96
2022-06-03 08:00:00,220.93,228.97,147.54
2022-06-03 09:00:00,383.1,343.19,207.02
2022-06-03 10:00:00,505.83,452.28,201.71
2022-06-03 11:00:00,544.58,418.32,236.33
2022-06-03 12:00:00,535.62,243.44,308.97
2022-06-03 13:00:00,483.73,539.88,177.09
2022-06-03 14:00:00,402.0,387.03,161.75
2022-06-03 15:00:00,266.67,368.2,130.59
2022-06-03 16:00:00,117.85,250.02,65.4
2022-06-03 17:00:00,7.6,18.13,7.59
2022-06-04 06:00:00,3.47,19.72,3.77
2022-06-04 07:00:00,114.35,356.91,43.82
2022-06-04 08:00:00,308.33,640.82,73.6
2022-06-04 09:00:00,488.42,786.23,69.61
2022-06-04 10:00:00,624.12,808.07,99.7
2022-06-04 11:00:00,702.67,840.32,97.8
2022-06-04 12:00:00,719.92,884.01,75.87
2022-06-04 13:00:00,654.78,846.36,81.12
2022-06-04 14:00:00,518.45,791.3,83.7
2022-06-04 15:00:00,345.48,682.54,72.76
2022-06-04 16:00:00,149.57,480.4,43.23
2022-06-04 17:00:00,8.85,42.74,7.64
2022-06-05 07:00:00,97.18,269.74,50.11
2022-06-05 08:00:00,222.45,386.89,88.81
2022-06-05 09:00:00,377.7,305.2,196.92
2022-06-05 10:00:00,537.33,620.52,154.87
2022-06-05 11:00:00,666.1,672.28,167.59
2022-06-05 12:00:00,690.7,751.71,138.63
2022-06-05 13:00:00,635.88,692.93,130.73
2022-06-05 14:00:00,519.78,715.32,93.76
2022-06-05 15:00:00,344.2,544.28,105.04
2022-06-05 16:00:00,147.12,458.37,51.29
2022-06-05 17:00:00,8.65,45.75,8.38
2022-06-06 07:00:00,113.03,306.12,45.26
2022-06-06 08:00:00,283.67,486.87,91.8
2022-06-06 09:00:00,465.7,640.17,115.58
2022-06-06 10:00:00,608.12,762.33,101.25
2022-06-06 11:00:00,680.0,700.66,146.87
2022-06-06 12:00:00,662.9,536.38,252.07
2022-06-06 13:00:00,593.1,669.74,187.74
2022-06-06 14:00:00,490.23,821.05,149.36
2022-06-06 15:00:00,316.3,389.54,172.3
2022-06-06 16:00:00,128.43,272.63,77.91
2022-06-06 17:00:00,7.32,7.04,8.78
2022-06-07 07:00:00,110.53,263.41,53.65
2022-06-07 08:00:00,282.12,488.76,108.31
2022-06-07 09:00:00,452.58,619.48,154.57
2022-06-07 10:00:00,586.8,792.72,126.19
2022-06-07 11:00:00,679.08,743.04,133.85
2022-06-07 12:00:00,684.78,782.15,124.39
2022-06-07 13:00:00,592.4,700.2,152.21
2022-06-07 14:00:00,440.33,490.69,204.85
2022-06-07 15:00:00,278.58,280.57,190.11
2022-06-07 16:00:00,112.93,170.89,72.37
2022-06-07 17:00:00,6.93,8.47,10.52
2022-06-08 07:00:00,49.85,49.08,43.16
2022-06-08 08:00:00,141.75,62.57,115.27
2022-06-08 09:00:00,245.07,27.57,197.65
2022-06-08 10:00:00,436.77,341.54,228.52
2022-06-08 11:00:00,515.3,255.31,285.51
2022-06-08 12:00:00,495.1,260.04,253.98
2022-06-08 13:00:00,424.38,273.12,231.1
2022-06-08 14:00:00,279.25,141.35,193.96
2022-06-08 15:00:00,168.2,176.64,116.47
2022-06-08 16:00:00,66.05,108.32,49.46
2022-06-08 17:00:00,4.05,0.0,5.31
2022-06-09 07:00:00,69.62,34.36,59.53
2022-06-09 08:00:00,190.23,49.84,167.2
2022-06-09 09:00:00,312.98,161.27,203.11
2022-06-09 10:00:00,341.15,202.35,216.56
2022-06-09 11:00:00,318.77,93.54,246.54
2022-06-09 12:00:00,279.0,17.19,223.48
2022-06-09 13:00:00,248.18,10.05,209.49
2022-06-09 14:00:00,132.48,18.23,112.3
2022-06-09 15:00:00,90.95,13.54,80.87
2022-06-09 16:00:00,39.92,7.67,32.69
2022-06-09 17:00:00,2.65,0.0,2.87
2022-06-10 07:00:00,61.42,24.42,59.09
2022-06-10 08:00:00,154.23,83.35,122.43
2022-06-10 09:00:00,253.3,184.44,170.58
2022-06-10 10:00:00,464.7,323.98,204.81
2022-06-10 11:00:00,486.55,369.15,242.23
2022-06-10 12:00:00,342.0,601.96,111.12
2022-06-10 13:00:00,311.48,201.68,218.36
2022-06-10 14:00:00,229.43,47.1,192.68
2022-06-10 15:00:00,151.0,24.71,134.03
2022-06-10 16:00:00,58.78,22.19,53.6
2022-06-11 07:00:00,55.85,6.09,48.84
2022-06-11 08:00:00,144.82,38.75,128.96
2022-06-11 09:00:00,242.8,32.79,211.2
2022-06-11 10:00:00,348.05,88.45,286.48
2022-06-11 11:00:00,421.5,129.89,326.83
2022-06-11 12:00:00,430.95,57.77,341.43
2022-06-11 13:00:00,407.62,18.8,343.75
2022-06-11 14:00:00,298.23,2.79,257.24
2022-06-11 15:00:00,166.35,38.44,136.31
2022-06-11 16:00:00,66.7,20.68,54.22
2022-06-11 17:00:00,4.32,0.0,5.13
2022-06-12 07:00:00,86.72,101.16,54.21
2022-06-12 08:00:00,228.95,187.47,177.61
2022-06-12 09:00:00,392.52,163.26,270.93
2022-06-12 10:00:00,504.48,237.15,398.82
2022-06-12 11:00:00,565.95,321.13,376.62
2022-06-12 12:00:00,605.2,379.36,303.93
2022-06-12 13:00:00,370.08,3.86,313.79
2022-06-12 14:00:00,359.75,72.11,302.35
2022-06-12 15:00:00,173.15,0.53,156.05
2022-06-12 16:00:00,72.5,0.0,66.71
2022-06-12 17:00:00,5.9,0.0,6.36
2022-06-13 07:00:00,116.7,244.84,61.04
2022-06-13 08:00:00,295.08,334.99,157.71
2022-06-13 09:00:00,460.75,981.23,182.27
2022-06-13 10:00:00,597.67,879.72,301.79
2022-06-13 11:00:00,679.0,766.64,199.58
2022-06-13 12:00:00,703.85,766.61,165.53
2022-06-13 13:00:00,655.55,681.65,146.5
2022-06-13 14:00:00,494.95,485.02,227.68
2022-06-13 15:00:00,328.73,567.83,145.12
2022-06-13 16:00:00,146.0,478.14,54.42
2022-06-13 17:00:00,9.48,68.69,9.24
2022-06-14 07:00:00,102.72,160.08,72.6
2022-06-14 08:00:00,276.65,252.39,201.84
2022-06-14 09:00:00,436.2,360.9,219.34
2022-06-14 10:00:00,596.75,783.5,170.77
2022-06-14 11:00:00,659.5,646.67,220.89
2022-06-14 12:00:00,669.4,575.8,269.63
2022-06-14 13:00:00,638.1,742.0,167.42
2022-06-14 14:00:00,414.58,385.56,223.62
2022-06-14 15:00:00,282.5,250.09,199.19
2022-06-14 16:00:00,127.0,211.65,108.31
2022-06-14 17:00:00,8.73,13.49,11.35
2022-06-15 07:00:00,98.65,285.85,49.69
2022-06-15 08:00:00,275.75,493.9,102.97
2022-06-15 09:00:00,457.42,577.84,153.33
2022-06-15 10:00:00,598.88,751.28,106.44
2022-06-15 11:00:00,670.75,761.27,124.05
2022-06-15 12:00:00,702.22,881.16,71.31
2022-06-15 13:00:00,641.75,862.95,71.32
2022-06-15 14:00:00,518.55,783.44,79.3
2022-06-15 15:00:00,341.8,681.36,65.81
2022-06-15 16:00:00,146.48,491.81,48.77
2022-06-15 17:00:00,8.85,39.47,8.02
2022-06-16 07:00:00,113.12,380.35,37.63
2022-06-16 08:00:00,303.15,643.97,66.45
2022-06-16 09:00:00,481.35,772.55,77.74
2022-06-16 10:00:00,614.42,835.31,74.58
2022-06-16 11:00:00,689.75,857.05,80.9
2022-06-16 12:00:00,705.8,893.69,67.19
2022-06-16 13:00:00,648.38,884.2,65.31
2022-06-16 14:00:00,528.83,847.36,60.77
2022-06-16 15:00:00,356.65,759.59,51.58
2022-06-16 16:00:00,156.55,553.9,36.91
2022-06-16 17:00:00,9.65,59.63,7.6
2022-06-17 07:00:00,118.2,443.08,36.32
2022-06-17 08:00:00,315.17,721.62,56.99
2022-06-17 09:00:00,498.08,824.85,69.69
2022-06-17 10:00:00,633.9,878.82,68.79
2022-06-17 11:00:00,708.95,896.81,73.89
2022-06-17 12:00:00,719.1,915.45,65.81
2022-06-17 13:00:00,660.08,907.28,62.58
2022-06-17 14:00:00,538.22,873.52,56.6
2022-06-17 15:00:00,362.52,755.66,52.29
2022-06-17 16:00:00,158.95,570.14,39.33
2022-06-17 17:00:00,9.85,59.51,7.93
2022-06-18 07:00:00,41.3,14.16,37.34
2022-06-18 08:00:00,104.55,25.91,90.32
2022-06-18 09:00:00,171.4,34.49,143.74
2022-06-18 10:00:00,293.73,324.41,156.56
2022-06-18 11:00:00,348.1,274.9,247.58
2022-06-18 12:00:00,276.48,210.06,198.46
2022-06-18 13:00:00,246.73,74.89,200.05
2022-06-18 14:00:00,232.77,174.91,180.76
2022-06-18 15:00:00,151.45,56.25,127.69
2022-06-18 16:00:00,72.8,80.93,58.54
2022-06-18 17:00:00,5.93,4.02,6.52
2022-06-19 07:00:00,47.5,29.6,39.61
2022-06-19 08:00:00,142.12,89.06,105.7
2022-06-19 09:00:00,226.68,107.49,178.57
2022-06-19 10:00:00,343.95,247.88,199.38
2022-06-19 11:00:00,456.17,403.37,188.44
2022-06-19 12:00:00,564.72,441.52,244.9
2022-06-19 13:00:00,578.7,700.59,126.14
2022-06-19 14:00:00,491.73,678.94,109.06
2022-06-19 15:00:00,330.23,584.22,87.64
2022-06-19 16:00:00,144.38,458.62,51.31
2022-06-19 17:00:00,9.15,36.05,8.87
2022-06-20 07:00:00,63.3,149.65,38.85
2022-06-20 08:00:00,163.77,198.94,115.65
2022-06-20 09:00:00,268.05,234.2,181.28
2022-06-20 10:00:00,364.5,289.81,179.09
2022-06-20 11:00:00,516.72,437.54,181.6
2022-06-20 12:00:00,567.95,485.68,219.48
2022-06-20 13:00:00,466.48,458.16,117.36
2022-06-20 14:00:00,421.52,453.04,165.33
2022-06-20 15:00:00,269.67,432.78,114.12
2022-06-20 16:00:00,119.88,273.13,62.45
2022-06-20 17:00:00,7.95,11.24,9.2
2022-06-21 07:00:00,92.85,241.89,48.35
2022-06-21 08:00:00,265.65,516.9,78.26
2022-06-21 09:00:00,439.77,585.89,121.94
2022-06-21 10:00:00,577.75,704.43,133.08
2022-06-21 11:00:00,658.05,737.16,126.55
2022-06-21 12:00:00,688.95,848.38,82.01
2022-06-21 13:00:00,632.6,838.91,76.45
2022-06-21 14:00:00,515.12,803.36,68.4
2022-06-21 15:00:00,346.75,712.26,57.16
2022-06-21 16:00:00,151.95,504.8,40.06
2022-06-21 17:00:00,9.62,44.29,8.13
2022-06-22 07:00:00,102.53,347.81,41.66
2022-06-22 08:00:00,288.8,607.3,71.79
2022-06-22 09:00:00,469.9,766.39,75.01
2022-06-22 10:00:00,607.4,805.35,89.92
2022-06-22 11:00:00,684.2,842.15,87.14
2022-06-22 12:00:00,702.15,880.83,71.98
2022-06-22 13:00:00,642.5,837.73,79.0
2022-06-22 14:00:00,522.4,821.89,74.19
2022-06-22 15:00:00,351.27,734.76,59.77
2022-06-22 16:00:00,155.48,533.15,39.64
2022-06-22 17:00:00,10.2,54.87,8.34
2022-06-23 07:00:00,104.93,364.52,39.68
2022-06-23 08:00:00,296.8,682.1,60.31
2022-06-23 09:00:00,484.77,800.27,67.78
2022-06-23 10:00:00,620.45,859.03,72.28
2022-06-23 11:00:00,696.2,881.09,74.06
2022-06-23 12:00:00,712.3,916.55,62.98
2022-06-23 13:00:00,654.5,900.41,60.59
2022-06-23 14:00:00,534.6,860.95,57.44
2022-06-23 15:00:00,363.1,778.02,48.59
2022-06-23 16:00:00,163.15,580.55,35.66
2022-06-23 17:00:00,11.0,68.8,8.29
2022-06-24 07:00:00,105.65,420.89,41.55
2022-06-24 08:00:00,294.0,590.09,82.38
2022-06-24 09:00:00,475.05,701.33,110.85
2022-06-24 10:00:00,612.1,717.13,146.17
2022-06-24 11:00:00,687.88,795.33,139.02
2022-06-24 12:00:00,694.7,784.0,144.23
2022-06-24 13:00:00,646.85,845.03,111.0
2022-06-24 14:00:00,520.7,689.38,134.59
2022-06-24 15:00:00,341.23,599.52,111.6
2022-06-24 16:00:00,149.02,375.11,69.45
2022-06-24 17:00:00,10.25,22.91,10.77
2022-06-25 07:00:00,103.93,327.95,36.84
2022-06-25 08:00:00,298.77,632.4,64.73
2022-06-25 09:00:00,481.17,775.16,77.62
2022-06-25 10:00:00,616.3,815.26,88.05
2022-06-25 11:00:00,691.2,839.23,93.96
2022-06-25 12:00:00,709.58,879.01,80.67
2022-06-25 13:00:00,643.12,1081.98,93.71
2022-06-25 14:00:00,522.33,765.6,91.19
2022-06-25 15:00:00,342.6,630.36,80.29
2022-06-25 16:00:00,149.48,461.78,54.45
2022-06-25 17:00:00,10.18,32.03,10.27
2022-06-26 07:00:00,87.1,158.28,49.62
2022-06-26 08:00:00,256.12,487.59,94.97
2022-06-26 09:00:00,429.27,610.59,107.58
2022-06-26 10:00:00,589.8,735.59,112.79
2022-06-26 11:00:00,651.3,671.74,176.52
2022-06-26 12:00:00,657.9,589.79,216.97
2022-06-26 13:00:00,574.35,606.49,177.12
2022-06-26 14:00:00,443.2,589.58,210.84
2022-06-26 15:00:00,265.23,363.09,118.68
2022-06-26 16:00:00,122.05,267.82,57.45
2022-06-26 17:00:00,9.12,16.84,10.0
2022-06-27 07:00:00,84.6,159.69,64.34
2022-06-27 08:00:00,255.07,343.33,130.3
2022-06-27 09:00:00,418.5,644.37,106.84
2022-06-27 10:00:00,583.12,722.79,114.33
2022-06-27 11:00:00,659.92,718.63,138.7
2022-06-27 12:00:00,686.5,777.81,117.82
2022-06-27 13:00:00,628.92,801.94,93.86
2022-06-27 14:00:00,505.98,715.02,103.91
2022-06-27 15:00:00,338.25,610.13,88.26
2022-06-27 16:00:00,148.62,425.08,54.19
2022-06-27 17:00:00,10.27,27.6,9.63
2022-06-28 07:00:00,90.53,233.0,48.22
2022-06-28 08:00:00,271.88,510.46,90.65
2022-06-28 09:00:00,451.17,640.68,110.65
2022-06-28 10:00:00,587.92,723.08,123.98
2022-06-28 11:00:00,666.0,773.69,105.98
2022-06-28 12:00:00,700.3,858.81,86.94
2022-06-28 13:00:00,644.85,854.81,75.18
2022-06-28 14:00:00,526.5,810.41,70.36
2022-06-28 15:00:00,356.2,714.54,64.94
2022-06-28 16:00:00,158.7,475.8,45.39
2022-06-28 17:00:00,11.27,50.27,9.15
2022-06-29 07:00:00,102.9,342.24,36.21
2022-06-29 08:00:00,296.7,636.44,62.16
2022-06-29 09:00:00,478.42,772.02,74.4
2022-06-29 10:00:00,613.25,827.85,82.43
2022-06-29 11:00:00,689.03,844.24,87.52
2022-06-29 12:00:00,628.53,646.33,163.87
2022-06-29 13:00:00,574.62,681.01,100.45
2022-06-29 14:00:00,490.38,648.89,123.04
2022-06-29 15:00:00,326.45,584.69,90.87
2022-06-29 16:00:00,146.57,357.09,61.85
2022-06-29 17:00:00,10.75,37.24,10.19
2022-06-30 07:00:00,93.55,265.77,40.66
2022-06-30 08:00:00,278.92,543.91,84.66
2022-06-30 09:00:00,472.0,712.85,95.5
2022-06-30 10:00:00,612.33,810.18,94.05
2022-06-30 11:00:00,692.85,832.9,97.68
2022-06-30 12:00:00,721.35,909.81,67.99
2022-06-30 13:00:00,665.97,903.96,64.48
2022-06-30 14:00:00,545.92,860.36,61.87
2022-06-30 15:00:00,374.25,780.11,56.13
2022-06-30 16:00:00,171.75,557.15,40.41
2022-06-30 17:00:00,13.02,74.49,9.63
2022-07-01 07:00:00,100.93,304.49,47.11
2022-07-01 08:00:00,291.88,624.12,73.96
2022-07-01 09:00:00,473.15,761.27,81.56
2022-07-01 10:00:00,611.1,822.83,81.81
2022-07-01 11:00:00,689.33,831.35,94.46
2022-07-01 12:00:00,710.35,879.79,75.8
2022-07-01 13:00:00,654.78,875.09,70.23
2022-07-01 14:00:00,534.25,822.63,68.94
2022-07-01 15:00:00,362.4,724.5,64.67
2022-07-01 16:00:00,162.95,486.4,46.17
2022-07-01 17:00:00,11.98,46.77,9.91
2022-07-02 07:00:00,98.45,315.61,35.8
2022-07-02 08:00:00,291.48,616.84,65.2
2022-07-02 09:00:00,475.67,751.2,81.66
2022-07-02 10:00:00,613.75,822.86,85.48
2022-07-02 11:00:00,691.75,848.66,86.9
2022-07-02 12:00:00,713.25,899.14,69.77
2022-07-02 13:00:00,656.58,879.87,68.24
2022-07-02 14:00:00,537.33,834.42,65.09
2022-07-02 15:00:00,365.92,742.48,60.51
2022-07-02 16:00:00,166.57,513.22,43.4
2022-07-02 17:00:00,12.62,59.03,8.96
2022-07-03 07:00:00,103.35,353.74,32.56
2022-07-03 08:00:00,299.12,643.17,63.05
2022-07-03 09:00:00,482.23,790.48,71.14
2022-07-03 10:00:00,620.1,838.69,76.15
2022-07-03 11:00:00,698.67,868.05,81.54
2022-07-03 12:00:00,718.8,908.16,68.3
2022-07-03 13:00:00,663.03,899.69,62.59
2022-07-03 14:00:00,544.05,849.43,62.78
2022-07-03 15:00:00,372.27,760.19,58.92
2022-07-03 16:00:00,170.65,530.37,42.9
2022-07-03 17:00:00,13.3,65.15,9.2
2022-07-04 07:00:00,105.28,349.5,35.47
2022-07-04 08:00:00,304.45,661.38,60.81
2022-07-04 09:00:00,489.95,805.22,71.03
2022-07-04 10:00:00,629.17,861.49,76.84
2022-07-04 11:00:00,707.83,881.75,79.44
2022-07-04 12:00:00,729.78,929.94,63.71
2022-07-04 13:00:00,673.05,919.18,59.5
2022-07-04 14:00:00,553.0,868.06,60.57
2022-07-04 15:00:00,380.27,785.16,56.11
2022-07-04 16:00:00,177.73,612.28,37.77
2022-07-04 17:00:00,14.55,84.51,9.29
2022-07-05 07:00:00,104.07,391.03,34.98
2022-07-05 08:00:00,301.73,624.08,77.96
2022-07-05 09:00:00,487.8,781.67,80.08
2022-07-05 10:00:00,628.17,837.04,81.94
2022-07-05 11:00:00,708.5,878.09,81.78
2022-07-05 12:00:00,731.85,918.34,65.91
2022-07-05 13:00:00,675.75,925.26,57.49
2022-07-05 14:00:00,555.28,875.94,58.7
2022-07-05 15:00:00,382.67,793.29,52.49
2022-07-05 16:00:00,179.38,623.83,36.4
2022-07-05 17:00:00,14.93,89.28,9.29
2022-07-06 07:00:00,104.88,412.79,32.9
2022-07-06 08:00:00,301.4,688.15,59.6
2022-07-06 09:00:00,486.12,810.07,70.19
2022-07-06 10:00:00,625.3,833.22,80.95
2022-07-06 11:00:00,704.0,870.44,81.68
2022-07-06 12:00:00,725.3,903.75,68.2
2022-07-06 13:00:00,669.78,909.96,59.76
2022-07-06 14:00:00,549.9,856.03,62.63
2022-07-06 15:00:00,377.95,766.9,56.76
2022-07-06 16:00:00,176.32,584.4,38.52
2022-07-06 17:00:00,14.7,72.76,10.03
2022-07-07 07:00:00,91.93,228.78,55.89
2022-07-07 08:00:00,264.83,365.08,151.34
2022-07-07 09:00:00,433.7,442.78,205.51
2022-07-07 10:00:00,577.08,658.95,172.36
2022-07-07 11:00:00,678.38,742.16,152.4
2022-07-07 12:00:00,702.42,750.05,151.76
2022-07-07 13:00:00,660.1,871.31,78.77
2022-07-07 14:00:00,547.88,827.51,70.31
2022-07-07 15:00:00,376.33,748.02,62.55
2022-07-07 16:00:00,175.3,573.92,38.9
2022-07-07 17:00:00,14.75,69.48,10.17
2022-07-08 07:00:00,102.07,341.46,35.47
2022-07-08 08:00:00,296.12,635.86,61.77
2022-07-08 09:00:00,476.2,790.62,70.76
2022-07-08 10:00:00,612.65,805.23,89.82
2022-07-08 11:00:00,688.4,797.03,105.74
2022-07-08 12:00:00,658.72,649.04,199.3
2022-07-08 13:00:00,630.78,747.12,131.53
2022-07-08 14:00:00,521.17,766.63,87.05
2022-07-08 15:00:00,354.55,715.39,58.24
2022-07-08 16:00:00,166.52,558.59,40.16
2022-07-08 17:00:00,14.38,79.77,11.35
2022-07-09 07:00:00,97.03,275.97,38.37
2022-07-09 08:00:00,288.95,565.8,78.21
2022-07-09 09:00:00,474.62,737.71,85.07
2022-07-09 10:00:00,614.85,798.93,89.22
2022-07-09 11:00:00,696.25,839.36,92.7
2022-07-09 12:00:00,726.7,904.36,69.98
2022-07-09 13:00:00,671.42,899.41,63.4
2022-07-09 14:00:00,552.22,843.56,67.3
2022-07-09 15:00:00,379.4,741.78,64.06
2022-07-09 16:00:00,175.43,536.08,46.14
2022-07-09 17:00:00,14.95,50.85,11.1
2022-07-10 07:00:00,97.97,285.86,45.4
2022-07-10 08:00:00,288.0,535.2,94.16
2022-07-10 09:00:00,476.35,728.44,92.14
2022-07-10 10:00:00,602.55,737.61,118.12
2022-07-10 11:00:00,657.88,715.18,174.09
2022-07-10 12:00:00,606.88,413.18,235.84
2022-07-10 13:00:00,551.6,683.06,168.41
2022-07-10 14:00:00,500.08,599.14,173.39
2022-07-10 15:00:00,335.12,592.82,103.11
2022-07-10 16:00:00,158.52,329.96,68.05
2022-07-10 17:00:00,14.6,37.97,12.6
2022-07-11 07:00:00,98.0,227.66,47.62
2022-07-11 08:00:00,287.23,559.44,81.68
2022-07-11 09:00:00,474.38,719.99,88.9
2022-07-11 10:00:00,622.35,809.87,87.95
2022-07-11 11:00:00,692.17,806.65,114.27
2022-07-11 12:00:00,723.47,755.35,117.98
2022-07-11 13:00:00,671.97,867.48,79.59
2022-07-11 14:00:00,555.22,837.3,74.67
2022-07-11 15:00:00,385.27,767.73,57.15
2022-07-11 16:00:00,184.23,578.99,41.66
2022-07-11 17:00:00,17.25,87.84,11.13
2022-07-12 07:00:00,101.3,265.05,43.74
2022-07-12 08:00:00,284.2,440.49,117.35
2022-07-12 09:00:00,455.83,544.66,179.47
2022-07-12 10:00:00,513.25,430.13,225.9
2022-07-12 11:00:00,588.62,366.8,332.59
2022-07-12 12:00:00,640.8,343.71,356.37
2022-07-12 13:00:00,552.22,406.23,247.42
2022-07-12 14:00:00,407.52,330.09,248.99
2022-07-12 15:00:00,266.7,162.38,204.8
2022-07-12 16:00:00,119.4,90.7,80.48
2022-07-12 17:00:00,12.4,9.8,15.49
2022-07-13 07:00:00,79.9,161.37,48.47
2022-07-13 08:00:00,229.23,361.11,115.02
2022-07-13 09:00:00,385.5,376.57,190.24
2022-07-13 10:00:00,507.27,491.59,192.87
2022-07-13 11:00:00,588.65,587.18,175.76
2022-07-13 12:00:00,570.1,472.42,200.68
2022-07-13 13:00:00,549.5,471.3,233.34
2022-07-13 14:00:00,424.23,634.04,124.37
2022-07-13 15:00:00,300.98,458.98,111.1
2022-07-13 16:00:00,146.1,410.98,53.73
2022-07-13 17:00:00,14.9,36.51,12.86
2022-07-14 07:00:00,82.07,168.03,44.71
2022-07-14 08:00:00,229.15,352.14,115.87
2022-07-14 09:00:00,377.6,503.07,113.53
2022-07-14 10:00:00,563.17,658.84,122.97
2022-07-14 11:00:00,661.08,641.85,178.43
2022-07-14 12:00:00,675.28,560.71,210.52
2022-07-14 13:00:00,614.03,790.22,91.23
2022-07-14 14:00:00,530.58,721.42,100.77
2022-07-14 15:00:00,354.3,671.24,96.95
2022-07-14 16:00:00,165.0,340.65,82.62
2022-07-14 17:00:00,15.57,26.38,15.09
2022-07-15 07:00:00,93.0,249.12,53.0
2022-07-15 08:00:00,275.27,504.33,118.8
2022-07-15 09:00:00,453.17,584.08,123.0
2022-07-15 10:00:00,575.1,528.68,208.18
2022-07-15 11:00:00,665.72,647.05,204.21
2022-07-15 12:00:00,632.5,550.47,280.93
2022-07-15 13:00:00,615.1,678.47,257.64
2022-07-15 14:00:00,424.73,156.43,300.21
2022-07-15 15:00:00,291.73,94.44,242.15
2022-07-15 16:00:00,137.8,81.46,114.06
2022-07-15 17:00:00,14.12,13.44,16.53
2022-07-16 07:00:00,86.03,207.58,65.85
2022-07-16 08:00:00,238.23,216.31,187.87
2022-07-16 09:00:00,378.17,144.09,261.87
2022-07-16 10:00:00,553.15,625.57,235.44
2022-07-16 11:00:00,545.72,246.31,366.24
2022-07-16 12:00:00,573.47,225.59,392.28
2022-07-16 13:00:00,587.28,530.09,307.76
2022-07-16 14:00:00,480.2,466.33,222.23
2022-07-16 15:00:00,323.83,323.01,206.01
2022-07-16 16:00:00,155.43,200.07,108.82
2022-07-16 17:00:00,14.65,16.77,16.36
2022-07-17 07:00:00,94.05,210.47,50.75
2022-07-17 08:00:00,277.02,541.06,83.98
2022-07-17 09:00:00,470.83,693.73,95.26
2022-07-17 10:00:00,608.35,746.21,113.1
2022-07-17 11:00:00,687.67,785.92,108.99
2022-07-17 12:00:00,716.4,835.78,90.81
2022-07-17 13:00:00,657.83,828.85,82.61
2022-07-17 14:00:00,511.92,640.29,127.11
2022-07-17 15:00:00,351.92,612.6,78.83
2022-07-17 16:00:00,169.95,409.27,66.72
2022-07-17 17:00:00,17.12,63.73,12.29
2022-07-18 07:00:00,96.6,225.11,45.99
2022-07-18 08:00:00,275.85,465.22,95.33
2022-07-18 09:00:00,461.1,613.46,126.09
2022-07-18 10:00:00,605.1,712.06,123.13
2022-07-18 11:00:00,686.12,729.96,139.77
2022-07-18 12:00:00,738.42,892.24,72.88
2022-07-18 13:00:00,684.95,880.97,73.56
2022-07-18 14:00:00,567.38,832.3,71.04
2022-07-18 15:00:00,395.1,748.94,65.94
2022-07-18 16:00:00,191.75,540.74,52.69
2022-07-18 17:00:00,20.0,93.26,13.91
2022-07-19 07:00:00,99.7,236.45,49.37
2022-07-19 08:00:00,288.6,539.33,83.37
2022-07-19 09:00:00,480.45,701.53,97.69
2022-07-19 10:00:00,625.25,778.85,103.93
2022-07-19 11:00:00,708.17,801.94,111.75
2022-07-19 12:00:00,735.15,862.7,91.66
2022-07-19 13:00:00,680.35,848.96,85.41
2022-07-19 14:00:00,552.6,762.01,89.84
2022-07-19 15:00:00,382.0,627.79,101.74
2022-07-19 16:00:00,185.1,531.84,56.15
2022-07-19 17:00:00,19.52,73.79,13.23
2022-07-20 07:00:00,102.1,251.09,48.42
2022-07-20 08:00:00,289.98,512.85,95.52
2022-07-20 09:00:00,482.23,677.7,114.62
2022-07-20 10:00:00,627.12,757.56,110.97
2022-07-20 11:00:00,709.25,787.94,128.97
2022-07-20 12:00:00,736.08,865.97,88.76
2022-07-20 13:00:00,665.83,819.5,92.88
2022-07-20 14:00:00,553.62,774.13,90.12
2022-07-20 15:00:00,376.35,696.12,69.61
2022-07-20 16:00:00,179.52,479.66,59.78
2022-07-20 17:00:00,19.45,91.24,13.57
2022-07-21 07:00:00,108.0,317.5,44.51
2022-07-21 08:00:00,303.27,589.97,79.2
2022-07-21 09:00:00,494.45,718.54,104.09
2022-07-21 10:00:00,638.97,811.67,93.57
2022-07-21 11:00:00,695.9,615.35,195.77
2022-07-21 12:00:00,699.5,664.41,191.92
2022-07-21 13:00:00,632.95,700.77,153.11
2022-07-21 14:00:00,523.42,692.09,149.39
2022-07-21 15:00:00,352.23,575.5,105.85
2022-07-21 16:00:00,177.73,436.83,67.28
2022-07-21 17:00:00,20.88,75.86,16.19
2022-07-22 07:00:00,109.93,329.6,42.24
2022-07-22 08:00:00,303.6,600.89,76.35
2022-07-22 09:00:00,493.05,743.52,92.01
2022-07-22 10:00:00,644.6,826.34,88.53
2022-07-22 11:00:00,727.55,856.86,89.38
2022-07-22 12:00:00,751.95,897.47,73.45
2022-07-22 13:00:00,697.38,885.63,72.35
2022-07-22 14:00:00,574.8,793.57,83.1
2022-07-22 15:00:00,400.75,750.76,66.4
2022-07-22 16:00:00,197.35,512.77,54.95
2022-07-22 17:00:00,22.23,106.39,14.06
2022-07-23 07:00:00,113.9,392.32,38.12
2022-07-23 08:00:00,309.42,636.86,80.36
2022-07-23 09:00:00,496.8,765.59,80.27
2022-07-23 10:00:00,641.0,853.22,76.39
2022-07-23 11:00:00,725.33,843.79,96.17
2022-07-23 12:00:00,750.95,890.99,73.79
2022-07-23 13:00:00,697.38,873.12,76.35
2022-07-23 14:00:00,578.47,846.57,69.62
2022-07-23 15:00:00,404.48,727.19,69.1
2022-07-23 16:00:00,199.45,542.75,50.24
2022-07-23 17:00:00,22.52,101.79,14.67
2022-07-24 07:00:00,114.45,359.92,42.72
2022-07-24 08:00:00,310.92,610.45,78.02
2022-07-24 09:00:00,499.3,752.27,85.0
2022-07-24 10:00:00,642.9,810.34,99.25
2022-07-24 11:00:00,727.85,840.81,95.2
2022-07-24 12:00:00,755.8,892.48,76.29
2022-07-24 13:00:00,700.2,876.8,76.58
2022-07-24 14:00:00,580.1,838.19,73.88
2022-07-24 15:00:00,403.8,769.51,60.28
2022-07-24 16:00:00,197.55,495.8,62.61
2022-07-24 17:00:00,22.67,104.65,15.2
2022-07-25 07:00:00,119.6,379.6,42.59
2022-07-25 08:00:00,320.35,655.64,72.54
2022-07-25 09:00:00,510.65,776.8,83.65
2022-07-25 10:00:00,655.17,839.67,83.45
2022-07-25 11:00:00,738.5,863.38,88.34
2022-07-25 12:00:00,765.05,903.18,71.31
2022-07-25 13:00:00,710.12,897.47,68.47
2022-07-25 14:00:00,589.53,860.28,68.96
2022-07-25 15:00:00,415.2,782.62,58.44
2022-07-25 16:00:00,207.57,579.05,50.16
2022-07-25 17:00:00,24.83,127.05,14.52
2022-07-26 07:00:00,119.7,385.53,43.45
2022-07-26 08:00:00,318.17,642.04,75.12
2022-07-26 09:00:00,508.1,747.16,103.87
2022-07-26 10:00:00,652.85,814.55,102.15
2022-07-26 11:00:00,736.45,832.9,104.14
2022-07-26 12:00:00,765.6,894.81,78.41
2022-07-26 13:00:00,711.08,895.4,72.38
2022-07-26 14:00:00,588.75,850.91,72.01
2022-07-26 15:00:00,411.0,750.95,65.24
2022-07-26 16:00:00,202.32,549.9,53.2
2022-07-26 17:00:00,23.67,91.0,15.74
2022-07-27 07:00:00,117.55,352.95,47.39
2022-07-27 08:00:00,314.95,619.05,73.77
2022-07-27 09:00:00,505.38,713.21,103.48
2022-07-27 10:00:00,650.53,801.96,100.27
2022-07-27 11:00:00,734.33,839.55,100.9
2022-07-27 12:00:00,767.78,899.78,75.11
2022-07-27 13:00:00,712.55,897.41,70.52
2022-07-27 14:00:00,590.45,836.17,76.18
2022-07-27 15:00:00,414.12,746.83,67.96
2022-07-27 16:00:00,206.7,562.14,50.85
2022-07-27 17:00:00,24.98,104.29,15.75
2022-07-28 07:00:00,115.9,351.36,60.27
2022-07-28 08:00:00,312.48,661.57,86.54
2022-07-28 09:00:00,511.6,759.93,87.84
2022-07-28 10:00:00,645.38,748.02,127.69
2022-07-28 11:00:00,734.55,812.07,111.44
2022-07-28 12:00:00,728.62,1170.8,249.41
2022-07-28 13:00:00,624.72,423.46,334.39
2022-07-28 14:00:00,512.08,567.82,165.63
2022-07-28 15:00:00,366.4,589.34,117.53
2022-07-28 16:00:00,186.32,540.81,68.93
2022-07-28 17:00:00,23.55,82.13,16.91
2022-07-29 07:00:00,117.35,338.34,48.71
2022-07-29 08:00:00,304.95,583.65,81.78
2022-07-29 09:00:00,492.98,690.83,93.99
2022-07-29 10:00:00,638.08,763.47,107.34
2022-07-29 11:00:00,689.9,700.7,151.52
2022-07-29 12:00:00,638.92,527.9,209.21
2022-07-29 13:00:00,428.25,281.2,216.68
2022-07-29 14:00:00,294.65,211.38,177.21
2022-07-29 15:00:00,208.55,313.54,105.26
2022-07-29 16:00:00,99.05,155.53,68.78
2022-07-29 17:00:00,14.55,16.89,13.3
2022-07-30 07:00:00,110.6,214.96,63.29
2022-07-30 08:00:00,299.85,453.51,113.1
2022-07-30 09:00:00,500.42,647.07,122.62
2022-07-30 10:00:00,653.25,742.02,127.61
2022-07-30 11:00:00,743.15,795.3,119.37
2022-07-30 12:00:00,784.6,900.06,81.41
2022-07-30 13:00:00,732.03,902.28,77.29
2022-07-30 14:00:00,612.6,874.15,70.82
2022-07-30 15:00:00,437.9,805.61,60.81
2022-07-30 16:00:00,225.27,622.37,47.42
2022-07-30 17:00:00,30.4,182.14,14.28
2022-07-31 06:00:00,3.8,26.06,3.82
2022-07-31 07:00:00,129.93,444.79,36.8
2022-07-31 08:00:00,343.92,702.53,64.97
2022-07-31 09:00:00,535.45,822.94,69.92
2022-07-31 10:00:00,680.67,870.95,79.94
2022-07-31 11:00:00,764.45,889.72,80.94
2022-07-31 12:00:00,788.03,925.87,67.84
2022-07-31 13:00:00,729.67,906.56,70.4
2022-07-31 14:00:00,607.88,861.8,76.46
2022-07-31 15:00:00,431.23,779.91,63.86
2022-07-31 16:00:00,220.6,590.7,50.22
2022-07-31 17:00:00,29.25,153.21,14.99
2022-08-01 06:00:00,3.4,9.38,4.83
2022-08-01 07:00:00,100.38,273.07,50.3
2022-08-01 08:00:00,263.45,389.35,120.18
2022-08-01 09:00:00,416.6,419.02,175.2
2022-08-01 10:00:00,628.97,645.3,174.03
2022-08-01 11:00:00,743.9,814.89,115.11
2022-08-01 12:00:00,673.35,585.66,202.41
2022-08-01 13:00:00,538.95,440.26,200.76
2022-08-01 14:00:00,398.62,256.74,229.37
2022-08-01 15:00:00,260.3,358.11,117.53
2022-08-01 16:00:00,135.43,287.1,67.44
2022-08-01 17:00:00,20.67,80.78,16.17
2022-08-02 06:00:00,3.6,7.33,4.32
2022-08-02 07:00:00,109.88,304.19,54.51
2022-08-02 08:00:00,298.6,527.42,102.44
2022-08-02 09:00:00,487.55,620.76,135.82
2022-08-02 10:00:00,641.78,710.52,135.38
2022-08-02 11:00:00,747.4,822.59,105.23
2022-08-02 12:00:00,757.72,792.78,131.22
2022-08-02 13:00:00,694.38,739.38,130.54
2022-08-02 14:00:00,545.8,722.95,142.98
2022-08-02 15:00:00,377.12,494.23,141.71
2022-08-02 16:00:00,189.45,485.97,60.82
2022-08-02 17:00:00,25.95,113.36,16.6
2022-08-03 06:00:00,4.1,16.11,4.45
2022-08-03 07:00:00,124.62,377.03,44.32
2022-08-03 08:00:00,332.85,617.65,80.48
2022-08-03 09:00:00,525.05,732.72,100.06
2022-08-03 10:00:00,670.72,806.14,101.83
2022-08-03 11:00:00,753.28,844.03,96.16
2022-08-03 12:00:00,780.03,859.34,101.05
2022-08-03 13:00:00,723.28,850.39,93.22
2022-08-03 14:00:00,595.8,772.2,108.7
2022-08-03 15:00:00,416.27,646.32,97.92
2022-08-03 16:00:00,208.68,484.33,70.04
2022-08-03 17:00:00,28.05,147.66,19.67
2022-08-04 06:00:00,4.05,7.66,5.24
2022-08-04 07:00:00,106.3,226.62,60.02
2022-08-04 08:00:00,284.4,309.91,147.42
2022-08-04 09:00:00,441.62,361.58,281.13
2022-08-04 10:00:00,587.97,525.27,245.2
2022-08-04 11:00:00,638.35,455.24,250.76
2022-08-04 12:00:00,642.3,361.09,338.34
2022-08-04 13:00:00,619.4,513.81,254.33
2022-08-04 14:00:00,510.48,313.9,268.78
2022-08-04 15:00:00,348.08,322.07,224.14
2022-08-04 16:00:00,170.45,208.74,112.32
2022-08-04 17:00:00,23.98,32.33,24.82
2022-08-05 06:00:00,4.28,8.28,4.85
2022-08-05 07:00:00,117.25,302.65,49.07
2022-08-05 08:00:00,315.4,527.05,95.16
2022-08-05 09:00:00,500.67,633.44,126.69
2022-08-05 10:00:00,638.62,680.13,146.06
2022-08-05 11:00:00,710.12,653.08,167.36
2022-08-05 12:00:00,722.88,633.25,204.17
2022-08-05 13:00:00,614.67,691.08,124.09
2022-08-05 14:00:00,498.83,436.14,227.06
2022-08-05 15:00:00,324.73,302.73,158.98
2022-08-05 16:00:00,153.0,168.5,99.21
2022-08-05 17:00:00,18.92,26.84,19.72
2022-08-06 06:00:00,4.57,13.39,5.03
2022-08-06 07:00:00,121.57,354.45,47.8
2022-08-06 08:00:00,320.4,522.1,101.56
2022-08-06 09:00:00,504.05,685.53,107.89
2022-08-06 10:00:00,656.6,741.28,122.67
2022-08-06 11:00:00,736.67,773.15,118.06
2022-08-06 12:00:00,734.17,704.41,181.15
2022-08-06 13:00:00,601.65,607.65,143.39
2022-08-06 14:00:00,449.88,379.64,238.88
2022-08-06 15:00:00,298.95,270.43,196.19
2022-08-06 16:00:00,144.15,135.27,117.09
2022-08-06 17:00:00,22.95,11.96,22.95
2022-08-07 06:00:00,3.85,1.95,5.41
2022-08-07 07:00:00,85.6,86.66,61.03
2022-08-07 08:00:00,233.45,229.92,150.91
2022-08-07 09:00:00,390.92,285.9,215.49
2022-08-07 10:00:00,585.78,455.64,249.2
2022-08-07 11:00:00,553.42,321.29,257.44
2022-08-07 12:00:00,577.72,319.27,316.83
2022-08-07 13:00:00,591.9,161.84,407.95
2022-08-07 14:00:00,267.05,153.95,194.69
2022-08-07 15:00:00,182.05,88.98,118.29
2022-08-07 16:00:00,90.03,59.23,73.96
2022-08-07 17:00:00,12.4,0.0,12.93
2022-08-08 06:00:00,1.17,0.0,1.44
2022-08-08 07:00:00,27.98,1.13,25.15
2022-08-08 08:00:00,59.83,1.48,52.28
2022-08-08 09:00:00,83.28,2.45,69.31
2022-08-08 10:00:00,91.07,0.85,73.52
2022-08-08 11:00:00,64.75,1.14,53.82
2022-08-08 12:00:00,136.25,2.2,108.53
2022-08-08 13:00:00,190.73,5.34,153.33
2022-08-08 14:00:00,141.4,0.43,121.77
2022-08-08 15:00:00,95.03,11.54,65.49
2022-08-08 16:00:00,46.6,9.99,34.19
2022-08-08 17:00:00,6.53,0.0,6.8
2022-08-09 06:00:00,2.58,0.0,3.16
2022-08-09 07:00:00,34.72,10.96,31.04
2022-08-09 08:00:00,103.72,8.21,90.22
2022-08-09 09:00:00,168.25,9.12,140.37
2022-08-09 10:00:00,271.23,44.94,213.84
2022-08-09 11:00:00,349.73,5.69,290.77
2022-08-09 12:00:00,387.05,258.18,283.0
2022-08-09 13:00:00,252.93,3.74,205.04
2022-08-09 14:00:00,164.85,3.56,141.5
2022-08-09 15:00:00,114.82,14.16,93.35
2022-08-09 16:00:00,56.55,7.25,49.6
2022-08-09 17:00:00,7.15,0.0,7.46
2022-08-10 06:00:00,2.28,0.0,2.79
2022-08-10 07:00:00,33.72,5.27,30.92
2022-08-10 08:00:00,81.45,11.62,71.34
2022-08-10 09:00:00,127.25,22.07,104.51
2022-08-10 10:00:00,146.07,22.68,114.96
2022-08-10 11:00:00,225.15,40.67,165.51
2022-08-10 12:00:00,272.12,152.33,153.88
2022-08-10 13:00:00,590.03,541.7,207.95
2022-08-10 14:00:00,538.05,490.32,221.6
2022-08-10 15:00:00,367.48,659.17,84.35
2022-08-10 16:00:00,202.05,519.67,61.72
2022-08-10 17:00:00,34.12,188.08,20.69
2022-08-11 06:00:00,6.7,13.86,7.77
2022-08-11 07:00:00,131.35,297.03,73.11
2022-08-11 08:00:00,323.52,446.08,142.7
2022-08-11 09:00:00,505.75,477.52,205.32
2022-08-11 10:00:00,651.17,666.41,184.36
2022-08-11 11:00:00,716.47,628.91,204.55
2022-08-11 12:00:00,737.08,572.63,243.95
2022-08-11 13:00:00,668.72,777.07,120.59
2022-08-11 14:00:00,620.6,804.41,101.66
2022-08-11 15:00:00,444.92,773.23,76.78
2022-08-11 16:00:00,235.4,531.86,71.95
2022-08-11 17:00:00,36.35,118.69,23.1
2022-08-12 06:00:00,8.38,36.29,7.98
2022-08-12 07:00:00,165.43,538.74,41.09
2022-08-12 08:00:00,392.58,778.42,62.23
2022-08-12 09:00:00,593.97,877.72,68.29
2022-08-12 10:00:00,742.03,919.6,73.48
2022-08-12 11:00:00,825.03,928.28,78.54
2022-08-12 12:00:00,837.2,923.14,79.61
2022-08-12 13:00:00,746.62,848.76,81.51
2022-08-12 14:00:00,648.35,847.3,76.27
2022-08-12 15:00:00,465.7,797.62,69.26
2022-08-12 16:00:00,246.8,659.38,49.58
2022-08-12 17:00:00,39.47,195.76,19.75
2022-08-13 06:00:00,7.95,28.21,7.33
2022-08-13 07:00:00,155.52,453.54,48.55
2022-08-13 08:00:00,373.92,693.58,74.8
2022-08-13 09:00:00,570.78,791.51,90.38
2022-08-13 10:00:00,717.62,844.7,94.92
2022-08-13 11:00:00,801.15,859.21,98.06
2022-08-13 12:00:00,839.8,955.33,64.15
2022-08-13 13:00:00,780.05,934.42,64.95
2022-08-13 14:00:00,653.6,906.22,63.38
2022-08-13 15:00:00,470.27,847.86,53.99
2022-08-13 16:00:00,250.52,661.33,52.93
2022-08-13 17:00:00,40.83,215.22,19.34
2022-08-14 06:00:00,8.6,34.55,7.68
2022-08-14 07:00:00,160.1,474.03,47.27
2022-08-14 08:00:00,380.77,713.55,68.84
2022-08-14 09:00:00,577.5,810.91,83.78
2022-08-14 10:00:00,724.97,863.65,87.2
2022-08-14 11:00:00,808.62,876.59,90.36
2022-08-14 12:00:00,838.45,944.32,67.9
2022-08-14 13:00:00,778.83,923.22,68.83
2022-08-14 14:00:00,652.15,893.33,67.33
2022-08-14 15:00:00,469.1,826.96,59.85
2022-08-14 16:00:00,254.68,649.92,59.24
2022-08-14 17:00:00,41.15,207.37,20.03
2022-08-15 06:00:00,9.75,51.61,8.03
2022-08-15 07:00:00,171.23,536.0,43.31
2022-08-15 08:00:00,397.9,771.98,60.15
2022-08-15 09:00:00,597.78,875.34,68.45
2022-08-15 10:00:00,746.15,912.01,73.09
2022-08-15 11:00:00,829.8,922.89,74.65
2022-08-15 12:00:00,850.78,962.5,63.59
2022-08-15 13:00:00,790.0,940.59,64.93
2022-08-15 14:00:00,661.17,907.33,63.48
2022-08-15 15:00:00,474.92,839.95,57.97
2022-08-15 16:00:00,253.23,656.56,54.64
2022-08-15 17:00:00,41.53,205.26,20.28
2022-08-16 06:00:00,9.23,32.39,9.05
2022-08-16 07:00:00,150.93,370.21,65.03
2022-08-16 08:00:00,350.35,592.84,117.08
2022-08-16 09:00:00,530.17,584.47,165.54
2022-08-16 10:00:00,587.38,546.71,214.13
2022-08-16 11:00:00,657.8,523.15,268.65
2022-08-16 12:00:00,735.05,555.43,256.26
2022-08-16 13:00:00,721.72,1053.17,124.15
2022-08-16 14:00:00,580.88,657.0,161.41
2022-08-16 15:00:00,381.0,533.77,128.0
2022-08-16 16:00:00,198.85,334.36,88.06
2022-08-16 17:00:00,31.9,98.38,22.27
2022-08-17 06:00:00,7.15,7.86,10.24
2022-08-17 07:00:00,95.47,66.5,79.13
2022-08-17 08:00:00,244.27,65.47,178.19
2022-08-17 09:00:00,370.0,371.51,197.88
2022-08-17 10:00:00,372.08,39.61,294.54
2022-08-17 11:00:00,410.33,560.35,206.8
2022-08-17 12:00:00,512.33,442.33,287.54
2022-08-17 13:00:00,567.83,306.6,330.25
2022-08-17 14:00:00,333.85,244.38,182.68
2022-08-17 15:00:00,251.2,292.41,152.78
2022-08-17 16:00:00,141.07,209.93,77.56
2022-08-17 17:00:00,27.23,62.64,23.31
2022-08-18 06:00:00,9.93,14.34,11.05
2022-08-18 07:00:00,158.2,324.12,81.01
2022-08-18 08:00:00,374.17,601.24,103.57
2022-08-18 09:00:00,581.95,795.92,86.25
2022-08-18 10:00:00,717.9,746.44,147.76
2022-08-18 11:00:00,690.38,584.04,228.76
2022-08-18 12:00:00,755.9,617.11,225.61
2022-08-18 13:00:00,709.75,769.46,123.29
2022-08-18 14:00:00,501.6,464.78,184.53
2022-08-18 15:00:00,332.4,427.18,120.38
2022-08-18 16:00:00,165.98,315.18,89.25
2022-08-18 17:00:00,26.83,46.31,24.26
2022-08-19 06:00:00,4.75,0.0,6.71
2022-08-19 07:00:00,54.58,42.84,44.51
2022-08-19 08:00:00,139.48,41.68,110.3
2022-08-19 09:00:00,225.45,135.51,136.69
2022-08-19 10:00:00,321.27,165.31,188.79
2022-08-19 11:00:00,411.85,192.63,241.6
2022-08-19 12:00:00,564.4,325.67,262.71
2022-08-19 13:00:00,545.97,363.16,272.33
2022-08-19 14:00:00,400.4,190.7,239.06
2022-08-19 15:00:00,261.85,211.83,165.12
2022-08-19 16:00:00,134.93,88.87,106.8
2022-08-19 17:00:00,17.0,15.46,16.59
2022-08-20 06:00:00,3.97,0.0,4.12
2022-08-20 07:00:00,64.72,35.36,50.69
2022-08-20 08:00:00,161.95,56.01,142.75
2022-08-20 09:00:00,286.4,115.97,201.0
2022-08-20 10:00:00,358.85,175.23,225.72
2022-08-20 11:00:00,319.75,227.2,230.48
2022-08-20 12:00:00,340.92,368.19,228.65
2022-08-20 13:00:00,269.55,30.95,220.73
2022-08-20 14:00:00,186.85,42.41,142.36
2022-08-20 15:00:00,116.95,39.8,92.6
2022-08-20 16:00:00,62.88,19.03,45.98
2022-08-20 17:00:00,9.02,6.32,8.99
2022-08-21 06:00:00,9.43,21.19,9.6
2022-08-21 07:00:00,130.93,338.61,59.45
2022-08-21 08:00:00,307.12,481.62,93.82
2022-08-21 09:00:00,504.33,531.82,177.33
2022-08-21 10:00:00,663.38,557.25,202.81
2022-08-21 11:00:00,697.25,611.89,182.84
2022-08-21 12:00:00,800.0,777.81,154.3
2022-08-21 13:00:00,738.45,789.98,112.91
2022-08-21 14:00:00,598.53,699.29,137.0
2022-08-21 15:00:00,406.35,509.74,131.32
2022-08-21 16:00:00,207.7,427.58,82.43
2022-08-21 17:00:00,34.35,68.16,25.37
2022-08-22 06:00:00,12.35,20.44,10.71
2022-08-22 07:00:00,166.43,365.16,68.28
2022-08-22 08:00:00,374.33,542.74,115.17
2022-08-22 09:00:00,567.9,649.93,143.07
2022-08-22 10:00:00,713.2,706.37,151.52
2022-08-22 11:00:00,787.2,695.45,176.33
2022-08-22 12:00:00,836.2,847.27,110.45
2022-08-22 13:00:00,779.15,831.3,112.39
2022-08-22 14:00:00,642.58,766.34,115.68
2022-08-22 15:00:00,455.95,691.1,94.35
2022-08-22 16:00:00,240.7,520.89,72.77
2022-08-22 17:00:00,41.67,138.22,24.29
2022-08-23 06:00:00,14.5,43.12,11.33
2022-08-23 07:00:00,183.23,463.19,57.62
2022-08-23 08:00:00,404.08,672.01,87.5
2022-08-23 09:00:00,603.05,770.81,105.48
2022-08-23 10:00:00,751.88,836.0,102.59
2022-08-23 11:00:00,834.08,849.83,111.59
2022-08-23 12:00:00,854.15,908.85,78.69
2022-08-23 13:00:00,790.3,874.07,91.63
2022-08-23 14:00:00,636.65,763.21,118.0
2022-08-23 15:00:00,432.15,598.09,115.18
2022-08-23 16:00:00,224.05,438.6,87.35
2022-08-23 17:00:00,37.45,104.09,23.0
2022-08-24 06:00:00,14.55,30.22,12.68
2022-08-24 07:00:00,161.6,332.96,76.22
2022-08-24 08:00:00,345.05,476.21,134.66
2022-08-24 09:00:00,515.35,434.15,211.15
2022-08-24 10:00:00,645.5,589.12,189.68
2022-08-24 11:00:00,711.9,579.01,248.25
2022-08-24 12:00:00,678.08,442.17,321.25
2022-08-24 13:00:00,451.8,204.5,282.75
2022-08-24 14:00:00,333.45,290.07,141.22
2022-08-24 15:00:00,262.17,221.0,162.53
2022-08-24 16:00:00,122.55,93.11,90.42
2022-08-24 17:00:00,19.85,14.18,20.66
2022-08-25 06:00:00,6.53,6.31,7.83
2022-08-25 07:00:00,93.25,132.59,69.16
2022-08-25 08:00:00,215.25,95.65,153.94
2022-08-25 09:00:00,341.38,213.14,229.05
2022-08-25 10:00:00,527.92,311.23,294.4
2022-08-25 11:00:00,603.5,322.46,324.66
2022-08-25 12:00:00,644.3,386.9,300.37
2022-08-25 13:00:00,482.85,255.89,306.0
2022-08-25 14:00:00,304.98,434.28,147.84
2022-08-25 15:00:00,222.55,218.08,167.0
2022-08-25 16:00:00,102.72,154.7,73.87
2022-08-25 17:00:00,16.35,50.32,15.96
2022-08-26 06:00:00,13.75,29.3,14.34
2022-08-26 07:00:00,148.75,230.09,78.65
2022-08-26 08:00:00,337.08,473.06,128.62
2022-08-26 09:00:00,514.42,550.01,176.2
2022-08-26 10:00:00,652.83,623.44,198.6
2022-08-26 11:00:00,683.55,548.64,232.03
2022-08-26 12:00:00,564.05,381.74,233.14
2022-08-26 13:00:00,390.45,466.53,166.18
2022-08-26 14:00:00,371.23,124.66,242.68
2022-08-26 15:00:00,249.02,167.53,167.27
2022-08-26 16:00:00,120.7,59.09,100.9
2022-08-26 17:00:00,25.8,23.13,23.37
2022-08-27 06:00:00,17.85,49.19,13.4
2022-08-27 07:00:00,193.52,480.36,58.66
2022-08-27 08:00:00,419.17,676.87,89.35
2022-08-27 09:00:00,622.08,785.33,105.91
2022-08-27 10:00:00,771.97,856.01,95.62
2022-08-27 11:00:00,760.95,509.59,270.94
2022-08-27 12:00:00,781.47,586.08,275.98
2022-08-27 13:00:00,734.92,734.52,155.76
2022-08-27 14:00:00,633.4,719.11,154.27
2022-08-27 15:00:00,445.88,509.77,156.42
2022-08-27 16:00:00,230.52,401.74,90.05
2022-08-27 17:00:00,43.42,95.95,30.07
2022-08-28 06:00:00,19.8,75.76,14.39
2022-08-28 07:00:00,201.25,477.23,64.76
2022-08-28 08:00:00,427.15,698.97,88.65
2022-08-28 09:00:00,625.3,802.17,92.89
2022-08-28 10:00:00,776.78,828.02,108.45
2022-08-28 11:00:00,849.75,800.99,148.61
2022-08-28 12:00:00,827.25,827.15,143.18
2022-08-28 13:00:00,732.53,849.67,105.21
2022-08-28 14:00:00,661.75,731.7,142.88
2022-08-28 15:00:00,470.4,635.69,120.75
2022-08-28 16:00:00,242.93,526.49,70.79
2022-08-28 17:00:00,42.72,127.12,25.66
2022-08-29 06:00:00,17.38,29.79,14.04
2022-08-29 07:00:00,177.45,333.41,81.49
2022-08-29 08:00:00,383.65,540.51,124.3
2022-08-29 09:00:00,585.8,632.49,174.41
2022-08-29 10:00:00,741.42,735.29,135.69
2022-08-29 11:00:00,802.7,750.27,158.95
2022-08-29 12:00:00,651.83,520.57,231.45
2022-08-29 13:00:00,572.6,747.73,173.76
2022-08-29 14:00:00,498.05,469.87,256.49
2022-08-29 15:00:00,346.98,273.71,208.55
2022-08-29 16:00:00,166.98,330.07,90.95
2022-08-29 17:00:00,32.35,88.02,25.55
2022-08-30 06:00:00,17.45,5.16,17.81
2022-08-30 07:00:00,139.8,69.75,113.06
2022-08-30 08:00:00,299.92,77.29,228.29
2022-08-30 09:00:00,448.92,110.13,350.77
2022-08-30 10:00:00,591.85,196.59,375.47
2022-08-30 11:00:00,725.58,401.68,351.39
2022-08-30 12:00:00,781.72,590.58,247.34
2022-08-30 13:00:00,671.1,352.48,353.12
2022-08-30 14:00:00,538.03,310.22,301.04
2022-08-30 15:00:00,368.5,142.14,254.85
2022-08-30 16:00:00,182.45,73.26,154.76
2022-08-30 17:00:00,32.92,14.85,28.81
2022-08-31 06:00:00,22.75,75.38,18.17
2022-08-31 07:00:00,205.9,498.23,71.94
2022-08-31 08:00:00,434.23,653.15,122.15
2022-08-31 09:00:00,634.2,774.27,125.19
2022-08-31 10:00:00,786.1,781.47,145.55
2022-08-31 11:00:00,872.0,845.85,111.34
2022-08-31 12:00:00,910.8,963.0,68.85
2022-08-31 13:00:00,845.15,959.62,65.66
2022-08-31 14:00:00,709.03,916.42,71.26
2022-08-31 15:00:00,515.78,833.91,69.82
2022-08-31 16:00:00,285.05,696.15,51.92
2022-08-31 17:00:00,57.03,267.72,23.42
2022-09-01 06:00:00,28.65,152.77,15.62
2022-09-01 07:00:00,235.62,662.73,45.88
2022-09-01 08:00:00,470.83,836.96,59.02
2022-09-01 09:00:00,672.8,904.75,67.13
2022-09-01 10:00:00,821.47,926.95,74.59
2022-09-01 11:00:00,902.72,947.22,76.1
2022-09-01 12:00:00,915.5,964.31,69.22
2022-09-01 13:00:00,849.05,958.68,67.42
2022-09-01 14:00:00,713.08,919.49,67.55
2022-09-01 15:00:00,519.05,856.35,62.28
2022-09-01 16:00:00,287.3,736.5,46.14
2022-09-01 17:00:00,57.8,266.24,23.43
2022-09-02 06:00:00,29.3,133.32,16.99
2022-09-02 07:00:00,234.77,617.77,55.34
2022-09-02 08:00:00,468.6,797.25,69.59
2022-09-02 09:00:00,670.95,880.73,75.67
2022-09-02 10:00:00,820.88,907.37,83.37
2022-09-02 11:00:00,901.97,929.49,85.51
2022-09-02 12:00:00,916.83,953.97,75.4
2022-09-02 13:00:00,848.6,944.35,74.55
2022-09-02 14:00:00,709.17,895.76,76.71
2022-09-02 15:00:00,511.4,817.38,72.3
2022-09-02 16:00:00,277.73,673.11,53.72
2022-09-02 17:00:00,53.3,205.73,25.69
2022-09-03 06:00:00,21.88,33.17,17.83
2022-09-03 07:00:00,186.2,333.78,83.13
2022-09-03 08:00:00,379.7,456.34,133.63
2022-09-03 09:00:00,572.03,554.78,166.71
2022-09-03 10:00:00,708.55,579.1,210.83
2022-09-03 11:00:00,777.33,570.36,243.14
2022-09-03 12:00:00,868.1,789.11,143.59
2022-09-03 13:00:00,784.4,752.72,141.01
2022-09-03 14:00:00,603.95,501.77,240.48
2022-09-03 15:00:00,404.42,445.22,158.01
2022-09-03 16:00:00,193.02,291.74,97.68
2022-09-03 17:00:00,34.28,50.63,26.27
2022-09-04 06:00:00,18.45,11.01,20.51
2022-09-04 07:00:00,149.65,191.45,94.84
2022-09-04 08:00:00,321.1,324.9,139.44
2022-09-04 09:00:00,521.58,424.3,176.17
2022-09-04 10:00:00,711.42,560.73,241.18
2022-09-04 11:00:00,795.7,609.99,216.14
2022-09-04 12:00:00,801.28,599.95,216.83
2022-09-04 13:00:00,717.8,510.04,242.43
2022-09-04 14:00:00,553.17,474.54,194.77
2022-09-04 15:00:00,362.05,272.43,212.19
2022-09-04 16:00:00,191.55,224.0,114.38
2022-09-04 17:00:00,33.88,32.44,27.97
2022-09-05 06:00:00,20.62,10.22,22.88
2022-09-05 07:00:00,139.68,77.89,106.15
2022-09-05 08:00:00,291.3,135.37,181.95
2022-09-05 09:00:00,500.65,293.39,281.04
2022-09-05 10:00:00,690.55,488.87,246.48
2022-09-05 11:00:00,776.28,527.97,246.73
2022-09-05 12:00:00,822.75,588.58,241.55
2022-09-05 13:00:00,761.53,667.55,178.81
2022-09-05 14:00:00,606.62,593.45,188.64
2022-09-05 15:00:00,371.4,400.75,126.7
2022-09-05 16:00:00,179.95,311.54,81.14
2022-09-05 17:00:00,33.8,46.86,32.07
2022-09-06 06:00:00,19.55,9.38,21.07
2022-09-06 07:00:00,124.75,105.93,102.6
2022-09-06 08:00:00,259.98,111.02,180.74
2022-09-06 09:00:00,430.4,261.94,224.72
2022-09-06 10:00:00,642.62,449.37,233.47
2022-09-06 11:00:00,759.72,352.47,317.66
2022-09-06 12:00:00,787.0,497.14,243.99
2022-09-06 13:00:00,683.1,400.36,296.39
2022-09-06 14:00:00,595.78,455.01,223.87
2022-09-06 15:00:00,362.3,330.83,181.67
2022-09-06 16:00:00,182.85,90.91,135.05
2022-09-06 17:00:00,35.05,25.49,39.21
2022-09-07 06:00:00,26.4,28.63,20.67
2022-09-07 07:00:00,187.57,222.16,103.56
2022-09-07 08:00:00,375.92,398.55,145.7
2022-09-07 09:00:00,543.3,455.69,241.0
2022-09-07 10:00:00,712.28,474.06,259.15
2022-09-07 11:00:00,827.85,555.41,273.48
2022-09-07 12:00:00,894.1,839.44,127.86
2022-09-07 13:00:00,771.45,651.81,167.05
2022-09-07 14:00:00,606.2,581.61,176.6
2022-09-07 15:00:00,432.25,416.97,202.91
2022-09-07 16:00:00,208.6,276.57,114.56
2022-09-07 17:00:00,36.4,67.65,30.56
2022-09-08 06:00:00,25.38,23.67,21.26
2022-09-08 07:00:00,189.4,287.09,103.28
2022-09-08 08:00:00,407.33,457.52,149.89
2022-09-08 09:00:00,614.2,645.39,146.59
2022-09-08 10:00:00,750.42,628.11,202.01
2022-09-08 11:00:00,787.55,660.99,190.31
2022-09-08 12:00:00,780.12,566.61,203.97
2022-09-08 13:00:00,708.35,566.63,192.7
2022-09-08 14:00:00,633.08,636.45,157.31
2022-09-08 15:00:00,452.15,571.83,120.85
2022-09-08 16:00:00,230.73,403.76,90.65
2022-09-08 17:00:00,42.53,59.45,30.04
2022-09-09 06:00:00,28.65,51.38,20.26
2022-09-09 07:00:00,205.05,321.35,108.84
2022-09-09 08:00:00,433.7,567.46,123.75
2022-09-09 09:00:00,645.1,708.34,135.31
2022-09-09 10:00:00,789.15,720.54,167.96
2022-09-09 11:00:00,870.88,780.62,145.39
2022-09-09 12:00:00,875.6,776.69,161.88
2022-09-09 13:00:00,764.33,678.25,198.25
2022-09-09 14:00:00,481.02,513.99,135.22
2022-09-09 15:00:00,351.38,273.21,190.51
2022-09-09 16:00:00,171.12,262.98,94.83
2022-09-09 17:00:00,35.4,44.69,31.58
2022-09-10 06:00:00,26.52,32.52,25.65
2022-09-10 07:00:00,172.15,149.84,131.51
2022-09-10 08:00:00,355.33,401.66,149.43
2022-09-10 09:00:00,617.75,518.26,261.65
2022-09-10 10:00:00,770.67,677.57,178.2
2022-09-10 11:00:00,801.17,553.13,272.88
2022-09-10 12:00:00,808.9,617.18,223.77
2022-09-10 13:00:00,651.22,408.75,275.22
2022-09-10 14:00:00,518.75,491.32,128.75
2022-09-10 15:00:00,455.85,487.39,189.8
2022-09-10 16:00:00,236.85,443.71,93.1
2022-09-10 17:00:00,47.78,88.35,30.45
2022-09-11 06:00:00,25.62,15.5,22.54
2022-09-11 07:00:00,163.3,154.27,102.86
2022-09-11 08:00:00,346.38,292.33,174.41
2022-09-11 09:00:00,525.15,376.55,212.06
2022-09-11 10:00:00,672.83,445.01,244.88
2022-09-11 11:00:00,745.62,438.53,275.35
2022-09-11 12:00:00,740.95,497.61,235.15
2022-09-11 13:00:00,625.9,517.28,187.34
2022-09-11 14:00:00,517.38,411.34,195.79
2022-09-11 15:00:00,357.48,314.23,147.14
2022-09-11 16:00:00,169.02,151.78,110.22
2022-09-11 17:00:00,33.25,26.68,28.75
2022-09-12 06:00:00,27.48,26.98,21.49
2022-09-12 07:00:00,172.7,196.17,114.65
2022-09-12 08:00:00,382.52,398.13,161.74
2022-09-12 09:00:00,519.3,426.9,192.97
2022-09-12 10:00:00,662.2,459.6,220.75
2022-09-12 11:00:00,734.72,425.25,295.62
2022-09-12 12:00:00,756.65,543.75,223.78
2022-09-12 13:00:00,716.08,459.14,279.86
2022-09-12 14:00:00,563.4,437.36,221.67
2022-09-12 15:00:00,317.15,301.59,142.12
2022-09-12 16:00:00,141.7,188.64,87.78
2022-09-12 17:00:00,25.92,14.12,25.15
2022-09-13 06:00:00,26.35,14.7,28.0
2022-09-13 07:00:00,171.27,168.54,131.23
2022-09-13 08:00:00,355.08,302.24,150.96
2022-09-13 09:00:00,550.12,366.12,256.33
2022-09-13 10:00:00,698.97,443.48,263.98
2022-09-13 11:00:00,788.75,503.69,254.71
2022-09-13 12:00:00,867.8,694.93,206.61
2022-09-13 13:00:00,777.6,602.15,204.37
2022-09-13 14:00:00,484.45,214.96,291.92
2022-09-13 15:00:00,247.0,100.59,174.8
2022-09-13 16:00:00,126.0,90.63,101.71
2022-09-13 17:00:00,25.48,19.4,24.18
2022-09-14 06:00:00,17.88,5.08,16.92
2022-09-14 07:00:00,76.65,30.52,63.08
2022-09-14 08:00:00,144.68,21.37,108.25
2022-09-14 09:00:00,154.32,10.73,123.45
2022-09-14 10:00:00,179.52,0.12,140.14
2022-09-14 11:00:00,365.02,370.99,236.41
2022-09-14 12:00:00,470.1,234.33,290.8
2022-09-14 13:00:00,449.17,233.8,322.07
2022-09-14 14:00:00,415.42,76.4,300.73
2022-09-14 15:00:00,325.6,114.43,228.59
2022-09-14 16:00:00,156.52,89.27,112.37
2022-09-14 17:00:00,36.1,15.97,29.83
2022-09-15 06:00:00,9.95,0.0,9.35
2022-09-15 07:00:00,48.6,0.0,39.41
2022-09-15 08:00:00,96.97,0.0,83.75
2022-09-15 09:00:00,266.25,61.19,205.31
2022-09-15 10:00:00,412.2,93.41,272.58
2022-09-15 11:00:00,565.78,116.73,393.1
2022-09-15 12:00:00,545.92,93.44,388.99
2022-09-15 13:00:00,433.2,108.52,332.8
2022-09-15 14:00:00,349.42,105.28,251.75
2022-09-15 15:00:00,276.5,67.73,219.04
2022-09-15 16:00:00,135.18,58.2,112.8
2022-09-15 17:00:00,27.05,10.92,25.83
2022-09-16 06:00:00,18.02,8.18,17.08
2022-09-16 07:00:00,93.78,86.71,72.22
2022-09-16 08:00:00,191.12,48.03,153.51
2022-09-16 09:00:00,230.77,50.69,189.01
2022-09-16 10:00:00,239.45,9.72,185.38
2022-09-16 11:00:00,235.57,8.37,185.48
2022-09-16 12:00:00,156.4,0.0,123.93
2022-09-16 13:00:00,152.6,6.25,120.03
2022-09-16 14:00:00,126.2,2.22,105.34
2022-09-16 15:00:00,119.72,0.92,105.36
2022-09-16 16:00:00,72.43,6.98,68.76
2022-09-16 17:00:00,16.3,1.28,15.55
2022-09-17 06:00:00,63.6,190.37,29.43
2022-09-17 07:00:00,284.05,580.91,86.52
2022-09-17 08:00:00,515.72,712.5,112.73
2022-09-17 09:00:00,718.8,800.96,145.86
2022-09-17 10:00:00,868.05,790.47,163.23
2022-09-17 11:00:00,953.8,804.21,176.74
2022-09-17 12:00:00,919.15,731.39,218.3
2022-09-17 13:00:00,767.4,807.9,132.5
2022-09-17 14:00:00,663.0,745.35,151.91
2022-09-17 15:00:00,490.85,676.51,131.71
2022-09-17 16:00:00,277.4,585.9,83.48
2022-09-17 17:00:00,67.1,323.49,32.51
2022-09-18 06:00:00,65.93,268.92,28.56
2022-09-18 07:00:00,300.62,644.72,66.2
2022-09-18 08:00:00,539.85,816.63,86.44
2022-09-18 09:00:00,731.42,822.03,113.36
2022-09-18 10:00:00,872.45,826.77,124.4
2022-09-18 11:00:00,966.55,934.42,88.57
2022-09-18 12:00:00,969.62,973.44,70.37
2022-09-18 13:00:00,894.08,948.49,72.28
2022-09-18 14:00:00,749.85,927.93,67.87
2022-09-18 15:00:00,549.78,863.03,64.12
2022-09-18 16:00:00,310.83,733.38,49.2
2022-09-18 17:00:00,72.2,328.15,25.45
2022-09-19 06:00:00,67.1,257.45,30.21
2022-09-19 07:00:00,291.92,598.82,78.16
2022-09-19 08:00:00,522.15,708.2,115.43
2022-09-19 09:00:00,717.47,776.59,141.62
2022-09-19 10:00:00,854.72,765.39,162.68
2022-09-19 11:00:00,913.3,828.31,141.63
2022-09-19 12:00:00,948.03,840.86,128.73
2022-09-19 13:00:00,869.4,803.4,150.74
2022-09-19 14:00:00,673.62,732.81,160.77
2022-09-19 15:00:00,484.7,646.04,127.13
2022-09-19 16:00:00,262.38,509.62,93.48
2022-09-19 17:00:00,58.88,198.24,32.81
2022-09-20 06:00:00,27.95,0.87,27.69
2022-09-20 07:00:00,116.93,6.77,103.2
2022-09-20 08:00:00,216.88,12.19,178.46
2022-09-20 09:00:00,435.02,97.77,343.37
2022-09-20 10:00:00,689.0,369.52,318.78
2022-09-20 11:00:00,665.15,309.05,353.26
2022-09-20 12:00:00,647.83,122.51,463.28
2022-09-20 13:00:00,539.7,253.81,403.31
2022-09-20 14:00:00,447.88,35.13,370.46
2022-09-20 15:00:00,322.55,143.93,270.18
2022-09-20 16:00:00,162.0,52.94,152.06
2022-09-20 17:00:00,34.3,0.0,31.76
2022-09-21 06:00:00,21.45,1.67,20.86
2022-09-21 07:00:00,107.85,10.84,96.84
2022-09-21 08:00:00,205.55,8.78,181.92
2022-09-21 09:00:00,314.23,18.31,251.13
2022-09-21 10:00:00,360.05,343.69,244.44
2022-09-21 11:00:00,373.8,0.0,304.82
2022-09-21 12:00:00,525.5,254.42,293.3
2022-09-21 13:00:00,551.78,271.19,338.96
2022-09-21 14:00:00,504.33,144.77,345.86
2022-09-21 15:00:00,276.83,24.76,241.42
2022-09-21 16:00:00,141.8,19.86,115.48
2022-09-21 17:00:00,24.0,6.62,27.84
2022-09-22 06:00:00,40.95,2.26,39.26
2022-09-22 07:00:00,156.57,31.66,139.87
2022-09-22 08:00:00,302.4,56.07,242.03
2022-09-22 09:00:00,390.58,19.62,313.46
2022-09-22 10:00:00,431.8,39.49,345.52
2022-09-22 11:00:00,393.7,25.67,317.32
2022-09-22 12:00:00,246.65,22.78,197.82
2022-09-22 13:00:00,50.65,0.0,41.16
2022-09-22 14:00:00,94.62,0.0,76.5
2022-09-22 15:00:00,65.15,0.0,57.38
2022-09-22 16:00:00,30.42,0.0,29.01
2022-09-22 17:00:00,12.23,0.0,11.32
2022-09-23 06:00:00,61.88,59.44,46.64
2022-09-23 07:00:00,258.5,204.35,197.86
2022-09-23 08:00:00,470.27,447.12,323.0
2022-09-23 09:00:00,693.67,1111.56,386.15
2022-09-23 10:00:00,852.25,401.7,361.15
2022-09-23 11:00:00,996.35,847.7,151.27
2022-09-23 12:00:00,987.97,765.6,209.07
2022-09-23 13:00:00,923.62,901.76,106.13
2022-09-23 14:00:00,720.9,499.95,253.37
2022-09-23 15:00:00,503.83,422.84,230.11
2022-09-23 16:00:00,292.73,503.09,151.69
2022-09-23 17:00:00,71.88,260.53,34.28
2022-09-24 06:00:00,83.1,228.02,49.45
2022-09-24 07:00:00,323.35,642.32,89.78
2022-09-24 08:00:00,568.92,820.84,94.72
2022-09-24 09:00:00,774.35,904.17,92.82
2022-09-24 10:00:00,913.17,916.33,107.33
2022-09-24 11:00:00,999.6,948.03,93.42
2022-09-24 12:00:00,997.7,945.84,104.8
2022-09-24 13:00:00,924.12,928.85,85.33
2022-09-24 14:00:00,776.22,924.75,77.97
2022-09-24 15:00:00,569.38,859.31,74.53
2022-09-24 16:00:00,323.55,730.24,57.25
2022-09-24 17:00:00,78.3,323.03,29.18
2022-09-25 06:00:00,74.1,160.81,44.98
2022-09-25 07:00:00,279.58,436.63,106.2
2022-09-25 08:00:00,498.6,624.53,123.61
2022-09-25 09:00:00,650.25,455.21,270.94
2022-09-25 10:00:00,810.2,669.6,204.22
2022-09-25 11:00:00,918.05,747.33,175.18
2022-09-25 12:00:00,943.5,859.76,119.71
2022-09-25 13:00:00,843.17,693.4,191.06
2022-09-25 14:00:00,693.97,818.27,123.67
2022-09-25 15:00:00,480.4,495.15,177.33
2022-09-25 16:00:00,252.95,413.1,101.49
2022-09-25 17:00:00,55.08,60.03,43.65
2022-09-26 06:00:00,46.92,24.34,37.74
2022-09-26 07:00:00,166.05,93.82,128.69
2022-09-26 08:00:00,322.08,229.83,156.94
2022-09-26 09:00:00,405.08,210.12,190.69
2022-09-26 10:00:00,437.58,120.17,253.32
2022-09-26 11:00:00,525.85,116.14,374.53
2022-09-26 12:00:00,608.25,88.98,374.07
2022-09-26 13:00:00,451.12,31.0,361.78
2022-09-26 14:00:00,365.1,31.3,299.61
2022-09-26 15:00:00,239.45,72.28,186.86
2022-09-26 16:00:00,61.67,15.01,50.46
2022-09-26 17:00:00,11.6,2.56,11.43
2022-09-27 06:00:00,34.03,0.0,32.03
2022-09-27 07:00:00,111.5,0.0,93.71
2022-09-27 08:00:00,201.4,0.0,169.31
2022-09-27 09:00:00,359.38,4.41,308.68
2022-09-27 10:00:00,402.55,18.61,331.89
2022-09-27 11:00:00,426.5,155.95,318.2
2022-09-27 12:00:00,385.62,271.61,267.42
2022-09-27 13:00:00,411.92,197.94,291.94
2022-09-27 14:00:00,301.55,24.67,239.85
2022-09-27 15:00:00,157.02,0.0,139.98
2022-09-27 16:00:00,86.43,0.0,77.98
2022-09-27 17:00:00,17.9,0.0,17.43
2022-09-28 06:00:00,26.5,0.0,24.95
2022-09-28 07:00:00,62.22,0.0,52.89
2022-09-28 08:00:00,54.05,0.0,45.44
2022-09-28 09:00:00,163.15,0.51,140.32
2022-09-28 10:00:00,200.43,0.46,166.42
2022-09-28 11:00:00,194.48,0.0,160.07
2022-09-28 12:00:00,259.15,1.47,213.02
2022-09-28 13:00:00,115.03,0.11,91.99
2022-09-28 14:00:00,77.62,0.0,63.11
2022-09-28 15:00:00,84.72,10.11,68.76
2022-09-28 16:00:00,48.6,9.76,43.42
2022-09-28 17:00:00,15.15,0.0,14.75
2022-09-29 06:00:00,45.7,18.95,32.99
2022-09-29 07:00:00,169.27,38.27,150.03
2022-09-29 08:00:00,309.2,54.46,244.32
2022-09-29 09:00:00,472.83,178.95,293.98
2022-09-29 10:00:00,556.58,207.18,269.26
2022-09-29 11:00:00,575.85,174.45,317.51
2022-09-29 12:00:00,513.53,79.84,311.26
2022-09-29 13:00:00,487.55,138.47,281.34
2022-09-29 14:00:00,338.88,117.96,229.08
2022-09-29 15:00:00,330.12,314.45,143.54
2022-09-29 16:00:00,160.77,132.65,119.11
2022-09-29 17:00:00,39.75,29.56,33.59
2022-09-30 06:00:00,41.42,39.57,33.71
2022-09-30 07:00:00,130.7,77.71,101.82
2022-09-30 08:00:00,245.62,10.36,208.85
2022-09-30 09:00:00,355.7,22.54,292.55
2022-09-30 10:00:00,454.55,48.67,321.29
2022-09-30 11:00:00,635.53,129.13,399.49
2022-09-30 12:00:00,516.9,94.38,334.75
2022-09-30 13:00:00,464.02,138.2,266.29
2022-09-30 14:00:00,295.6,78.27,199.6
2022-09-30 15:00:00,174.6,1.91,155.38
2022-09-30 16:00:00,62.55,0.0,56.41
2022-09-30 17:00:00,11.07,0.0,10.78
2022-10-01 06:00:00,52.1,20.3,47.01
2022-10-01 07:00:00,171.52,47.54,142.14
2022-10-01 08:00:00,308.35,115.28,218.56
2022-10-01 09:00:00,482.35,288.28,254.94
2022-10-01 10:00:00,691.2,338.12,334.92
2022-10-01 11:00:00,779.05,336.94,337.0
2022-10-01 12:00:00,682.4,174.45,434.02
2022-10-01 13:00:00,560.35,270.1,312.88
2022-10-01 14:00:00,452.58,166.17,275.52
2022-10-01 15:00:00,266.9,196.83,165.11
2022-10-01 16:00:00,145.7,173.05,95.19
2022-10-01 17:00:00,40.35,58.49,33.55
2022-10-02 06:00:00,99.18,232.16,51.32
2022-10-02 07:00:00,301.7,393.61,126.13
2022-10-02 08:00:00,526.47,619.11,148.54
2022-10-02 09:00:00,726.88,736.18,144.71
2022-10-02 10:00:00,861.47,787.93,153.76
2022-10-02 11:00:00,928.17,698.2,219.28
2022-10-02 12:00:00,907.25,716.27,193.09
2022-10-02 13:00:00,794.58,555.7,220.47
2022-10-02 14:00:00,633.97,687.33,141.09
2022-10-02 15:00:00,466.2,564.57,143.98
2022-10-02 16:00:00,244.12,409.06,95.26
2022-10-02 17:00:00,59.47,130.82,37.45
2022-10-03 06:00:00,96.7,192.74,53.77
2022-10-03 07:00:00,279.33,268.09,133.68
2022-10-03 08:00:00,476.05,379.29,230.29
2022-10-03 09:00:00,754.33,739.18,171.39
2022-10-03 10:00:00,886.75,754.13,177.87
2022-10-03 11:00:00,895.03,646.82,258.31
2022-10-03 12:00:00,726.85,390.16,298.83
2022-10-03 13:00:00,608.75,433.57,214.66
2022-10-03 14:00:00,463.6,340.22,199.96
2022-10-03 15:00:00,283.83,172.31,158.52
2022-10-03 16:00:00,140.52,83.19,102.19
2022-10-03 17:00:00,36.62,11.04,29.23
2022-10-04 06:00:00,82.9,95.08,60.9
2022-10-04 07:00:00,237.2,190.36,182.37
2022-10-04 08:00:00,427.4,250.02,221.29
2022-10-04 09:00:00,652.72,404.03,253.16
2022-10-04 10:00:00,774.0,467.44,276.47
2022-10-04 11:00:00,750.75,317.96,405.33
2022-10-04 12:00:00,672.88,256.05,360.48
2022-10-04 13:00:00,536.25,277.92,235.13
2022-10-04 14:00:00,531.2,380.51,165.84
2022-10-04 15:00:00,308.88,185.07,208.57
2022-10-04 16:00:00,154.7,87.92,123.99
2022-10-04 17:00:00,35.97,11.92,35.0
2022-10-05 06:00:00,88.35,125.27,51.44
2022-10-05 07:00:00,263.08,241.59,148.34
2022-10-05 08:00:00,464.38,417.15,212.8
2022-10-05 09:00:00,693.12,633.61,192.51
2022-10-05 10:00:00,898.08,704.65,211.81
2022-10-05 11:00:00,971.65,727.27,234.33
2022-10-05 12:00:00,943.42,761.11,199.02
2022-10-05 13:00:00,878.53,736.22,183.1
2022-10-05 14:00:00,678.08,700.06,156.94
2022-10-05 15:00:00,518.28,611.1,137.04
2022-10-05 16:00:00,286.7,490.0,114.79
2022-10-05 17:00:00,73.47,157.68,46.86
2022-10-06 06:00:00,86.03,123.72,59.66
2022-10-06 07:00:00,249.15,307.81,145.13
2022-10-06 08:00:00,427.75,508.4,149.08
2022-10-06 09:00:00,674.78,475.35,220.9
2022-10-06 10:00:00,864.8,591.21,270.22
2022-10-06 11:00:00,931.08,561.76,319.41
2022-10-06 12:00:00,866.55,439.35,362.5
2022-10-06 13:00:00,638.15,247.99,373.33
2022-10-06 14:00:00,430.65,381.77,197.01
2022-10-06 15:00:00,349.27,132.63,262.42
2022-10-06 16:00:00,184.2,89.48,159.83
2022-10-06 17:00:00,41.17,10.8,39.77
2022-10-07 06:00:00,29.52,0.0,25.82
2022-10-07 07:00:00,66.12,0.0,58.66
2022-10-07 08:00:00,108.0,0.0,89.75
2022-10-07 09:00:00,202.9,13.93,154.0
2022-10-07 10:00:00,253.95,0.14,201.71
2022-10-07 11:00:00,361.62,20.84,280.19
2022-10-07 12:00:00,481.45,18.72,380.65
2022-10-07 13:00:00,510.7,270.67,387.71
2022-10-07 14:00:00,391.48,104.27,323.63
2022-10-07 15:00:00,301.4,165.03,227.62
2022-10-07 16:00:00,150.5,38.36,123.53
2022-10-07 17:00:00,31.45,8.51,29.29
2022-10-08 06:00:00,112.45,154.24,81.4
2022-10-08 07:00:00,332.27,470.21,147.9
2022-10-08 08:00:00,583.5,663.65,175.54
2022-10-08 09:00:00,715.95,434.08,309.64
2022-10-08 10:00:00,703.62,733.88,234.99
2022-10-08 11:00:00,695.67,596.05,298.35
2022-10-08 12:00:00,750.62,177.44,444.88
2022-10-08 13:00:00,741.33,697.03,294.58
2022-10-08 14:00:00,534.45,345.67,281.28
2022-10-08 15:00:00,345.8,94.01,265.33
2022-10-08 16:00:00,180.38,49.24,153.44
2022-10-08 17:00:00,48.15,26.41,42.66
2022-10-09 06:00:00,63.95,37.41,55.76
2022-10-09 07:00:00,173.77,108.27,136.98
2022-10-09 08:00:00,301.0,112.77,237.18
2022-10-09 09:00:00,362.83,198.86,237.9
2022-10-09 10:00:00,372.8,374.13,242.28
2022-10-09 11:00:00,432.83,221.12,299.14
2022-10-09 12:00:00,260.95,0.0,204.95
2022-10-09 13:00:00,287.7,0.0,225.7
2022-10-09 14:00:00,72.3,26.24,58.9
2022-10-09 15:00:00,83.55,0.0,70.25
2022-10-09 16:00:00,55.62,0.0,50.7
2022-10-09 17:00:00,18.23,0.0,17.04
2022-10-10 05:00:00,1.02,0.0,1.26
2022-10-10 06:00:00,26.2,0.0,23.57
2022-10-10 07:00:00,90.43,8.42,73.51
2022-10-10 08:00:00,180.15,5.96,153.65
2022-10-10 09:00:00,312.12,25.71,247.92
2022-10-10 10:00:00,487.6,58.44,347.44
2022-10-10 11:00:00,694.58,202.76,355.59
2022-10-10 12:00:00,567.08,12.1,443.18
2022-10-10 13:00:00,520.08,5.59,407.29
2022-10-10 14:00:00,405.35,312.21,269.0
2022-10-10 15:00:00,319.15,193.0,213.77
2022-10-10 16:00:00,173.52,62.26,137.96
2022-10-10 17:00:00,44.92,19.43,43.04
2022-10-11 05:00:00,2.85,0.0,4.35
2022-10-11 06:00:00,71.5,22.6,57.65
2022-10-11 07:00:00,189.98,49.88,148.29
2022-10-11 08:00:00,326.35,62.87,267.3
2022-10-11 09:00:00,460.05,157.53,323.76
2022-10-11 10:00:00,603.7,241.17,324.54
2022-10-11 11:00:00,753.78,258.0,406.67
2022-10-11 12:00:00,675.15,221.8,388.6
2022-10-11 13:00:00,585.58,256.91,365.22
2022-10-11 14:00:00,519.53,127.5,389.72
2022-10-11 15:00:00,398.92,224.54,247.65
2022-10-11 16:00:00,216.15,170.42,166.21
2022-10-11 17:00:00,58.17,35.93,46.45
2022-10-12 05:00:00,3.35,0.0,4.86
2022-10-12 06:00:00,95.32,61.3,91.24
2022-10-12 07:00:00,269.67,171.4,205.56
2022-10-12 08:00:00,475.98,249.93,263.42
2022-10-12 09:00:00,678.9,395.06,325.61
2022-10-12 10:00:00,870.42,502.3,368.62
2022-10-12 11:00:00,932.7,615.04,269.34
2022-10-12 12:00:00,953.9,673.51,238.42
2022-10-12 13:00:00,825.6,474.43,302.38
2022-10-12 14:00:00,595.5,627.5,143.54
2022-10-12 15:00:00,400.55,376.44,211.14
2022-10-12 16:00:00,203.73,135.81,137.9
2022-10-12 17:00:00,58.05,54.51,41.54
2022-10-13 05:00:00,3.95,1.63,6.69
2022-10-13 06:00:00,116.97,161.12,81.47
2022-10-13 07:00:00,332.77,382.57,172.02
2022-10-13 08:00:00,577.8,587.85,184.23
2022-10-13 09:00:00,795.97,723.1,175.8
2022-10-13 10:00:00,928.8,745.62,212.14
2022-10-13 11:00:00,965.55,631.68,303.29
2022-10-13 12:00:00,967.22,611.21,335.03
2022-10-13 13:00:00,870.47,750.3,239.33
2022-10-13 14:00:00,631.47,340.89,298.49
2022-10-13 15:00:00,430.9,245.52,266.05
2022-10-13 16:00:00,246.93,196.88,162.24
2022-10-13 17:00:00,73.2,184.83,42.44
2022-10-14 05:00:00,5.12,11.81,6.02
2022-10-14 06:00:00,139.6,353.19,57.46
2022-10-14 07:00:00,378.83,631.39,90.77
2022-10-14 08:00:00,617.0,749.17,119.56
2022-10-14 09:00:00,815.62,814.25,145.75
2022-10-14 10:00:00,960.7,889.99,122.28
2022-10-14 11:00:00,1027.85,872.63,129.85
2022-10-14 12:00:00,1026.15,941.94,99.17
2022-10-14 13:00:00,937.03,920.62,94.61
2022-10-14 14:00:00,783.33,879.47,95.79
2022-10-14 15:00:00,568.58,777.34,104.69
2022-10-14 16:00:00,323.2,642.98,76.31
2022-10-14 17:00:00,88.8,249.86,37.51
2022-10-15 05:00:00,5.7,7.29,7.03
2022-10-15 06:00:00,142.15,352.01,68.78
2022-10-15 07:00:00,370.95,582.82,114.77
2022-10-15 08:00:00,594.12,630.83,169.45
2022-10-15 09:00:00,813.05,816.62,128.54
2022-10-15 10:00:00,920.45,755.96,172.39
2022-10-15 11:00:00,927.33,578.37,250.54
2022-10-15 12:00:00,934.85,532.87,271.59
2022-10-15 13:00:00,763.55,644.64,180.89
2022-10-15 14:00:00,670.67,559.75,197.0
2022-10-15 15:00:00,429.1,244.63,253.61
2022-10-15 16:00:00,234.7,157.19,177.48
2022-10-15 17:00:00,66.53,41.72,57.12
2022-10-16 05:00:00,5.68,0.74,8.09
2022-10-16 06:00:00,105.47,35.86,111.81
2022-10-16 07:00:00,270.45,111.05,226.69
2022-10-16 08:00:00,467.02,273.63,281.55
2022-10-16 09:00:00,660.42,448.59,332.39
2022-10-16 10:00:00,677.72,188.95,434.52
2022-10-16 11:00:00,722.03,330.6,369.51
2022-10-16 12:00:00,865.9,349.8,508.72
2022-10-16 13:00:00,770.5,389.34,359.58
2022-10-16 14:00:00,696.33,790.74,301.12
2022-10-16 15:00:00,454.73,402.78,245.95
2022-10-16 16:00:00,255.73,317.54,123.35
2022-10-16 17:00:00,74.15,94.82,58.06
2022-10-17 05:00:00,5.88,2.04,8.22
2022-10-17 06:00:00,109.38,77.49,101.07
2022-10-17 07:00:00,285.73,144.33,235.31
2022-10-17 08:00:00,474.1,183.26,334.59
2022-10-17 09:00:00,616.88,338.5,327.48
2022-10-17 10:00:00,712.38,282.53,431.5
2022-10-17 11:00:00,800.72,300.11,437.45
2022-10-17 12:00:00,855.33,545.4,344.82
2022-10-17 13:00:00,685.42,215.19,434.13
2022-10-17 14:00:00,512.25,108.3,369.8
2022-10-17 15:00:00,326.6,65.97,248.99
2022-10-17 16:00:00,184.18,24.22,158.33
2022-10-17 17:00:00,50.5,6.93,47.65
2022-10-18 05:00:00,5.47,0.0,8.32
2022-10-18 06:00:00,97.35,24.86,77.37
2022-10-18 07:00:00,256.7,49.67,232.97
2022-10-18 08:00:00,435.58,108.51,337.76
2022-10-18 09:00:00,554.55,121.94,389.1
2022-10-18 10:00:00,659.67,376.62,407.84
2022-10-18 11:00:00,647.28,447.32,325.58
2022-10-18 12:00:00,736.95,193.01,449.56
2022-10-18 13:00:00,472.7,11.19,373.92
2022-10-18 14:00:00,275.67,0.18,228.77
2022-10-18 15:00:00,165.4,4.66,140.93
2022-10-18 16:00:00,149.57,12.48,131.06
2022-10-18 17:00:00,43.83,6.09,41.3
2022-10-19 05:00:00,4.12,0.0,4.46
2022-10-19 06:00:00,59.5,0.0,52.68
2022-10-19 07:00:00,145.32,0.0,126.28
2022-10-19 08:00:00,177.62,0.0,150.37
2022-10-19 09:00:00,247.75,24.71,197.14
2022-10-19 10:00:00,185.9,0.0,151.16
2022-10-19 11:00:00,163.38,2.39,124.17
2022-10-19 12:00:00,162.25,26.4,117.63
2022-10-19 13:00:00,205.05,0.0,162.89
2022-10-19 14:00:00,146.43,13.86,119.88
2022-10-19 15:00:00,213.57,20.55,177.46
2022-10-19 16:00:00,127.95,52.8,104.34
2022-10-19 17:00:00,43.05,21.97,35.24
2022-10-20 05:00:00,7.3,14.7,7.82
2022-10-20 06:00:00,135.32,269.59,72.43
2022-10-20 07:00:00,339.25,478.64,123.44
2022-10-20 08:00:00,566.62,525.6,217.4
2022-10-20 09:00:00,802.28,754.87,150.93
2022-10-20 10:00:00,929.45,715.0,238.43
2022-10-20 11:00:00,986.47,615.02,290.76
2022-10-20 12:00:00,973.05,593.81,285.12
2022-10-20 13:00:00,856.03,627.16,257.66
2022-10-20 14:00:00,566.8,453.39,214.89
2022-10-20 15:00:00,333.7,154.29,231.39
2022-10-20 16:00:00,182.85,50.96,130.57
2022-10-20 17:00:00,46.65,26.79,38.81
2022-10-21 05:00:00,2.92,0.0,3.17
2022-10-21 06:00:00,57.47,0.0,52.67
2022-10-21 07:00:00,146.43,3.8,120.73
2022-10-21 08:00:00,266.62,157.27,206.52
2022-10-21 09:00:00,253.32,28.56,201.16
2022-10-21 10:00:00,257.15,0.0,209.08
2022-10-21 11:00:00,318.75,0.27,243.21
2022-10-21 12:00:00,383.75,0.1,290.28
2022-10-21 13:00:00,257.65,1.65,204.43
2022-10-21 14:00:00,237.85,0.0,197.4
2022-10-21 15:00:00,281.45,14.3,236.47
2022-10-21 16:00:00,155.2,5.34,124.25
2022-10-21 17:00:00,45.65,2.07,39.85
2022-10-22 05:00:00,8.55,14.89,9.88
2022-10-22 06:00:00,132.85,328.02,64.59
2022-10-22 07:00:00,314.25,429.66,122.68
2022-10-22 08:00:00,504.83,444.28,193.2
2022-10-22 09:00:00,660.17,384.99,316.85
2022-10-22 10:00:00,760.25,322.92,391.61
2022-10-22 11:00:00,854.35,438.27,300.9
2022-10-22 12:00:00,874.6,536.63,266.47
2022-10-22 13:00:00,776.25,419.28,322.78
2022-10-22 14:00:00,668.72,495.32,271.54
2022-10-22 15:00:00,501.05,507.87,166.99
2022-10-22 16:00:00,291.62,417.47,110.9
2022-10-22 17:00:00,92.43,270.59,49.52
2022-10-23 05:00:00,9.38,20.1,10.28
2022-10-23 06:00:00,150.9,331.97,76.0
2022-10-23 07:00:00,367.17,479.34,143.6
2022-10-23 08:00:00,585.53,475.69,244.76
2022-10-23 09:00:00,813.1,645.37,247.81
2022-10-23 10:00:00,919.45,639.58,254.3
2022-10-23 11:00:00,961.72,583.29,346.81
2022-10-23 12:00:00,932.83,591.75,319.5
2022-10-23 13:00:00,844.8,455.52,311.23
2022-10-23 14:00:00,632.7,655.12,139.43
2022-10-23 15:00:00,455.9,456.89,172.47
2022-10-23 16:00:00,251.62,379.53,136.36
2022-10-23 17:00:00,74.2,157.17,40.75
2022-10-24 05:00:00,11.07,49.93,9.68
2022-10-24 06:00:00,168.68,476.24,55.46
2022-10-24 07:00:00,382.3,653.07,96.0
2022-10-24 08:00:00,594.0,656.51,166.91
2022-10-24 09:00:00,813.97,742.28,193.36
2022-10-24 10:00:00,915.85,687.68,260.43
2022-10-24 11:00:00,932.92,598.63,295.01
2022-10-24 12:00:00,915.47,439.59,364.98
2022-10-24 13:00:00,765.83,672.52,210.16
2022-10-24 14:00:00,642.0,460.96,218.83
2022-10-24 15:00:00,467.67,433.56,177.16
2022-10-24 16:00:00,271.15,392.74,113.33
2022-10-24 17:00:00,84.03,183.16,45.28
2022-10-25 05:00:00,12.38,65.51,10.92
2022-10-25 06:00:00,186.15,489.2,55.27
2022-10-25 07:00:00,433.35,735.41,85.99
2022-10-25 08:00:00,668.65,833.52,107.24
2022-10-25 09:00:00,861.4,917.54,109.33
2022-10-25 10:00:00,972.0,751.4,237.68
2022-10-25 11:00:00,996.97,746.06,238.95
2022-10-25 12:00:00,929.3,586.86,233.75
2022-10-25 13:00:00,812.6,657.28,198.76
2022-10-25 14:00:00,691.42,514.88,244.9
2022-10-25 15:00:00,526.97,582.33,156.06
2022-10-25 16:00:00,306.23,549.71,98.46
2022-10-25 17:00:00,102.47,297.44,44.88
2022-10-26 05:00:00,11.48,43.7,10.1
2022-10-26 06:00:00,156.93,432.99,55.02
2022-10-26 07:00:00,359.75,502.95,122.95
2022-10-26 08:00:00,581.33,568.79,205.48
2022-10-26 09:00:00,810.1,652.57,225.77
2022-10-26 10:00:00,982.42,849.25,153.56
2022-10-26 11:00:00,1056.82,921.44,131.14
2022-10-26 12:00:00,1008.85,710.56,232.62
2022-10-26 13:00:00,861.55,675.31,205.09
2022-10-26 14:00:00,710.62,587.96,227.58
2022-10-26 15:00:00,538.62,409.39,229.35
2022-10-26 16:00:00,316.05,427.22,119.55
2022-10-26 17:00:00,99.97,271.26,47.3
2022-10-27 05:00:00,10.38,37.94,10.88
2022-10-27 06:00:00,132.77,235.68,79.16
2022-10-27 07:00:00,311.5,422.55,140.12
2022-10-27 08:00:00,506.33,448.21,231.59
2022-10-27 09:00:00,751.0,531.76,323.63
2022-10-27 10:00:00,909.9,518.22,421.95
2022-10-27 11:00:00,941.75,588.82,335.53
2022-10-27 12:00:00,887.97,465.17,318.37
2022-10-27 13:00:00,751.0,523.38,264.82
2022-10-27 14:00:00,606.47,400.5,247.27
2022-10-27 15:00:00,358.58,204.53,230.31
2022-10-27 16:00:00,197.18,110.2,140.13
2022-10-27 17:00:00,59.08,27.97,46.97
2022-10-28 05:00:00,7.35,1.25,8.65
2022-10-28 06:00:00,73.75,29.43,65.38
2022-10-28 07:00:00,184.25,131.79,121.05
2022-10-28 08:00:00,307.95,188.59,183.94
2022-10-28 09:00:00,380.92,40.3,294.28
2022-10-28 10:00:00,627.1,408.74,285.7
2022-10-28 11:00:00,713.2,390.59,301.22
2022-10-28 12:00:00,758.95,346.24,362.91
2022-10-28 13:00:00,716.4,275.13,393.46
2022-10-28 14:00:00,565.58,445.54,284.94
2022-10-28 15:00:00,459.85,261.11,335.77
2022-10-28 16:00:00,266.67,255.33,174.7
2022-10-28 17:00:00,89.9,179.21,47.86
2022-10-29 05:00:00,12.68,15.03,14.37
2022-10-29 06:00:00,167.15,363.51,88.18
2022-10-29 07:00:00,397.67,477.02,160.59
2022-10-29 08:00:00,626.58,592.95,202.97
2022-10-29 09:00:00,840.05,778.58,160.9
2022-10-29 10:00:00,936.22,679.28,214.72
2022-10-29 11:00:00,961.53,655.43,260.93
2022-10-29 12:00:00,849.55,469.4,281.35
2022-10-29 13:00:00,637.12,493.85,238.14
2022-10-29 14:00:00,577.08,332.23,325.31
2022-10-29 15:00:00,438.1,295.61,256.76
2022-10-29 16:00:00,232.6,142.81,184.51
2022-10-29 17:00:00,71.8,26.78,69.68
2022-10-30 05:00:00,8.5,2.46,10.48
2022-10-30 06:00:00,105.07,37.84,86.22
2022-10-30 07:00:00,261.62,81.3,209.91
2022-10-30 08:00:00,439.12,252.84,255.58
2022-10-30 09:00:00,562.83,323.28,321.83
2022-10-30 10:00:00,760.25,613.56,221.49
2022-10-30 11:00:00,784.35,486.5,432.23
2022-10-30 12:00:00,843.7,203.83,509.91
2022-10-30 13:00:00,604.55,300.62,278.57
2022-10-30 14:00:00,442.02,103.89,332.2
2022-10-30 15:00:00,303.27,125.99,215.52
2022-10-30 16:00:00,167.3,130.15,125.83
2022-10-30 17:00:00,50.72,65.74,41.17
2022-10-31 05:00:00,10.3,4.0,10.8
2022-10-31 06:00:00,115.38,99.88,90.32
2022-10-31 07:00:00,262.83,215.68,188.22
2022-10-31 08:00:00,427.17,206.77,261.19
2022-10-31 09:00:00,512.08,216.56,289.61
2022-10-31 10:00:00,174.75,0.29,143.79
2022-10-31 11:00:00,471.2,143.4,294.77
2022-10-31 12:00:00,582.6,238.13,310.75
2022-10-31 13:00:00,385.02,98.81,256.29
2022-10-31 14:00:00,57.45,46.32,37.06
2022-10-31 15:00:00,114.15,3.53,96.17
2022-10-31 16:00:00,75.07,3.42,67.39
2022-10-31 17:00:00,28.75,0.0,25.2
2022-11-01 05:00:00,7.88,9.2,9.62
2022-11-01 06:00:00,72.88,80.74,55.08
2022-11-01 07:00:00,166.95,111.96,116.15
2022-11-01 08:00:00,274.88,112.67,176.85
2022-11-01 09:00:00,399.3,157.7,255.14
2022-11-01 10:00:00,563.6,257.88,323.9
2022-11-01 11:00:00,584.83,192.68,329.25
2022-11-01 12:00:00,529.12,122.16,263.27
2022-11-01 13:00:00,429.95,224.21,308.76
2022-11-01 14:00:00,400.52,124.98,265.7
2022-11-01 15:00:00,313.05,174.47,201.66
2022-11-01 16:00:00,178.77,113.81,125.1
2022-11-01 17:00:00,61.9,85.33,41.13
2022-11-02 05:00:00,6.85,0.0,7.15
2022-11-02 06:00:00,61.05,13.87,53.81
2022-11-02 07:00:00,151.1,3.64,124.05
2022-11-02 08:00:00,206.98,0.18,169.14
2022-11-02 09:00:00,371.35,24.66,300.61
2022-11-02 10:00:00,505.38,26.71,410.36
2022-11-02 11:00:00,394.98,3.47,317.67
2022-11-02 12:00:00,260.73,12.98,196.18
2022-11-02 13:00:00,157.05,35.02,119.45
2022-11-02 14:00:00,111.47,20.93,90.23
2022-11-02 15:00:00,69.7,26.02,53.86
2022-11-02 16:00:00,70.5,41.45,55.45
2022-11-02 17:00:00,23.88,7.05,20.79
2022-11-03 05:00:00,11.85,9.47,14.82
2022-11-03 06:00:00,112.78,66.49,80.36
2022-11-03 07:00:00,280.45,134.55,228.65
2022-11-03 08:00:00,484.92,242.08,290.94
2022-11-03 09:00:00,661.95,195.93,404.4
2022-11-03 10:00:00,690.6,70.27,516.09
2022-11-03 11:00:00,485.67,5.32,390.42
2022-11-03 12:00:00,350.7,26.12,258.58
2022-11-03 13:00:00,213.25,2.64,168.6
2022-11-03 14:00:00,170.48,42.77,130.01
2022-11-03 15:00:00,132.25,61.67,100.09
2022-11-03 16:00:00,77.8,54.54,64.13
2022-11-03 17:00:00,26.5,16.24,22.9
2022-11-04 05:00:00,14.0,57.57,13.16
2022-11-04 06:00:00,147.73,279.48,84.62
2022-11-04 07:00:00,333.55,573.5,102.43
2022-11-04 08:00:00,593.58,435.25,287.23
2022-11-04 09:00:00,855.0,610.72,266.06
2022-11-04 10:00:00,958.05,610.92,279.39
2022-11-04 11:00:00,937.65,449.54,447.34
2022-11-04 12:00:00,896.95,469.65,412.81
2022-11-04 13:00:00,749.03,633.95,191.32
2022-11-04 14:00:00,665.17,476.46,296.29
2022-11-04 15:00:00,492.92,520.66,198.73
2022-11-04 16:00:00,268.73,469.75,110.03
2022-11-04 17:00:00,99.03,300.66,38.06
2022-11-05 05:00:00,17.7,55.83,14.46
2022-11-05 06:00:00,198.52,482.02,69.62
2022-11-05 07:00:00,436.65,636.25,119.04
2022-11-05 08:00:00,681.97,767.26,155.51
2022-11-05 09:00:00,887.33,871.95,145.35
2022-11-05 10:00:00,1009.38,790.6,195.13
2022-11-05 11:00:00,1060.28,725.99,253.39
2022-11-05 12:00:00,947.8,573.56,311.6
2022-11-05 13:00:00,768.25,674.89,182.94
2022-11-05 14:00:00,676.15,516.16,261.0
2022-11-05 15:00:00,500.15,546.21,174.3
2022-11-05 16:00:00,289.95,456.18,120.93
2022-11-05 17:00:00,105.75,310.27,49.87
2022-11-06 05:00:00,15.82,29.08,15.06
2022-11-06 06:00:00,161.05,231.03,90.23
2022-11-06 07:00:00,355.62,332.59,213.25
2022-11-06 08:00:00,547.38,441.74,266.27
2022-11-06 09:00:00,690.53,388.62,353.21
2022-11-06 10:00:00,762.72,310.08,385.31
2022-11-06 11:00:00,702.05,277.36,335.5
2022-11-06 12:00:00,560.17,135.3,332.76
2022-11-06 13:00:00,457.1,213.99,272.52
2022-11-06 14:00:00,375.55,123.47,247.46
2022-11-06 15:00:00,335.67,159.57,216.94
2022-11-06 16:00:00,183.48,148.77,121.63
2022-11-06 17:00:00,75.28,105.12,56.85
2022-11-07 05:00:00,13.73,10.21,15.99
2022-11-07 06:00:00,126.6,123.38,92.23
2022-11-07 07:00:00,297.38,232.94,181.87
2022-11-07 08:00:00,497.1,228.7,301.28
2022-11-07 09:00:00,732.88,417.62,300.87
2022-11-07 10:00:00,719.4,262.05,415.66
2022-11-07 11:00:00,760.33,216.74,484.6
2022-11-07 12:00:00,765.33,339.47,421.06
2022-11-07 13:00:00,665.62,316.99,244.27
2022-11-07 14:00:00,466.85,346.46,203.1
2022-11-07 15:00:00,434.33,375.2,172.93
2022-11-07 16:00:00,254.62,314.16,132.92
2022-11-07 17:00:00,99.95,165.74,54.59
2022-11-08 05:00:00,12.6,29.23,15.71
2022-11-08 06:00:00,102.78,180.57,59.73
2022-11-08 07:00:00,219.15,208.57,134.08
2022-11-08 08:00:00,421.75,141.84,310.54
2022-11-08 09:00:00,640.28,193.87,428.91
2022-11-08 10:00:00,824.2,343.14,427.59
2022-11-08 11:00:00,769.1,236.98,518.42
2022-11-08 12:00:00,686.03,343.14,298.32
2022-11-08 13:00:00,633.95,362.96,288.8
2022-11-08 14:00:00,504.8,361.68,198.93
2022-11-08 15:00:00,329.05,185.22,216.84
2022-11-08 16:00:00,189.88,117.22,155.35
2022-11-08 17:00:00,75.07,66.64,69.8
2022-11-09 05:00:00,14.5,26.54,15.09
2022-11-09 06:00:00,118.95,162.71,77.6
2022-11-09 07:00:00,238.77,106.15,181.52
2022-11-09 08:00:00,333.0,116.48,219.99
2022-11-09 09:00:00,416.85,96.84,296.66
2022-11-09 10:00:00,649.22,130.23,397.21
2022-11-09 11:00:00,765.9,172.44,519.11
2022-11-09 12:00:00,686.05,210.2,390.77
2022-11-09 13:00:00,673.15,390.32,307.11
2022-11-09 14:00:00,571.83,181.38,345.51
2022-11-09 15:00:00,361.8,201.54,226.28
2022-11-09 16:00:00,207.1,118.91,162.38
2022-11-09 17:00:00,83.38,31.3,67.83
2022-11-10 05:00:00,17.7,59.22,16.5
2022-11-10 06:00:00,157.93,262.41,89.24
2022-11-10 07:00:00,336.02,261.8,179.29
2022-11-10 08:00:00,531.97,402.87,233.41
2022-11-10 09:00:00,742.12,499.24,303.0
2022-11-10 10:00:00,910.38,618.69,272.8
2022-11-10 11:00:00,990.2,738.61,211.79
2022-11-10 12:00:00,939.67,470.76,386.93
2022-11-10 13:00:00,781.95,661.31,174.12
2022-11-10 14:00:00,633.72,372.42,269.88
2022-11-10 15:00:00,493.23,524.94,175.5
2022-11-10 16:00:00,296.2,490.63,102.15
2022-11-10 17:00:00,110.15,258.33,52.7
2022-11-10 18:00:00,3.7,18.16,4.21
2022-11-11 05:00:00,19.15,22.68,16.4
2022-11-11 06:00:00,186.5,350.09,80.75
2022-11-11 07:00:00,401.45,493.01,147.95
2022-11-11 08:00:00,623.78,592.5,196.92
2022-11-11 09:00:00,818.15,636.91,230.49
2022-11-11 10:00:00,849.67,332.89,407.07
2022-11-11 11:00:00,844.97,344.21,532.75
2022-11-11 12:00:00,772.58,147.16,522.4
2022-11-11 13:00:00,749.53,386.86,555.16
2022-11-11 14:00:00,440.98,35.95,333.43
2022-11-11 15:00:00,145.73,0.0,121.07
2022-11-11 16:00:00,71.25,0.0,63.21
2022-11-11 17:00:00,32.7,14.45,28.37
2022-11-11 18:00:00,1.38,0.0,1.84
2022-11-12 05:00:00,14.1,1.45,16.37
2022-11-12 06:00:00,135.32,82.56,106.51
2022-11-12 07:00:00,315.9,275.45,181.68
2022-11-12 08:00:00,508.08,364.47,232.01
2022-11-12 09:00:00,759.92,523.74,307.39
2022-11-12 10:00:00,904.33,536.08,329.65
2022-11-12 11:00:00,943.12,480.3,338.68
2022-11-12 12:00:00,876.2,490.41,290.51
2022-11-12 13:00:00,748.38,420.07,269.08
2022-11-12 14:00:00,606.5,320.6,277.38
2022-11-12 15:00:00,487.5,425.42,189.88
2022-11-12 16:00:00,274.12,370.51,133.24
2022-11-12 17:00:00,96.88,141.06,61.57
2022-11-12 18:00:00,3.62,1.24,5.07
2022-11-13 05:00:00,16.75,11.38,20.64
2022-11-13 06:00:00,159.0,151.68,105.55
2022-11-13 07:00:00,360.6,130.11,262.71
2022-11-13 08:00:00,590.65,345.73,349.24
2022-11-13 09:00:00,817.85,950.46,335.61
2022-11-13 10:00:00,931.42,586.64,348.1
2022-11-13 11:00:00,930.97,462.71,402.91
2022-11-13 12:00:00,794.12,227.71,446.49
2022-11-13 13:00:00,657.22,217.19,368.11
2022-11-13 14:00:00,407.0,217.91,232.88
2022-11-13 15:00:00,323.05,87.39,251.1
2022-11-13 16:00:00,195.52,46.59,168.85
2022-11-13 17:00:00,74.05,32.14,72.91
2022-11-13 18:00:00,3.25,0.0,4.55
2022-11-14 05:00:00,11.95,0.0,12.04
2022-11-14 06:00:00,97.47,13.68,86.58
2022-11-14 07:00:00,225.68,91.24,172.58
2022-11-14 08:00:00,297.58,80.1,217.22
2022-11-14 09:00:00,318.27,22.94,244.8
2022-11-14 10:00:00,202.45,20.35,157.95
2022-11-14 11:00:00,422.38,188.28,259.25
2022-11-14 12:00:00,747.3,387.13,310.04
2022-11-14 13:00:00,784.95,595.51,277.13
2022-11-14 14:00:00,544.53,378.87,260.96
2022-11-14 15:00:00,363.67,173.87,209.81
2022-11-14 16:00:00,210.2,115.1,165.72
2022-11-14 17:00:00,76.57,22.39,63.74
2022-11-14 18:00:00,3.22,0.0,4.71
2022-11-15 05:00:00,12.9,2.0,13.68
2022-11-15 06:00:00,117.85,25.35,98.4
2022-11-15 07:00:00,271.77,76.02,211.87
2022-11-15 08:00:00,477.25,148.41,317.85
2022-11-15 09:00:00,674.9,123.75,453.76
2022-11-15 10:00:00,657.45,49.59,515.74
2022-11-15 11:00:00,742.45,281.73,525.53
2022-11-15 12:00:00,713.8,110.78,554.78
2022-11-15 13:00:00,680.12,268.45,463.11
2022-11-15 14:00:00,415.1,31.52,336.7
2022-11-15 15:00:00,255.18,24.85,213.27
2022-11-15 16:00:00,183.95,11.95,149.98
2022-11-15 17:00:00,73.97,23.84,66.08
2022-11-15 18:00:00,3.6,0.0,4.81
2022-11-16 05:00:00,21.23,41.53,16.8
2022-11-16 06:00:00,195.77,365.82,93.27
2022-11-16 07:00:00,421.38,562.42,142.1
2022-11-16 08:00:00,638.45,603.82,210.1
2022-11-16 09:00:00,778.03,521.8,260.99
2022-11-16 10:00:00,895.17,451.47,353.23
2022-11-16 11:00:00,898.5,539.63,293.89
2022-11-16 12:00:00,810.45,316.14,453.06
2022-11-16 13:00:00,776.2,451.06,270.83
2022-11-16 14:00:00,616.33,275.08,360.87
2022-11-16 15:00:00,371.92,287.83,195.07
2022-11-16 16:00:00,218.18,240.38,122.45
2022-11-16 17:00:00,82.95,120.06,63.56
2022-11-16 18:00:00,4.15,4.31,4.86
2022-11-17 05:00:00,23.95,102.78,15.62
2022-11-17 06:00:00,219.07,523.86,65.94
2022-11-17 07:00:00,463.17,756.43,90.11
2022-11-17 08:00:00,693.97,828.66,112.25
2022-11-17 09:00:00,886.0,912.68,99.55
2022-11-17 10:00:00,1022.67,954.92,98.41
2022-11-17 11:00:00,1081.47,965.22,104.73
2022-11-17 12:00:00,1009.22,868.71,118.27
2022-11-17 13:00:00,923.92,724.85,248.95
2022-11-17 14:00:00,710.4,706.3,168.46
2022-11-17 15:00:00,500.9,473.26,197.95
2022-11-17 16:00:00,303.23,418.75,133.35
2022-11-17 17:00:00,118.68,313.88,53.49
2022-11-17 18:00:00,5.53,14.82,6.53
2022-11-18 05:00:00,24.98,87.76,17.13
2022-11-18 06:00:00,222.25,541.78,64.68
2022-11-18 07:00:00,468.27,731.07,97.8
2022-11-18 08:00:00,699.55,847.38,106.57
2022-11-18 09:00:00,886.9,889.85,115.05
2022-11-18 10:00:00,1016.17,911.1,125.16
2022-11-18 11:00:00,1070.8,903.09,143.91
2022-11-18 12:00:00,990.83,634.7,294.99
2022-11-18 13:00:00,829.78,572.86,289.9
2022-11-18 14:00:00,616.0,582.63,148.72
2022-11-18 15:00:00,514.75,499.84,190.48
2022-11-18 16:00:00,308.58,441.41,121.33
2022-11-18 17:00:00,119.03,268.14,63.4
2022-11-18 18:00:00,5.85,13.46,6.98
2022-11-19 05:00:00,19.95,41.59,19.79
2022-11-19 06:00:00,165.98,267.24,107.45
2022-11-19 07:00:00,363.3,321.41,226.07
2022-11-19 08:00:00,516.65,340.53,294.94
2022-11-19 09:00:00,653.62,173.08,421.11
2022-11-19 10:00:00,811.12,236.25,420.75
2022-11-19 11:00:00,897.1,506.4,415.66
2022-11-19 12:00:00,953.97,711.24,216.45
2022-11-19 13:00:00,741.97,382.76,342.8
2022-11-19 14:00:00,520.05,108.98,361.47
2022-11-19 15:00:00,344.3,54.74,262.84
2022-11-19 16:00:00,206.35,34.03,163.36
2022-11-19 17:00:00,79.38,17.74,72.67
2022-11-19 18:00:00,4.1,0.0,5.03
2022-11-20 05:00:00,21.88,87.17,16.86
2022-11-20 06:00:00,202.95,449.43,72.53
2022-11-20 07:00:00,441.45,691.38,97.57
2022-11-20 08:00:00,691.08,830.71,108.79
2022-11-20 09:00:00,850.47,770.87,162.57
2022-11-20 10:00:00,947.4,706.94,228.23
2022-11-20 11:00:00,962.17,566.73,298.45
2022-11-20 12:00:00,929.85,533.15,317.92
2022-11-20 13:00:00,801.75,691.16,184.44
2022-11-20 14:00:00,692.17,418.35,314.41
2022-11-20 15:00:00,416.5,339.57,220.63
2022-11-20 16:00:00,248.73,225.01,162.32
2022-11-20 17:00:00,95.05,124.54,62.35
2022-11-20 18:00:00,5.62,6.18,7.52
2022-11-21 05:00:00,22.4,76.41,17.76
2022-11-21 06:00:00,200.27,386.68,95.93
2022-11-21 07:00:00,420.52,515.61,142.89
2022-11-21 08:00:00,662.7,634.7,200.33
2022-11-21 09:00:00,861.12,763.25,217.37
2022-11-21 10:00:00,987.28,741.89,262.24
2022-11-21 11:00:00,1028.97,642.78,309.48
2022-11-21 12:00:00,929.83,589.29,339.26
2022-11-21 13:00:00,833.38,710.32,229.81
2022-11-21 14:00:00,681.75,237.19,430.82
2022-11-21 15:00:00,504.62,191.43,312.73
2022-11-21 16:00:00,304.52,203.58,264.9
2022-11-21 17:00:00,115.2,94.93,90.12
2022-11-21 18:00:00,6.95,3.07,9.59
2022-11-22 05:00:00,18.08,3.76,19.11
2022-11-22 06:00:00,155.68,102.89,124.33
2022-11-22 07:00:00,343.98,144.08,253.75
2022-11-22 08:00:00,543.1,417.87,395.04
2022-11-22 09:00:00,721.05,551.9,474.72
2022-11-22 10:00:00,823.9,493.69,572.8
2022-11-22 11:00:00,879.5,467.7,406.83
2022-11-22 12:00:00,841.75,317.83,523.92
2022-11-22 13:00:00,763.8,521.03,546.8
2022-11-22 14:00:00,641.22,263.05,363.23
2022-11-22 15:00:00,467.4,297.03,249.29
2022-11-22 16:00:00,256.65,138.52,200.54
2022-11-22 17:00:00,103.47,61.82,95.64
2022-11-22 18:00:00,4.4,0.0,5.51
2022-11-23 05:00:00,12.57,0.0,12.99
2022-11-23 06:00:00,66.88,0.0,54.46
2022-11-23 07:00:00,181.5,0.0,145.31
2022-11-23 08:00:00,276.25,0.0,225.77
2022-11-23 09:00:00,450.15,2.81,350.99
2022-11-23 10:00:00,529.62,1.76,421.99
2022-11-23 11:00:00,622.03,14.4,483.92
2022-11-23 12:00:00,655.7,24.47,523.9
2022-11-23 13:00:00,603.83,37.94,486.9
2022-11-23 14:00:00,535.53,157.41,418.35
2022-11-23 15:00:00,437.65,262.52,317.08
2022-11-23 16:00:00,255.62,136.45,193.0
2022-11-23 17:00:00,98.78,49.27,86.08
2022-11-23 18:00:00,6.22,0.0,6.74
2022-11-24 05:00:00,6.72,0.0,6.95
2022-11-24 06:00:00,58.45,10.56,51.71
2022-11-24 07:00:00,145.05,35.46,117.35
2022-11-24 08:00:00,240.07,31.17,192.61
2022-11-24 09:00:00,413.85,276.2,192.2
2022-11-24 10:00:00,788.38,516.41,278.08
2022-11-24 11:00:00,1024.47,668.4,279.88
2022-11-24 12:00:00,1041.95,792.63,190.88
2022-11-24 13:00:00,947.65,695.15,274.42
2022-11-24 14:00:00,778.05,659.95,230.37
2022-11-24 15:00:00,489.85,302.5,273.84
2022-11-24 16:00:00,296.35,337.32,175.26
2022-11-24 17:00:00,116.38,201.79,87.68
2022-11-24 18:00:00,7.55,25.82,9.36
2022-11-25 05:00:00,19.9,46.75,17.73
2022-11-25 06:00:00,169.3,389.32,91.08
2022-11-25 07:00:00,358.65,505.7,138.48
2022-11-25 08:00:00,547.35,358.59,278.13
2022-11-25 09:00:00,669.08,330.02,321.83
2022-11-25 10:00:00,814.72,392.67,341.46
2022-11-25 11:00:00,752.58,415.25,299.61
2022-11-25 12:00:00,534.15,201.38,337.47
2022-11-25 13:00:00,301.65,96.68,209.1
2022-11-25 14:00:00,333.75,102.22,211.91
2022-11-25 15:00:00,346.73,263.58,187.39
2022-11-25 16:00:00,230.6,200.31,142.33
2022-11-25 17:00:00,104.7,169.57,73.45
2022-11-25 18:00:00,7.68,10.39,8.68
2022-11-26 05:00:00,21.62,81.97,14.07
2022-11-26 06:00:00,178.23,445.68,69.17
2022-11-26 07:00:00,375.83,544.98,125.2
2022-11-26 08:00:00,500.23,488.0,179.99
2022-11-26 09:00:00,535.78,326.75,263.23
2022-11-26 10:00:00,758.12,323.19,404.24
2022-11-26 11:00:00,871.65,567.5,373.9
2022-11-26 12:00:00,920.38,605.16,308.06
2022-11-26 13:00:00,850.17,670.54,211.18
2022-11-26 14:00:00,726.17,529.25,281.22
2022-11-26 15:00:00,492.38,553.13,178.17
2022-11-26 16:00:00,302.9,375.31,142.58
2022-11-26 17:00:00,123.35,210.16,81.5
2022-11-26 18:00:00,8.35,13.2,9.29
2022-11-27 05:00:00,24.62,75.16,18.9
2022-11-27 06:00:00,204.93,432.72,80.07
2022-11-27 07:00:00,429.77,675.61,113.5
2022-11-27 08:00:00,646.4,572.58,187.75
2022-11-27 09:00:00,844.88,786.69,172.84
2022-11-27 10:00:00,1009.55,908.92,127.16
2022-11-27 11:00:00,997.5,733.87,236.21
2022-11-27 12:00:00,901.62,432.09,362.12
2022-11-27 13:00:00,809.47,618.13,192.92
2022-11-27 14:00:00,451.1,218.59,258.04
2022-11-27 15:00:00,351.45,195.96,232.79
2022-11-27 16:00:00,224.1,233.51,136.13
2022-11-27 17:00:00,101.7,141.7,59.73
2022-11-27 18:00:00,8.93,17.31,10.71
2022-11-28 05:00:00,19.2,33.98,17.16
2022-11-28 06:00:00,137.43,171.28,93.06
2022-11-28 07:00:00,300.1,156.51,189.15
2022-11-28 08:00:00,421.92,138.81,281.93
2022-11-28 09:00:00,470.6,300.61,223.09
2022-11-28 10:00:00,572.65,270.48,283.01
2022-11-28 11:00:00,541.15,146.57,336.03
2022-11-28 12:00:00,453.2,24.66,360.68
2022-11-28 13:00:00,224.93,32.05,177.49
2022-11-28 14:00:00,341.15,117.38,212.99
2022-11-28 15:00:00,401.65,175.61,278.55
2022-11-28 16:00:00,241.18,83.14,193.93
2022-11-28 17:00:00,99.65,34.51,102.02
2022-11-28 18:00:00,6.65,0.0,7.86
2022-11-29 05:00:00,20.15,26.55,20.52
2022-11-29 06:00:00,162.0,222.68,106.4
2022-11-29 07:00:00,342.3,396.85,181.64
2022-11-29 08:00:00,539.05,371.14,252.4
2022-11-29 09:00:00,660.55,358.03,312.23
2022-11-29 10:00:00,750.83,243.08,466.14
2022-11-29 11:00:00,787.97,133.96,479.59
2022-11-29 12:00:00,586.45,174.99,334.98
2022-11-29 13:00:00,307.65,0.12,250.14
2022-11-29 14:00:00,94.22,7.75,77.26
2022-11-29 15:00:00,38.88,18.92,30.4
2022-11-29 16:00:00,44.58,3.8,38.5
2022-11-29 17:00:00,19.7,0.0,18.03
2022-11-29 18:00:00,5.05,0.0,5.46
2022-11-30 05:00:00,18.73,49.03,17.49
2022-11-30 06:00:00,140.0,165.01,87.31
2022-11-30 07:00:00,276.92,382.44,138.72
2022-11-30 08:00:00,407.0,194.14,270.76
2022-11-30 09:00:00,392.12,14.96,303.76
2022-11-30 10:00:00,544.88,18.03,444.71
2022-11-30 11:00:00,636.25,77.92,482.55
2022-11-30 12:00:00,723.25,70.53,506.54
2022-11-30 13:00:00,694.8,232.68,433.33
2022-11-30 14:00:00,496.75,90.98,346.55
2022-11-30 15:00:00,331.15,159.52,196.87
2022-11-30 16:00:00,200.15,106.04,174.97
2022-11-30 17:00:00,87.22,77.36,68.39
2022-11-30 18:00:00,7.53,2.13,9.65
2022-12-01 05:00:00,4.97,0.0,5.11
2022-12-01 06:00:00,24.5,0.0,19.95
2022-12-01 07:00:00,72.55,0.0,58.09
2022-12-01 08:00:00,167.35,0.0,136.75
2022-12-01 09:00:00,376.52,46.45,277.64
2022-12-01 10:00:00,731.58,295.4,408.6
2022-12-01 11:00:00,977.95,540.34,344.45
2022-12-01 12:00:00,1047.72,808.04,210.69
2022-12-01 13:00:00,932.1,802.96,193.65
2022-12-01 14:00:00,770.65,548.73,258.45
2022-12-01 15:00:00,552.25,571.64,180.55
2022-12-01 16:00:00,337.83,382.59,189.19
2022-12-01 17:00:00,134.7,164.02,95.03
2022-12-01 18:00:00,10.52,21.91,13.68
2022-12-02 05:00:00,15.93,3.8,16.83
2022-12-02 06:00:00,115.3,28.75,95.93
2022-12-02 07:00:00,262.83,59.66,208.17
2022-12-02 08:00:00,445.67,84.39,319.99
2022-12-02 09:00:00,582.8,175.08,366.75
2022-12-02 10:00:00,717.78,168.86,441.71
2022-12-02 11:00:00,888.05,351.61,444.23
2022-12-02 12:00:00,802.7,345.23,425.42
2022-12-02 13:00:00,764.97,452.76,322.03
2022-12-02 14:00:00,507.4,190.2,342.35
2022-12-02 15:00:00,235.1,1.74,198.82
2022-12-02 16:00:00,138.48,0.22,114.48
2022-12-02 17:00:00,67.07,0.0,62.94
2022-12-02 18:00:00,6.12,0.0,6.4
2022-12-03 05:00:00,8.55,0.0,8.83
2022-12-03 06:00:00,69.62,1.76,56.62
2022-12-03 07:00:00,160.95,0.0,128.86
2022-12-03 08:00:00,259.92,0.0,212.43
2022-12-03 09:00:00,368.2,0.3,301.38
2022-12-03 10:00:00,538.15,9.32,441.02
2022-12-03 11:00:00,690.42,26.15,535.14
2022-12-03 12:00:00,801.47,167.25,522.58
2022-12-03 13:00:00,654.4,218.64,451.67
2022-12-03 14:00:00,432.58,165.84,308.36
2022-12-03 15:00:00,267.12,87.15,203.94
2022-12-03 16:00:00,162.18,32.09,133.17
2022-12-03 17:00:00,71.97,29.92,59.25
2022-12-03 18:00:00,6.4,0.0,6.66
2022-12-04 05:00:00,11.57,0.0,11.95
2022-12-04 06:00:00,81.85,0.0,66.66
2022-12-04 07:00:00,167.23,0.0,133.88
2022-12-04 08:00:00,243.95,0.0,199.36
2022-12-04 09:00:00,358.73,0.15,293.65
2022-12-04 10:00:00,433.05,0.1,356.44
2022-12-04 11:00:00,536.83,30.93,414.0
2022-12-04 12:00:00,573.92,36.56,455.74
2022-12-04 13:00:00,468.12,23.4,376.69
2022-12-04 14:00:00,327.8,8.28,263.81
2022-12-04 15:00:00,277.85,0.0,235.95
2022-12-04 16:00:00,175.68,0.0,145.26
2022-12-04 17:00:00,83.45,0.0,78.3
2022-12-04 18:00:00,8.6,0.0,8.98
2022-12-05 05:00:00,9.15,0.0,9.45
2022-12-05 06:00:00,65.93,0.0,53.69
2022-12-05 07:00:00,142.1,1.8,116.78
2022-12-05 08:00:00,205.1,0.0,167.62
2022-12-05 09:00:00,316.08,0.0,258.73
2022-12-05 10:00:00,426.2,0.1,350.82
2022-12-05 11:00:00,483.67,21.69,374.23
2022-12-05 12:00:00,437.98,13.13,350.53
2022-12-05 13:00:00,312.2,6.35,252.81
2022-12-05 14:00:00,309.58,18.19,247.87
2022-12-05 15:00:00,241.38,0.84,204.87
2022-12-05 16:00:00,156.3,11.71,128.15
2022-12-05 17:00:00,82.82,24.91,70.76
2022-12-05 18:00:00,4.45,0.0,4.65
2022-12-06 05:00:00,8.68,0.0,8.96
2022-12-06 07:00:00,162.0,23.8,126.4
2022-12-06 08:00:00,218.43,8.61,177.53
2022-12-06 09:00:00,306.17,1.64,250.42
2022-12-06 10:00:00,360.38,19.25,292.58
2022-12-06 11:00:00,434.27,0.0,339.83
2022-12-06 12:00:00,605.9,104.39,411.72
2022-12-06 13:00:00,564.17,151.48,324.41
2022-12-06 14:00:00,460.25,76.18,331.72
2022-12-06 15:00:00,145.88,15.42,121.92
2022-12-06 16:00:00,88.82,7.7,72.75
2022-12-06 17:00:00,38.78,7.69,34.36
2022-12-06 18:00:00,3.9,0.0,4.07
2022-12-07 05:00:00,6.05,0.0,6.22
2022-12-07 06:00:00,51.7,17.89,41.49
2022-12-07 07:00:00,131.52,61.53,103.33
2022-12-07 08:00:00,197.25,0.68,164.47
2022-12-07 09:00:00,267.98,14.47,217.39
2022-12-07 10:00:00,428.2,73.45,336.95
2022-12-07 11:00:00,589.88,97.94,367.68
2022-12-07 12:00:00,626.58,84.55,432.22
2022-12-07 13:00:00,527.95,214.52,294.62
2022-12-07 14:00:00,554.95,212.08,357.87
2022-12-07 15:00:00,373.42,120.68,259.57
2022-12-07 16:00:00,233.57,147.92,163.93
2022-12-07 17:00:00,110.1,119.96,101.82
2022-12-07 18:00:00,12.65,15.84,16.54
2022-12-08 05:00:00,20.9,48.1,22.71
2022-12-08 06:00:00,182.93,320.05,100.01
2022-12-08 07:00:00,409.38,475.09,164.74
2022-12-08 08:00:00,650.1,657.7,210.58
2022-12-08 09:00:00,861.2,726.5,227.68
2022-12-08 10:00:00,1037.6,913.21,141.97
2022-12-08 11:00:00,1105.4,884.13,169.56
2022-12-08 12:00:00,1086.4,894.7,180.44
2022-12-08 13:00:00,989.6,919.86,126.14
2022-12-08 14:00:00,869.25,836.78,171.38
2022-12-08 15:00:00,694.88,884.58,94.18
2022-12-08 16:00:00,455.12,756.45,92.9
2022-12-08 17:00:00,207.15,560.4,61.86
2022-12-08 18:00:00,19.55,101.63,15.35
2022-12-09 05:00:00,25.25,112.54,16.08
2022-12-09 06:00:00,223.77,620.78,53.12
2022-12-09 07:00:00,471.88,788.34,90.83
2022-12-09 08:00:00,705.4,900.91,91.16
2022-12-09 09:00:00,900.03,946.59,100.75
2022-12-09 10:00:00,1034.3,988.63,92.78
2022-12-09 11:00:00,1100.88,1012.37,86.26
2022-12-09 12:00:00,1102.93,1028.19,73.5
2022-12-09 13:00:00,1024.88,980.75,85.28
2022-12-09 14:00:00,881.4,946.58,90.66
2022-12-09 15:00:00,647.4,757.27,173.77
2022-12-09 16:00:00,414.08,458.38,188.52
2022-12-09 17:00:00,184.27,317.53,93.86
2022-12-09 18:00:00,17.67,54.65,17.76
2022-12-10 05:00:00,15.6,21.73,15.12
2022-12-10 06:00:00,126.22,148.13,89.82
2022-12-10 07:00:00,287.23,300.78,177.85
2022-12-10 08:00:00,519.35,473.21,226.51
2022-12-10 09:00:00,793.95,590.03,275.13
2022-12-10 10:00:00,966.9,733.68,250.84
2022-12-10 11:00:00,1013.58,649.96,287.38
2022-12-10 12:00:00,1004.3,726.09,271.17
2022-12-10 13:00:00,863.05,490.18,337.57
2022-12-10 14:00:00,712.08,665.56,177.66
2022-12-10 15:00:00,495.7,500.45,187.65
2022-12-10 16:00:00,311.95,374.68,130.23
2022-12-10 17:00:00,132.5,187.78,89.36
2022-12-10 18:00:00,13.8,39.08,13.6
2022-12-11 05:00:00,16.83,17.22,23.82
2022-12-11 06:00:00,149.32,235.11,113.52
2022-12-11 07:00:00,330.05,408.15,141.44
2022-12-11 08:00:00,578.53,468.66,225.25
2022-12-11 09:00:00,804.28,695.79,180.54
2022-12-11 10:00:00,946.53,599.36,290.02
2022-12-11 11:00:00,1031.85,711.63,252.36
2022-12-11 12:00:00,1012.67,660.91,288.75
2022-12-11 13:00:00,868.5,644.06,206.22
2022-12-11 14:00:00,741.92,629.87,215.23
2022-12-11 15:00:00,554.7,605.79,175.26
2022-12-11 16:00:00,342.02,403.95,172.18
2022-12-11 17:00:00,144.3,201.85,93.72
2022-12-11 18:00:00,14.93,13.38,21.31
2022-12-12 05:00:00,9.98,0.0,10.05
2022-12-12 06:00:00,72.4,0.0,64.18
2022-12-12 07:00:00,154.73,0.26,127.28
2022-12-12 08:00:00,264.17,18.9,218.07
2022-12-12 09:00:00,351.0,29.85,283.27
2022-12-12 10:00:00,541.28,27.2,415.19
2022-12-12 11:00:00,552.5,36.64,387.03
2022-12-12 12:00:00,442.17,33.8,350.04
2022-12-12 13:00:00,387.33,3.81,318.06
2022-12-12 14:00:00,285.8,1.05,233.85
2022-12-12 15:00:00,302.3,22.87,249.4
2022-12-12 16:00:00,164.18,42.87,125.02
2022-12-12 17:00:00,72.45,8.23,66.73
2022-12-12 18:00:00,5.57,0.0,5.62
2022-12-13 05:00:00,8.05,0.0,8.09
2022-12-13 06:00:00,81.05,32.0,67.87
2022-12-13 07:00:00,173.35,30.52,118.5
2022-12-13 08:00:00,326.5,36.21,238.54
2022-12-13 09:00:00,277.55,13.37,225.39
2022-12-13 10:00:00,283.88,12.02,231.15
2022-12-13 11:00:00,231.07,38.09,157.35
2022-12-13 12:00:00,98.85,4.12,78.9
2022-12-13 13:00:00,103.65,0.0,85.32
2022-12-13 14:00:00,102.35,30.0,79.69
2022-12-13 15:00:00,56.62,20.09,41.65
2022-12-13 16:00:00,51.95,0.26,42.73
2022-12-13 17:00:00,34.3,0.0,30.42
2022-12-13 18:00:00,7.4,0.0,7.46
2022-12-14 05:00:00,16.83,42.16,16.17
2022-12-14 06:00:00,141.65,191.05,78.64
2022-12-14 07:00:00,292.15,386.4,126.36
2022-12-14 08:00:00,482.6,302.24,302.35
2022-12-14 09:00:00,692.03,528.23,237.42
2022-12-14 10:00:00,710.67,356.59,346.68
2022-12-14 11:00:00,745.0,263.93,414.36
2022-12-14 12:00:00,740.85,133.69,446.66
2022-12-14 13:00:00,634.03,241.61,381.54
2022-12-14 14:00:00,435.65,678.41,145.29
2022-12-14 15:00:00,428.48,262.57,247.37
2022-12-14 16:00:00,275.75,232.81,184.48
2022-12-14 17:00:00,135.82,207.97,72.48
2022-12-14 18:00:00,17.23,47.84,15.42
2022-12-15 05:00:00,16.12,52.68,14.35
2022-12-15 06:00:00,149.68,259.38,80.16
2022-12-15 07:00:00,322.85,542.14,119.1
2022-12-15 08:00:00,534.17,246.7,325.29
2022-12-15 09:00:00,776.88,639.93,230.53
2022-12-15 10:00:00,906.7,519.75,419.7
2022-12-15 11:00:00,923.62,363.11,509.29
2022-12-15 12:00:00,803.9,383.41,397.66
2022-12-15 13:00:00,763.1,317.71,424.14
2022-12-15 14:00:00,650.35,441.57,263.79
2022-12-15 15:00:00,501.45,417.31,209.21
2022-12-15 16:00:00,299.35,358.63,126.5
2022-12-15 17:00:00,136.38,259.84,71.79
2022-12-15 18:00:00,16.55,49.83,16.8
2022-12-16 05:00:00,16.8,56.06,15.07
2022-12-16 06:00:00,152.73,251.56,78.26
2022-12-16 07:00:00,334.08,410.92,142.55
2022-12-16 08:00:00,533.22,459.74,238.54
2022-12-16 09:00:00,705.0,374.64,329.2
2022-12-16 10:00:00,798.67,463.16,352.79
2022-12-16 11:00:00,830.9,267.11,540.05
2022-12-16 12:00:00,750.9,101.19,511.89
2022-12-16 13:00:00,724.5,229.6,547.89
2022-12-16 14:00:00,566.78,52.95,450.1
2022-12-16 15:00:00,360.3,18.43,298.28
2022-12-16 16:00:00,219.18,0.0,180.35
2022-12-16 17:00:00,108.38,23.21,87.47
2022-12-16 18:00:00,12.52,0.0,12.94
2022-12-17 05:00:00,16.73,49.17,17.44
2022-12-17 06:00:00,138.93,242.16,94.45
2022-12-17 07:00:00,312.6,303.48,210.44
2022-12-17 08:00:00,491.73,395.81,249.94
2022-12-17 09:00:00,679.55,516.87,248.29
2022-12-17 10:00:00,821.15,511.92,336.77
2022-12-17 11:00:00,917.88,659.29,290.15
2022-12-17 12:00:00,870.62,329.41,446.03
2022-12-17 13:00:00,793.92,413.09,381.25
2022-12-17 14:00:00,579.8,267.33,356.67
2022-12-17 15:00:00,508.17,395.29,244.23
2022-12-17 16:00:00,331.65,291.08,197.38
2022-12-17 17:00:00,152.4,128.86,115.46
2022-12-17 18:00:00,20.33,51.03,17.61
2022-12-18 05:00:00,14.77,34.0,15.38
2022-12-18 06:00:00,126.28,132.25,95.37
2022-12-18 07:00:00,293.83,321.28,151.82
2022-12-18 08:00:00,470.08,300.73,264.38
2022-12-18 09:00:00,645.67,366.02,282.13
2022-12-18 10:00:00,748.92,218.29,430.35
2022-12-18 11:00:00,819.92,347.18,393.92
2022-12-18 12:00:00,813.92,416.92,394.38
2022-12-18 13:00:00,907.17,572.2,297.74
2022-12-18 14:00:00,776.3,567.97,273.86
2022-12-18 15:00:00,619.15,670.5,170.14
2022-12-18 16:00:00,393.5,428.03,188.77
2022-12-18 17:00:00,178.5,294.08,93.36
2022-12-18 18:00:00,20.98,32.78,22.87
2022-12-19 05:00:00,7.25,0.0,7.3
2022-12-19 06:00:00,57.95,0.0,51.68
2022-12-19 07:00:00,115.47,1.62,96.61
2022-12-19 08:00:00,186.82,20.59,151.03
2022-12-19 09:00:00,290.55,15.51,232.82
2022-12-19 10:00:00,328.92,6.35,266.37
2022-12-19 11:00:00,330.58,0.11,266.41
2022-12-19 12:00:00,256.12,13.54,197.77
2022-12-19 13:00:00,298.27,0.1,245.51
2022-12-19 14:00:00,336.92,0.15,275.8
2022-12-19 15:00:00,290.45,88.1,227.29
2022-12-19 16:00:00,169.98,35.02,133.18
2022-12-19 17:00:00,75.47,8.73,61.16
2022-12-19 18:00:00,11.5,0.0,11.88
2022-12-20 05:00:00,8.77,0.0,9.16
2022-12-20 06:00:00,74.72,0.0,66.65
2022-12-20 07:00:00,172.27,0.22,142.43
2022-12-20 08:00:00,287.48,2.51,243.82
2022-12-20 09:00:00,417.98,34.87,333.4
2022-12-20 10:00:00,500.45,38.18,369.88
2022-12-20 11:00:00,632.72,56.65,499.4
2022-12-20 12:00:00,479.73,20.8,371.31
2022-12-20 13:00:00,484.35,59.57,344.82
2022-12-20 14:00:00,328.62,54.66,241.6
2022-12-20 15:00:00,323.75,65.34,247.45
2022-12-20 16:00:00,209.35,48.92,169.66
2022-12-20 17:00:00,97.65,16.97,73.32
2022-12-20 18:00:00,13.02,0.0,13.45
2022-12-21 05:00:00,11.52,19.04,13.46
2022-12-21 06:00:00,120.82,95.0,98.7
2022-12-21 07:00:00,282.27,292.46,163.57
2022-12-21 08:00:00,479.12,304.33,240.6
2022-12-21 09:00:00,654.7,263.14,380.09
2022-12-21 10:00:00,804.62,398.78,364.61
2022-12-21 11:00:00,923.28,471.05,408.73
2022-12-21 12:00:00,929.78,353.39,419.43
2022-12-21 13:00:00,778.8,412.58,296.31
2022-12-21 14:00:00,666.38,419.48,260.86
2022-12-21 15:00:00,522.42,478.3,225.98
2022-12-21 16:00:00,340.95,515.22,124.83
2022-12-21 17:00:00,164.05,396.75,66.32
2022-12-21 18:00:00,24.9,125.55,16.84
2022-12-22 05:00:00,16.52,78.84,11.12
2022-12-22 06:00:00,184.25,528.91,56.01
2022-12-22 07:00:00,413.77,617.92,112.62
2022-12-22 08:00:00,647.75,756.62,145.39
2022-12-22 09:00:00,797.65,754.65,184.7
2022-12-22 10:00:00,883.47,424.72,347.68
2022-12-22 11:00:00,948.08,466.63,391.63
2022-12-22 12:00:00,927.97,476.62,364.62
2022-12-22 13:00:00,825.67,556.44,220.46
2022-12-22 14:00:00,611.75,499.57,228.23
2022-12-22 15:00:00,426.83,260.08,234.27
2022-12-22 16:00:00,275.8,278.19,154.67
2022-12-22 17:00:00,131.07,167.91,98.61
2022-12-22 18:00:00,19.65,42.38,17.79
2022-12-23 05:00:00,14.4,30.12,15.36
2022-12-23 06:00:00,136.02,189.59,86.08
2022-12-23 07:00:00,298.27,257.26,190.09
2022-12-23 08:00:00,466.38,428.77,224.31
2022-12-23 09:00:00,677.45,457.39,251.47
2022-12-23 10:00:00,827.83,464.56,314.43
2022-12-23 11:00:00,907.62,600.78,302.49
2022-12-23 12:00:00,867.42,283.27,449.63
2022-12-23 13:00:00,785.95,573.86,238.01
2022-12-23 14:00:00,602.03,205.1,380.19
2022-12-23 15:00:00,389.83,61.47,301.26
2022-12-23 16:00:00,250.65,61.46,197.38
2022-12-23 17:00:00,121.5,99.66,100.28
2022-12-23 18:00:00,19.48,15.86,20.56
2022-12-24 05:00:00,13.38,25.26,12.02
2022-12-24 06:00:00,149.95,273.53,87.5
2022-12-24 07:00:00,334.75,326.09,160.43
2022-12-24 08:00:00,527.0,336.61,287.73
2022-12-24 09:00:00,653.85,388.84,303.67
2022-12-24 10:00:00,787.65,471.41,348.95
2022-12-24 11:00:00,945.53,335.26,487.85
2022-12-24 12:00:00,938.83,598.34,301.63
2022-12-24 13:00:00,883.4,448.42,382.32
2022-12-24 14:00:00,752.4,590.66,216.17
2022-12-24 15:00:00,587.75,575.31,178.99
2022-12-24 16:00:00,386.88,515.94,148.52
2022-12-24 17:00:00,186.3,369.33,97.82
2022-12-24 18:00:00,26.05,46.17,25.45
2022-12-25 05:00:00,10.32,18.27,13.01
2022-12-25 06:00:00,109.65,291.28,60.04
2022-12-25 07:00:00,242.0,174.2,156.13
2022-12-25 08:00:00,381.62,446.47,167.06
2022-12-25 09:00:00,522.9,268.08,248.76
2022-12-25 10:00:00,711.62,314.87,362.19
2022-12-25 11:00:00,882.55,331.3,441.79
2022-12-25 12:00:00,898.95,508.79,342.57
2022-12-25 13:00:00,776.78,314.18,376.89
2022-12-25 14:00:00,700.65,629.69,322.62
2022-12-25 15:00:00,560.22,270.31,365.92
2022-12-25 16:00:00,343.08,106.88,270.71
2022-12-25 17:00:00,154.88,70.87,132.88
2022-12-25 18:00:00,20.4,3.52,21.27
2022-12-26 05:00:00,3.85,0.0,4.02
2022-12-26 06:00:00,40.5,0.0,38.0
2022-12-26 07:00:00,93.88,0.0,81.58
2022-12-26 08:00:00,149.73,0.0,126.75
2022-12-26 09:00:00,234.2,0.0,195.35
2022-12-26 10:00:00,320.95,0.0,260.98
2022-12-26 11:00:00,352.35,26.09,279.12
2022-12-26 12:00:00,352.38,23.44,248.49
2022-12-26 13:00:00,381.6,2.58,303.81
2022-12-26 14:00:00,328.2,1.22,256.04
2022-12-26 15:00:00,210.32,0.0,173.2
2022-12-26 16:00:00,136.18,0.0,110.68
2022-12-26 17:00:00,63.2,0.0,53.51
2022-12-26 18:00:00,9.5,0.0,9.91
2022-12-27 05:00:00,6.2,0.0,6.47
2022-12-27 06:00:00,63.92,29.84,58.79
2022-12-27 07:00:00,159.02,37.17,135.84
2022-12-27 08:00:00,242.3,3.82,204.67
2022-12-27 09:00:00,413.05,56.59,334.98
2022-12-27 10:00:00,567.3,32.2,455.87
2022-12-27 11:00:00,689.67,170.54,444.57
2022-12-27 12:00:00,731.17,88.25,500.85
2022-12-27 13:00:00,672.72,434.33,328.08
2022-12-27 14:00:00,546.22,147.6,346.44
2022-12-27 15:00:00,386.23,163.53,248.54
2022-12-27 16:00:00,243.98,100.56,163.73
2022-12-27 17:00:00,116.9,41.96,96.85
2022-12-27 18:00:00,16.98,0.0,17.7
2022-12-28 05:00:00,3.95,0.0,4.12
2022-12-28 06:00:00,30.33,0.0,27.79
2022-12-28 07:00:00,47.53,0.0,41.3
2022-12-28 08:00:00,32.67,24.07,22.96
2022-12-28 09:00:00,53.72,41.0,32.68
2022-12-28 10:00:00,84.35,29.14,57.65
2022-12-28 11:00:00,301.23,0.11,242.74
2022-12-28 12:00:00,272.42,3.97,212.4
2022-12-28 13:00:00,198.05,2.57,157.47
2022-12-28 14:00:00,385.88,48.75,305.63
2022-12-28 15:00:00,213.57,52.89,169.23
2022-12-28 16:00:00,144.4,30.34,114.18
2022-12-28 17:00:00,66.5,21.49,48.04
2022-12-28 18:00:00,8.57,0.0,8.94
2022-12-29 05:00:00,3.28,0.0,3.54
2022-12-29 06:00:00,31.12,0.0,28.52
2022-12-29 07:00:00,67.62,0.0,58.74
2022-12-29 08:00:00,101.18,0.0,87.17
2022-12-29 09:00:00,195.12,0.0,162.76
2022-12-29 10:00:00,327.92,0.0,266.65
2022-12-29 11:00:00,484.6,12.51,388.2
2022-12-29 12:00:00,666.17,297.95,462.61
2022-12-29 13:00:00,568.25,7.01,451.87
2022-12-29 14:00:00,467.38,28.32,360.32
2022-12-29 15:00:00,347.95,35.68,282.06
2022-12-29 16:00:00,216.02,24.59,175.51
2022-12-29 17:00:00,103.03,26.16,82.52
2022-12-29 18:00:00,17.85,8.69,20.2
2022-12-30 05:00:00,7.45,0.0,8.06
2022-12-30 06:00:00,80.03,19.87,76.08
2022-12-30 07:00:00,197.25,50.71,152.36
2022-12-30 08:00:00,340.67,69.4,254.7
2022-12-30 09:00:00,406.08,67.74,327.31
2022-12-30 10:00:00,495.6,179.13,377.99
2022-12-30 11:00:00,570.28,95.01,441.98
2022-12-30 12:00:00,648.08,284.94,376.45
2022-12-30 13:00:00,663.45,234.31,327.77
2022-12-30 14:00:00,552.78,222.84,331.43
2022-12-30 15:00:00,324.25,28.84,249.64
2022-12-30 16:00:00,212.05,13.0,171.13
2022-12-30 17:00:00,106.07,17.81,89.12
2022-12-30 18:00:00,15.02,0.0,15.67
2022-12-31 05:00:00,6.53,5.57,8.67
2022-12-31 06:00:00,78.95,57.24,53.61
2022-12-31 07:00:00,213.38,85.63,144.03
2022-12-31 08:00:00,391.05,190.8,272.82
2022-12-31 09:00:00,451.75,241.88,337.97
2022-12-31 10:00:00,595.8,160.24,392.44
2022-12-31 11:00:00,797.28,300.25,375.93
2022-12-31 12:00:00,856.95,342.4,434.0
2022-12-31 13:00:00,692.85,304.08,350.67
2022-12-31 14:00:00,549.62,338.44,247.37
2022-12-31 15:00:00,281.33,39.22,213.55
2022-12-31 16:00:00,264.58,146.77,165.14
2022-12-31 17:00:00,126.62,63.01,98.03
2022-12-31 18:00:00,18.98,13.63,18.68
2023-01-01 05:00:00,7.95,9.86,10.0
2023-01-01 06:00:00,111.4,135.87,91.95
2023-01-01 07:00:00,265.58,234.99,188.44
2023-01-01 08:00:00,443.8,443.87,176.54
2023-01-01 09:00:00,642.85,340.59,341.49
2023-01-01 10:00:00,805.92,535.97,252.17
2023-01-01 11:00:00,873.83,581.94,255.51
2023-01-01 12:00:00,733.67,291.71,378.4
2023-01-01 13:00:00,419.5,58.44,299.6
2023-01-01 14:00:00,420.42,125.06,253.96
2023-01-01 15:00:00,197.65,38.82,153.31
2023-01-01 16:00:00,112.47,27.06,95.02
2023-01-01 17:00:00,76.25,116.99,55.03
2023-01-01 18:00:00,16.2,28.0,16.4
