Data_Hora,GHI_W_m2
2024-12-25 00:00:00,0.0
2024-12-25 01:00:00,0.0
2024-12-25 02:00:00,0.0
2024-12-25 03:00:00,0.0
2024-12-25 04:00:00,0.0
2024-12-25 05:00:00,11.25
2024-12-25 06:00:00,120.2
2024-12-25 07:00:00,277.83
2024-12-25 08:00:00,464.12
2024-12-25 09:00:00,586.0
2024-12-25 10:00:00,705.15
2024-12-25 11:00:00,861.5
2024-12-25 12:00:00,913.28
2024-12-25 13:00:00,832.9
2024-12-25 14:00:00,737.72
2024-12-25 15:00:00,509.38
2024-12-25 16:00:00,309.77
2024-12-25 17:00:00,148.18
2024-12-25 18:00:00,18.6
2024-12-25 19:00:00,0.0
2024-12-25 20:00:00,0.0
2024-12-25 21:00:00,0.0
2024-12-25 22:00:00,0.0
2024-12-25 23:00:00,0.0
2024-12-26 00:00:00,0.0
2024-12-26 01:00:00,0.0
2024-12-26 02:00:00,0.0
2024-12-26 03:00:00,0.0
2024-12-26 04:00:00,0.0
2024-12-26 05:00:00,5.88
2024-12-26 06:00:00,47.4
2024-12-26 07:00:00,108.05
2024-12-26 08:00:00,200.48
2024-12-26 09:00:00,273.7
2024-12-26 10:00:00,374.35
2024-12-26 11:00:00,303.6
2024-12-26 12:00:00,197.1
2024-12-26 13:00:00,205.82
2024-12-26 14:00:00,132.2
2024-12-26 15:00:00,143.52
2024-12-26 16:00:00,105.3
2024-12-26 17:00:00,54.2
2024-12-26 18:00:00,9.73
2024-12-26 19:00:00,0.0
2024-12-26 20:00:00,0.0
2024-12-26 21:00:00,0.0
2024-12-26 22:00:00,0.0
2024-12-26 23:00:00,0.0
2024-12-27 00:00:00,0.0
2024-12-27 01:00:00,0.0
2024-12-27 02:00:00,0.0
2024-12-27 03:00:00,0.0
2024-12-27 04:00:00,0.0
2024-12-27 05:00:00,5.22
2024-12-27 06:00:00,44.22
2024-12-27 07:00:00,102.45
2024-12-27 08:00:00,193.98
2024-12-27 09:00:00,245.25
2024-12-27 10:00:00,244.45
2024-12-27 11:00:00,308.9
2024-12-27 12:00:00,288.0
2024-12-27 13:00:00,341.95
2024-12-27 14:00:00,314.25
2024-12-27 15:00:00,301.25
2024-12-27 16:00:00,175.05
2024-12-27 17:00:00,81.65
2024-12-27 18:00:00,12.7
2024-12-27 19:00:00,0.0
2024-12-27 20:00:00,0.0
2024-12-27 21:00:00,0.0
2024-12-27 22:00:00,0.0
2024-12-27 23:00:00,0.0
2024-12-28 00:00:00,0.0
2024-12-28 01:00:00,0.0
2024-12-28 02:00:00,0.0
2024-12-28 03:00:00,0.0
2024-12-28 04:00:00,0.0
2024-12-28 05:00:00,6.62
2024-12-28 06:00:00,80.5
2024-12-28 07:00:00,196.0
2024-12-28 08:00:00,323.98
2024-12-28 09:00:00,471.45
2024-12-28 10:00:00,602.28
2024-12-28 11:00:00,790.72
2024-12-28 12:00:00,812.83
2024-12-28 13:00:00,766.1
2024-12-28 14:00:00,555.97
2024-12-28 15:00:00,439.55
2024-12-28 16:00:00,287.33
2024-12-28 17:00:00,143.65
2024-12-28 18:00:00,22.35
2024-12-28 19:00:00,0.0
2024-12-28 20:00:00,0.0
2024-12-28 21:00:00,0.0
2024-12-28 22:00:00,0.0
2024-12-28 23:00:00,0.0
2024-12-29 00:00:00,0.0
2024-12-29 01:00:00,0.0
2024-12-29 02:00:00,0.0
2024-12-29 03:00:00,0.0
2024-12-29 04:00:00,0.0
2024-12-29 05:00:00,6.95
2024-12-29 06:00:00,100.35
2024-12-29 07:00:00,243.48
2024-12-29 08:00:00,407.23
2024-12-29 09:00:00,636.75
2024-12-29 10:00:00,808.65
2024-12-29 11:00:00,905.88
2024-12-29 12:00:00,910.92
2024-12-29 13:00:00,817.75
2024-12-29 14:00:00,698.2
2024-12-29 15:00:00,484.2
2024-12-29 16:00:00,300.62
2024-12-29 17:00:00,138.27
2024-12-29 18:00:00,19.9
2024-12-29 19:00:00,0.0
2024-12-29 20:00:00,0.0
2024-12-29 21:00:00,0.0
2024-12-29 22:00:00,0.0
2024-12-29 23:00:00,0.0
2024-12-30 00:00:00,0.0
2024-12-30 01:00:00,0.0
2024-12-30 02:00:00,0.0
2024-12-30 03:00:00,0.0
2024-12-30 04:00:00,0.0
2024-12-30 05:00:00,10.95
2024-12-30 06:00:00,163.82
2024-12-30 07:00:00,397.48
2024-12-30 08:00:00,637.03
2024-12-30 09:00:00,848.75
2024-12-30 10:00:00,989.45
2024-12-30 11:00:00,1051.35
2024-12-30 12:00:00,1013.97
2024-12-30 13:00:00,824.38
2024-12-30 14:00:00,691.97
2024-12-30 15:00:00,508.9
2024-12-30 16:00:00,335.77
2024-12-30 17:00:00,168.98
2024-12-30 18:00:00,28.75
2024-12-30 19:00:00,0.0
2024-12-30 20:00:00,0.0
2024-12-30 21:00:00,0.0
2024-12-30 22:00:00,0.0
2024-12-30 23:00:00,0.0
2024-12-31 00:00:00,0.0
2024-12-31 01:00:00,0.0
2024-12-31 02:00:00,0.0
2024-12-31 03:00:00,0.0
2024-12-31 04:00:00,0.0
2024-12-31 05:00:00,10.43
2024-12-31 06:00:00,152.9
2024-12-31 07:00:00,368.02
2024-12-31 08:00:00,602.08
2024-12-31 09:00:00,778.97
2024-12-31 10:00:00,944.28
2024-12-31 11:00:00,1028.5
2024-12-31 12:00:00,1025.12
2024-12-31 13:00:00,895.55
2024-12-31 14:00:00,703.15
2024-12-31 15:00:00,493.9
2024-12-31 16:00:00,322.98
2024-12-31 17:00:00,151.2
2024-12-31 18:00:00,19.8
2024-12-31 19:00:00,0.0
2024-12-31 20:00:00,0.0
2024-12-31 21:00:00,0.0
2024-12-31 22:00:00,0.0
2024-12-31 23:00:00,0.0
2025-01-01 00:00:00,0.0
2025-01-01 01:00:00,0.0
2025-01-01 02:00:00,0.0
2025-01-01 03:00:00,0.0
2025-01-01 04:00:00,0.0
2025-01-01 05:00:00,9.75
2025-01-01 06:00:00,153.18
2025-01-01 07:00:00,375.23
2025-01-01 08:00:00,616.42
2025-01-01 09:00:00,826.92
2025-01-01 10:00:00,945.65
2025-01-01 11:00:00,1007.25
2025-01-01 12:00:00,963.8
2025-01-01 13:00:00,879.3
2025-01-01 14:00:00,707.55
2025-01-01 15:00:00,583.92
2025-01-01 16:00:00,382.77
2025-01-01 17:00:00,180.75
2025-01-01 18:00:00,25.75
2025-01-01 19:00:00,0.0
2025-01-01 20:00:00,0.0
2025-01-01 21:00:00,0.0
2025-01-01 22:00:00,0.0
2025-01-01 23:00:00,0.0
2025-01-02 00:00:00,0.0
2025-01-02 01:00:00,0.0
2025-01-02 02:00:00,0.0
2025-01-02 03:00:00,0.0
2025-01-02 04:00:00,0.0
2025-01-02 05:00:00,4.28
2025-01-02 06:00:00,80.18
2025-01-02 07:00:00,199.68
2025-01-02 08:00:00,342.4
2025-01-02 09:00:00,643.38
2025-01-02 10:00:00,886.72
2025-01-02 11:00:00,955.58
2025-01-02 12:00:00,866.65
2025-01-02 13:00:00,809.28
2025-01-02 14:00:00,579.55
2025-01-02 15:00:00,397.83
2025-01-02 16:00:00,254.57
2025-01-02 17:00:00,119.4
2025-01-02 18:00:00,17.2
2025-01-02 19:00:00,0.0
2025-01-02 20:00:00,0.0
2025-01-02 21:00:00,0.0
2025-01-02 22:00:00,0.0
2025-01-02 23:00:00,0.0
2025-01-03 00:00:00,0.0
2025-01-03 01:00:00,0.0
2025-01-03 02:00:00,0.0
2025-01-03 03:00:00,0.0
2025-01-03 04:00:00,0.0
2025-01-03 05:00:00,5.82
2025-01-03 06:00:00,101.35
2025-01-03 07:00:00,256.5
2025-01-03 08:00:00,441.05
2025-01-03 09:00:00,638.7
2025-01-03 10:00:00,714.6
2025-01-03 11:00:00,734.17
2025-01-03 12:00:00,441.38
2025-01-03 13:00:00,170.45
2025-01-03 14:00:00,131.75
2025-01-03 15:00:00,187.35
2025-01-03 16:00:00,100.5
2025-01-03 17:00:00,83.9
2025-01-03 18:00:00,12.68
2025-01-03 19:00:00,0.0
2025-01-03 20:00:00,0.0
2025-01-03 21:00:00,0.0
2025-01-03 22:00:00,0.0
2025-01-03 23:00:00,0.0
2025-01-04 00:00:00,0.0
2025-01-04 01:00:00,0.0
2025-01-04 02:00:00,0.0
2025-01-04 03:00:00,0.0
2025-01-04 04:00:00,0.0
2025-01-04 05:00:00,6.22
2025-01-04 06:00:00,93.9
2025-01-04 07:00:00,220.75
2025-01-04 08:00:00,378.65
2025-01-04 09:00:00,552.12
2025-01-04 10:00:00,679.75
2025-01-04 11:00:00,706.55
2025-01-04 12:00:00,746.55
2025-01-04 13:00:00,769.28
2025-01-04 14:00:00,582.9
2025-01-04 15:00:00,240.1
2025-01-04 16:00:00,184.52
2025-01-04 17:00:00,75.4
2025-01-04 18:00:00,14.8
2025-01-04 19:00:00,0.0
2025-01-04 20:00:00,0.0
2025-01-04 21:00:00,0.0
2025-01-04 22:00:00,0.0
2025-01-04 23:00:00,0.0
2025-01-05 00:00:00,0.0
2025-01-05 01:00:00,0.0
2025-01-05 02:00:00,0.0
2025-01-05 03:00:00,0.0
2025-01-05 04:00:00,0.0
2025-01-05 05:00:00,7.43
2025-01-05 06:00:00,130.1
2025-01-05 07:00:00,328.95
2025-01-05 08:00:00,545.7
2025-01-05 09:00:00,698.08
2025-01-05 10:00:00,886.58
2025-01-05 11:00:00,970.9
2025-01-05 12:00:00,937.15
2025-01-05 13:00:00,856.92
2025-01-05 14:00:00,784.83
2025-01-05 15:00:00,633.95
2025-01-05 16:00:00,452.67
2025-01-05 17:00:00,236.4
2025-01-05 18:00:00,41.95
2025-01-05 19:00:00,0.0
2025-01-05 20:00:00,0.0
2025-01-05 21:00:00,0.0
2025-01-05 22:00:00,0.0
2025-01-05 23:00:00,0.0
2025-01-06 00:00:00,0.0
2025-01-06 01:00:00,0.0
2025-01-06 02:00:00,0.0
2025-01-06 03:00:00,0.0
2025-01-06 04:00:00,0.0
2025-01-06 05:00:00,7.68
2025-01-06 06:00:00,129.12
2025-01-06 07:00:00,309.08
2025-01-06 08:00:00,480.73
2025-01-06 09:00:00,773.12
2025-01-06 10:00:00,914.05
2025-01-06 11:00:00,971.0
2025-01-06 12:00:00,999.45
2025-01-06 13:00:00,882.92
2025-01-06 14:00:00,792.0
2025-01-06 15:00:00,601.35
2025-01-06 16:00:00,394.95
2025-01-06 17:00:00,203.05
2025-01-06 18:00:00,34.83
2025-01-06 19:00:00,0.0
2025-01-06 20:00:00,0.0
2025-01-06 21:00:00,0.0
2025-01-06 22:00:00,0.0
2025-01-06 23:00:00,0.0
2025-01-07 00:00:00,0.0
2025-01-07 01:00:00,0.0
2025-01-07 02:00:00,0.0
2025-01-07 03:00:00,0.0
2025-01-07 04:00:00,0.0
2025-01-07 05:00:00,5.88
2025-01-07 06:00:00,97.55
2025-01-07 07:00:00,218.77
2025-01-07 08:00:00,389.95
2025-01-07 09:00:00,625.55
2025-01-07 10:00:00,727.25
2025-01-07 11:00:00,846.22
2025-01-07 12:00:00,852.92
2025-01-07 13:00:00,795.97
2025-01-07 14:00:00,595.62
2025-01-07 15:00:00,512.85
2025-01-07 16:00:00,345.02
2025-01-07 17:00:00,166.73
2025-01-07 18:00:00,27.83
2025-01-07 19:00:00,0.0
2025-01-07 20:00:00,0.0
2025-01-07 21:00:00,0.0
2025-01-07 22:00:00,0.0
2025-01-07 23:00:00,0.0
2025-01-08 00:00:00,0.0
2025-01-08 01:00:00,0.0
2025-01-08 02:00:00,0.0
2025-01-08 03:00:00,0.0
2025-01-08 04:00:00,0.0
2025-01-08 05:00:00,5.75
2025-01-08 06:00:00,105.43
2025-01-08 07:00:00,257.0
2025-01-08 08:00:00,416.5
2025-01-08 09:00:00,564.1
2025-01-08 10:00:00,742.95
2025-01-08 11:00:00,880.45
2025-01-08 12:00:00,748.6
2025-01-08 13:00:00,637.42
2025-01-08 14:00:00,309.17
2025-01-08 15:00:00,220.77
2025-01-08 16:00:00,172.95
2025-01-08 17:00:00,92.5
2025-01-08 18:00:00,18.9
2025-01-08 19:00:00,0.0
2025-01-08 20:00:00,0.0
2025-01-08 21:00:00,0.0
2025-01-08 22:00:00,0.0
2025-01-08 23:00:00,0.0
2025-01-09 00:00:00,0.0
2025-01-09 01:00:00,0.0
2025-01-09 02:00:00,0.0
2025-01-09 03:00:00,0.0
2025-01-09 04:00:00,0.0
2025-01-09 05:00:00,5.93
2025-01-09 06:00:00,116.25
2025-01-09 07:00:00,295.65
2025-01-09 08:00:00,479.95
2025-01-09 09:00:00,642.0
2025-01-09 10:00:00,777.05
2025-01-09 11:00:00,865.6
2025-01-09 12:00:00,812.4
2025-01-09 13:00:00,762.78
2025-01-09 14:00:00,594.67
2025-01-09 15:00:00,502.5
2025-01-09 16:00:00,294.55
2025-01-09 17:00:00,139.3
2025-01-09 18:00:00,23.5
2025-01-09 19:00:00,0.0
2025-01-09 20:00:00,0.0
2025-01-09 21:00:00,0.0
2025-01-09 22:00:00,0.0
2025-01-09 23:00:00,0.0
2025-01-10 00:00:00,0.0
2025-01-10 01:00:00,0.0
2025-01-10 02:00:00,0.0
2025-01-10 03:00:00,0.0
2025-01-10 04:00:00,0.0
2025-01-10 05:00:00,5.45
2025-01-10 06:00:00,110.47
2025-01-10 07:00:00,279.5
2025-01-10 08:00:00,456.75
2025-01-10 09:00:00,517.03
2025-01-10 10:00:00,622.75
2025-01-10 11:00:00,862.15
2025-01-10 12:00:00,890.2
2025-01-10 13:00:00,766.7
2025-01-10 14:00:00,737.05
2025-01-10 15:00:00,599.15
2025-01-10 16:00:00,400.1
2025-01-10 17:00:00,213.77
2025-01-10 18:00:00,40.12
2025-01-10 19:00:00,0.0
2025-01-10 20:00:00,0.0
2025-01-10 21:00:00,0.0
2025-01-10 22:00:00,0.0
2025-01-10 23:00:00,0.0
2025-01-11 00:00:00,0.0
2025-01-11 01:00:00,0.0
2025-01-11 02:00:00,0.0
2025-01-11 03:00:00,0.0
2025-01-11 04:00:00,0.0
2025-01-11 05:00:00,5.65
2025-01-11 06:00:00,115.8
2025-01-11 07:00:00,282.0
2025-01-11 08:00:00,454.88
2025-01-11 09:00:00,698.17
2025-01-11 10:00:00,926.22
2025-01-11 11:00:00,978.85
2025-01-11 12:00:00,909.88
2025-01-11 13:00:00,905.92
2025-01-11 14:00:00,789.22
2025-01-11 15:00:00,593.12
2025-01-11 16:00:00,391.48
2025-01-11 17:00:00,198.9
2025-01-11 18:00:00,35.4
2025-01-11 19:00:00,0.0
2025-01-11 20:00:00,0.0
2025-01-11 21:00:00,0.0
2025-01-11 22:00:00,0.0
2025-01-11 23:00:00,0.0
2025-01-12 00:00:00,0.0
2025-01-12 01:00:00,0.0
2025-01-12 02:00:00,0.0
2025-01-12 03:00:00,0.0
2025-01-12 04:00:00,0.0
2025-01-12 05:00:00,3.25
2025-01-12 06:00:00,65.82
2025-01-12 07:00:00,189.27
2025-01-12 08:00:00,349.62
2025-01-12 09:00:00,533.62
2025-01-12 10:00:00,723.55
2025-01-12 11:00:00,813.92
2025-01-12 12:00:00,793.62
2025-01-12 13:00:00,803.22
2025-01-12 14:00:00,616.12
2025-01-12 15:00:00,420.62
2025-01-12 16:00:00,279.23
2025-01-12 17:00:00,145.45
2025-01-12 18:00:00,29.1
2025-01-12 19:00:00,0.0
2025-01-12 20:00:00,0.0
2025-01-12 21:00:00,0.0
2025-01-12 22:00:00,0.0
2025-01-12 23:00:00,0.0
2025-01-13 00:00:00,0.0
2025-01-13 01:00:00,0.0
2025-01-13 02:00:00,0.0
2025-01-13 03:00:00,0.0
2025-01-13 04:00:00,0.0
2025-01-13 05:00:00,3.83
2025-01-13 06:00:00,75.1
2025-01-13 07:00:00,195.7
2025-01-13 08:00:00,333.5
2025-01-13 09:00:00,457.62
2025-01-13 10:00:00,576.65
2025-01-13 11:00:00,676.12
2025-01-13 12:00:00,772.78
2025-01-13 13:00:00,777.85
2025-01-13 14:00:00,672.62
2025-01-13 15:00:00,567.88
2025-01-13 16:00:00,367.1
2025-01-13 17:00:00,182.98
2025-01-13 18:00:00,31.62
2025-01-13 19:00:00,0.0
2025-01-13 20:00:00,0.0
2025-01-13 21:00:00,0.0
2025-01-13 22:00:00,0.0
2025-01-13 23:00:00,0.0
2025-01-14 00:00:00,0.0
2025-01-14 01:00:00,0.0
2025-01-14 02:00:00,0.0
2025-01-14 03:00:00,0.0
2025-01-14 04:00:00,0.0
2025-01-14 05:00:00,2.85
2025-01-14 06:00:00,65.78
2025-01-14 07:00:00,183.68
2025-01-14 08:00:00,325.95
2025-01-14 09:00:00,512.2
2025-01-14 10:00:00,691.85
2025-01-14 11:00:00,846.95
2025-01-14 12:00:00,910.03
2025-01-14 13:00:00,854.03
2025-01-14 14:00:00,692.92
2025-01-14 15:00:00,566.5
2025-01-14 16:00:00,366.55
2025-01-14 17:00:00,172.85
2025-01-14 18:00:00,29.0
2025-01-14 19:00:00,0.0
2025-01-14 20:00:00,0.0
2025-01-14 21:00:00,0.0
2025-01-14 22:00:00,0.0
2025-01-14 23:00:00,0.0
2025-01-15 00:00:00,0.0
2025-01-15 01:00:00,0.0
2025-01-15 02:00:00,0.0
2025-01-15 03:00:00,0.0
2025-01-15 04:00:00,0.0
2025-01-15 05:00:00,2.88
2025-01-15 06:00:00,54.45
2025-01-15 07:00:00,139.52
2025-01-15 08:00:00,238.77
2025-01-15 09:00:00,354.55
2025-01-15 10:00:00,453.05
2025-01-15 11:00:00,445.17
2025-01-15 12:00:00,473.02
2025-01-15 13:00:00,579.7
2025-01-15 14:00:00,542.05
2025-01-15 15:00:00,451.9
2025-01-15 16:00:00,273.6
2025-01-15 17:00:00,137.45
2025-01-15 18:00:00,23.48
2025-01-15 19:00:00,0.0
2025-01-15 20:00:00,0.0
2025-01-15 21:00:00,0.0
2025-01-15 22:00:00,0.0
2025-01-15 23:00:00,0.0
2025-01-16 00:00:00,0.0
2025-01-16 01:00:00,0.0
2025-01-16 02:00:00,0.0
2025-01-16 03:00:00,0.0
2025-01-16 04:00:00,0.0
2025-01-16 05:00:00,2.25
2025-01-16 06:00:00,45.65
2025-01-16 07:00:00,139.93
2025-01-16 08:00:00,239.5
2025-01-16 09:00:00,353.98
2025-01-16 10:00:00,442.58
2025-01-16 11:00:00,547.3
2025-01-16 12:00:00,565.42
2025-01-16 13:00:00,611.28
2025-01-16 14:00:00,507.05
2025-01-16 15:00:00,366.05
2025-01-16 16:00:00,186.75
2025-01-16 17:00:00,92.68
2025-01-16 18:00:00,16.62
2025-01-16 19:00:00,0.0
2025-01-16 20:00:00,0.0
2025-01-16 21:00:00,0.0
2025-01-16 22:00:00,0.0
2025-01-16 23:00:00,0.0
2025-01-17 00:00:00,0.0
2025-01-17 01:00:00,0.0
2025-01-17 02:00:00,0.0
2025-01-17 03:00:00,0.0
2025-01-17 04:00:00,0.0
2025-01-17 05:00:00,2.47
2025-01-17 06:00:00,46.1
2025-01-17 07:00:00,121.88
2025-01-17 08:00:00,225.3
2025-01-17 09:00:00,337.75
2025-01-17 10:00:00,396.33
2025-01-17 11:00:00,442.05
2025-01-17 12:00:00,514.05
2025-01-17 13:00:00,506.6
2025-01-17 14:00:00,425.0
2025-01-17 15:00:00,395.12
2025-01-17 16:00:00,260.55
2025-01-17 17:00:00,133.55
2025-01-17 18:00:00,26.3
2025-01-17 19:00:00,0.0
2025-01-17 20:00:00,0.0
2025-01-17 21:00:00,0.0
2025-01-17 22:00:00,0.0
2025-01-17 23:00:00,0.0
2025-01-18 00:00:00,0.0
2025-01-18 01:00:00,0.0
2025-01-18 02:00:00,0.0
2025-01-18 03:00:00,0.0
2025-01-18 04:00:00,0.0
2025-01-18 05:00:00,0.0
2025-01-18 06:00:00,105.9
2025-01-18 07:00:00,282.77
2025-01-18 08:00:00,496.77
2025-01-18 09:00:00,672.28
2025-01-18 10:00:00,836.17
2025-01-18 11:00:00,981.08
2025-01-18 12:00:00,949.85
2025-01-18 13:00:00,926.53
2025-01-18 14:00:00,743.4
2025-01-18 15:00:00,579.2
2025-01-18 16:00:00,376.65
2025-01-18 17:00:00,191.3
2025-01-18 18:00:00,34.53
2025-01-18 19:00:00,0.0
2025-01-18 20:00:00,0.0
2025-01-18 21:00:00,0.0
2025-01-18 22:00:00,0.0
2025-01-18 23:00:00,0.0
2025-01-19 00:00:00,0.0
2025-01-19 01:00:00,0.0
2025-01-19 02:00:00,0.0
2025-01-19 03:00:00,0.0
2025-01-19 04:00:00,0.0
2025-01-19 05:00:00,0.0
2025-01-19 06:00:00,129.4
2025-01-19 07:00:00,335.77
2025-01-19 08:00:00,551.72
2025-01-19 09:00:00,718.95
2025-01-19 10:00:00,844.78
2025-01-19 11:00:00,946.28
2025-01-19 12:00:00,966.65
2025-01-19 13:00:00,878.75
2025-01-19 14:00:00,728.28
2025-01-19 15:00:00,606.45
2025-01-19 16:00:00,398.27
2025-01-19 17:00:00,190.77
2025-01-19 18:00:00,30.08
2025-01-19 19:00:00,0.0
2025-01-19 20:00:00,0.0
2025-01-19 21:00:00,0.0
2025-01-19 22:00:00,0.0
2025-01-19 23:00:00,0.0
2025-01-20 00:00:00,0.0
2025-01-20 01:00:00,0.0
2025-01-20 02:00:00,0.0
2025-01-20 03:00:00,0.0
2025-01-20 04:00:00,0.0
2025-01-20 05:00:00,0.0
2025-01-20 06:00:00,122.53
2025-01-20 07:00:00,337.48
2025-01-20 08:00:00,561.12
2025-01-20 09:00:00,780.95
2025-01-20 10:00:00,926.97
2025-01-20 11:00:00,1007.15
2025-01-20 12:00:00,1029.1
2025-01-20 13:00:00,977.35
2025-01-20 14:00:00,839.67
2025-01-20 15:00:00,675.0
2025-01-20 16:00:00,468.62
2025-01-20 17:00:00,241.75
2025-01-20 18:00:00,41.1
2025-01-20 19:00:00,0.0
2025-01-20 20:00:00,0.0
2025-01-20 21:00:00,0.0
2025-01-20 22:00:00,0.0
2025-01-20 23:00:00,0.0
2025-01-21 00:00:00,0.0
2025-01-21 01:00:00,0.0
2025-01-21 02:00:00,0.0
2025-01-21 03:00:00,0.0
2025-01-21 04:00:00,0.0
2025-01-21 05:00:00,0.0
2025-01-21 06:00:00,120.05
2025-01-21 07:00:00,334.88
2025-01-21 08:00:00,552.65
2025-01-21 09:00:00,683.35
2025-01-21 10:00:00,760.88
2025-01-21 11:00:00,882.62
2025-01-21 12:00:00,789.67
2025-01-21 13:00:00,791.03
2025-01-21 14:00:00,676.1
2025-01-21 15:00:00,524.6
2025-01-21 16:00:00,354.58
2025-01-21 17:00:00,169.77
2025-01-21 18:00:00,28.88
2025-01-21 19:00:00,0.0
2025-01-21 20:00:00,0.0
2025-01-21 21:00:00,0.0
2025-01-21 22:00:00,0.0
2025-01-21 23:00:00,0.0
2025-01-22 00:00:00,0.0
2025-01-22 01:00:00,0.0
2025-01-22 02:00:00,0.0
2025-01-22 03:00:00,0.0
2025-01-22 04:00:00,0.0
2025-01-22 05:00:00,0.0
2025-01-22 06:00:00,104.62
2025-01-22 07:00:00,309.92
2025-01-22 08:00:00,538.78
2025-01-22 09:00:00,736.35
2025-01-22 10:00:00,891.05
2025-01-22 11:00:00,951.25
2025-01-22 12:00:00,870.45
2025-01-22 13:00:00,804.75
2025-01-22 14:00:00,719.35
2025-01-22 15:00:00,420.1
2025-01-22 16:00:00,197.38
2025-01-22 17:00:00,86.53
2025-01-22 18:00:00,13.25
2025-01-22 19:00:00,0.0
2025-01-22 20:00:00,0.0
2025-01-22 21:00:00,0.0
2025-01-22 22:00:00,0.0
2025-01-22 23:00:00,0.0
2025-01-23 00:00:00,0.0
2025-01-23 01:00:00,0.0
2025-01-23 02:00:00,0.0
2025-01-23 03:00:00,0.0
2025-01-23 04:00:00,0.0
2025-01-23 05:00:00,0.0
2025-01-23 06:00:00,88.28
2025-01-23 07:00:00,244.2
2025-01-23 08:00:00,470.8
2025-01-23 09:00:00,724.7
2025-01-23 10:00:00,913.47
2025-01-23 11:00:00,1033.75
2025-01-23 12:00:00,1017.78
2025-01-23 13:00:00,953.0
2025-01-23 14:00:00,594.45
2025-01-23 15:00:00,393.35
2025-01-23 16:00:00,240.1
2025-01-23 17:00:00,119.93
2025-01-23 18:00:00,20.8
2025-01-23 19:00:00,0.0
2025-01-23 20:00:00,0.0
2025-01-23 21:00:00,0.0
2025-01-23 22:00:00,0.0
2025-01-23 23:00:00,0.0
2025-01-24 00:00:00,0.0
2025-01-24 01:00:00,0.0
2025-01-24 02:00:00,0.0
2025-01-24 03:00:00,0.0
2025-01-24 04:00:00,0.0
2025-01-24 05:00:00,0.0
2025-01-24 06:00:00,98.07
2025-01-24 07:00:00,313.52
2025-01-24 08:00:00,566.3
2025-01-24 09:00:00,689.88
2025-01-24 10:00:00,902.05
2025-01-24 11:00:00,998.47
2025-01-24 12:00:00,1022.42
2025-01-24 13:00:00,918.33
2025-01-24 14:00:00,743.15
2025-01-24 15:00:00,590.58
2025-01-24 16:00:00,375.7
2025-01-24 17:00:00,177.15
2025-01-24 18:00:00,25.75
2025-01-24 19:00:00,0.0
2025-01-24 20:00:00,0.0
2025-01-24 21:00:00,0.0
2025-01-24 22:00:00,0.0
2025-01-24 23:00:00,0.0
2025-01-25 00:00:00,0.0
2025-01-25 01:00:00,0.0
2025-01-25 02:00:00,0.0
2025-01-25 03:00:00,0.0
2025-01-25 04:00:00,0.0
2025-01-25 05:00:00,0.0
2025-01-25 06:00:00,97.4
2025-01-25 07:00:00,306.85
2025-01-25 08:00:00,537.3
2025-01-25 09:00:00,742.25
2025-01-25 10:00:00,874.33
2025-01-25 11:00:00,872.88
2025-01-25 12:00:00,694.72
2025-01-25 13:00:00,528.33
2025-01-25 14:00:00,230.38
2025-01-25 15:00:00,254.88
2025-01-25 16:00:00,170.1
2025-01-25 17:00:00,60.85
2025-01-25 18:00:00,9.02
2025-01-25 19:00:00,0.0
2025-01-25 20:00:00,0.0
2025-01-25 21:00:00,0.0
2025-01-25 22:00:00,0.0
2025-01-25 23:00:00,0.0
2025-01-26 00:00:00,0.0
2025-01-26 01:00:00,0.0
2025-01-26 02:00:00,0.0
2025-01-26 03:00:00,0.0
2025-01-26 04:00:00,0.0
2025-01-26 05:00:00,0.0
2025-01-26 06:00:00,78.47
2025-01-26 07:00:00,238.82
2025-01-26 08:00:00,442.33
2025-01-26 09:00:00,658.67
2025-01-26 10:00:00,835.33
2025-01-26 11:00:00,907.08
2025-01-26 12:00:00,946.55
2025-01-26 13:00:00,702.17
2025-01-26 14:00:00,553.65
2025-01-26 15:00:00,400.27
2025-01-26 16:00:00,161.77
2025-01-26 17:00:00,90.4
2025-01-26 18:00:00,8.52
2025-01-26 19:00:00,0.0
2025-01-26 20:00:00,0.0
2025-01-26 21:00:00,0.0
2025-01-26 22:00:00,0.0
2025-01-26 23:00:00,0.0
2025-01-27 00:00:00,0.0
2025-01-27 01:00:00,0.0
2025-01-27 02:00:00,0.0
2025-01-27 03:00:00,0.0
2025-01-27 04:00:00,0.0
2025-01-27 05:00:00,0.0
2025-01-27 06:00:00,68.82
2025-01-27 07:00:00,215.27
2025-01-27 08:00:00,389.55
2025-01-27 09:00:00,676.97
2025-01-27 10:00:00,769.03
2025-01-27 11:00:00,776.85
2025-01-27 12:00:00,714.42
2025-01-27 13:00:00,631.67
2025-01-27 14:00:00,480.35
2025-01-27 15:00:00,260.3
2025-01-27 16:00:00,239.7
2025-01-27 17:00:00,106.6
2025-01-27 18:00:00,16.88
2025-01-27 19:00:00,0.0
2025-01-27 20:00:00,0.0
2025-01-27 21:00:00,0.0
2025-01-27 22:00:00,0.0
2025-01-27 23:00:00,0.0
2025-01-28 00:00:00,0.0
2025-01-28 01:00:00,0.0
2025-01-28 02:00:00,0.0
2025-01-28 03:00:00,0.0
2025-01-28 04:00:00,0.0
2025-01-28 05:00:00,0.0
2025-01-28 06:00:00,71.22
2025-01-28 07:00:00,202.43
2025-01-28 08:00:00,394.4
2025-01-28 09:00:00,542.38
2025-01-28 10:00:00,680.6
2025-01-28 11:00:00,787.08
2025-01-28 12:00:00,855.5
2025-01-28 13:00:00,694.03
2025-01-28 14:00:00,589.53
2025-01-28 15:00:00,399.85
2025-01-28 16:00:00,192.2
2025-01-28 17:00:00,91.6
2025-01-28 18:00:00,12.35
2025-01-28 19:00:00,0.0
2025-01-28 20:00:00,0.0
2025-01-28 21:00:00,0.0
2025-01-28 22:00:00,0.0
2025-01-28 23:00:00,0.0
2025-01-29 00:00:00,0.0
2025-01-29 01:00:00,0.0
2025-01-29 02:00:00,0.0
2025-01-29 03:00:00,0.0
2025-01-29 04:00:00,0.0
2025-01-29 05:00:00,0.0
2025-01-29 06:00:00,77.12
2025-01-29 07:00:00,244.65
2025-01-29 08:00:00,454.7
2025-01-29 09:00:00,602.4
2025-01-29 10:00:00,619.45
2025-01-29 11:00:00,629.62
2025-01-29 12:00:00,482.98
2025-01-29 13:00:00,547.22
2025-01-29 14:00:00,179.3
2025-01-29 15:00:00,90.43
2025-01-29 16:00:00,84.32
2025-01-29 17:00:00,26.83
2025-01-29 18:00:00,9.38
2025-01-29 19:00:00,0.0
2025-01-29 20:00:00,0.0
2025-01-29 21:00:00,0.0
2025-01-29 22:00:00,0.0
2025-01-29 23:00:00,0.0
2025-01-30 00:00:00,0.0
2025-01-30 01:00:00,0.0
2025-01-30 02:00:00,0.0
2025-01-30 03:00:00,0.0
2025-01-30 04:00:00,0.0
2025-01-30 05:00:00,0.0
2025-01-30 06:00:00,54.3
2025-01-30 07:00:00,156.38
2025-01-30 08:00:00,284.0
2025-01-30 09:00:00,411.62
2025-01-30 10:00:00,460.35
2025-01-30 11:00:00,612.42
2025-01-30 12:00:00,671.88
2025-01-30 13:00:00,564.92
2025-01-30 14:00:00,449.85
2025-01-30 15:00:00,215.48
2025-01-30 16:00:00,163.18
2025-01-30 17:00:00,87.95
2025-01-30 18:00:00,12.12
2025-01-30 19:00:00,0.0
2025-01-30 20:00:00,0.0
2025-01-30 21:00:00,0.0
2025-01-30 22:00:00,0.0
2025-01-30 23:00:00,0.0
2025-01-31 00:00:00,0.0
2025-01-31 01:00:00,0.0
2025-01-31 02:00:00,0.0
2025-01-31 03:00:00,0.0
2025-01-31 04:00:00,0.0
2025-01-31 05:00:00,0.0
2025-01-31 06:00:00,30.23
2025-01-31 07:00:00,77.05
2025-01-31 08:00:00,107.12
2025-01-31 09:00:00,182.7
2025-01-31 10:00:00,194.88
2025-01-31 11:00:00,310.12
2025-01-31 12:00:00,419.73
2025-01-31 13:00:00,601.1
2025-01-31 14:00:00,607.55
2025-01-31 15:00:00,455.0
2025-01-31 16:00:00,270.38
2025-01-31 17:00:00,139.7
2025-01-31 18:00:00,20.0
2025-01-31 19:00:00,0.0
2025-01-31 20:00:00,0.0
2025-01-31 21:00:00,0.0
2025-01-31 22:00:00,0.0
2025-01-31 23:00:00,0.0
2025-02-01 00:00:00,0.0
2025-02-01 01:00:00,0.0
2025-02-01 02:00:00,0.0
2025-02-01 03:00:00,0.0
2025-02-01 04:00:00,0.0
2025-02-01 05:00:00,0.0
2025-02-01 06:00:00,32.2
2025-02-01 07:00:00,86.03
2025-02-01 08:00:00,180.9
2025-02-01 09:00:00,303.92
2025-02-01 10:00:00,416.8
2025-02-01 11:00:00,467.73
2025-02-01 12:00:00,506.9
2025-02-01 13:00:00,463.4
2025-02-01 14:00:00,310.05
2025-02-01 15:00:00,272.23
2025-02-01 16:00:00,139.25
2025-02-01 17:00:00,73.4
2025-02-01 18:00:00,12.15
2025-02-01 19:00:00,0.0
2025-02-01 20:00:00,0.0
2025-02-01 21:00:00,0.0
2025-02-01 22:00:00,0.0
2025-02-01 23:00:00,0.0
2025-02-02 00:00:00,0.0
2025-02-02 01:00:00,0.0
2025-02-02 02:00:00,0.0
2025-02-02 03:00:00,0.0
2025-02-02 04:00:00,0.0
2025-02-02 05:00:00,0.0
2025-02-02 06:00:00,58.83
2025-02-02 07:00:00,179.43
2025-02-02 08:00:00,328.8
2025-02-02 09:00:00,468.3
2025-02-02 10:00:00,496.23
2025-02-02 11:00:00,602.1
2025-02-02 12:00:00,738.12
2025-02-02 13:00:00,711.58
2025-02-02 14:00:00,435.38
2025-02-02 15:00:00,233.55
2025-02-02 16:00:00,129.3
2025-02-02 17:00:00,63.6
2025-02-02 18:00:00,9.07
2025-02-02 19:00:00,0.0
2025-02-02 20:00:00,0.0
2025-02-02 21:00:00,0.0
2025-02-02 22:00:00,0.0
2025-02-02 23:00:00,0.0
2025-02-03 00:00:00,0.0
2025-02-03 01:00:00,0.0
2025-02-03 02:00:00,0.0
2025-02-03 03:00:00,0.0
2025-02-03 04:00:00,0.0
2025-02-03 05:00:00,0.0
2025-02-03 06:00:00,40.05
2025-02-03 07:00:00,143.5
2025-02-03 08:00:00,268.4
2025-02-03 09:00:00,478.98
2025-02-03 10:00:00,502.1
2025-02-03 11:00:00,585.42
2025-02-03 12:00:00,570.2
2025-02-03 13:00:00,598.03
2025-02-03 14:00:00,292.12
2025-02-03 15:00:00,184.68
2025-02-03 16:00:00,154.2
2025-02-03 17:00:00,72.3
2025-02-03 18:00:00,9.95
2025-02-03 19:00:00,0.0
2025-02-03 20:00:00,0.0
2025-02-03 21:00:00,0.0
2025-02-03 22:00:00,0.0
2025-02-03 23:00:00,0.0
2025-02-04 00:00:00,0.0
2025-02-04 01:00:00,0.0
2025-02-04 02:00:00,0.0
2025-02-04 03:00:00,0.0
2025-02-04 04:00:00,0.0
2025-02-04 05:00:00,0.0
2025-02-04 06:00:00,56.78
2025-02-04 07:00:00,180.9
2025-02-04 08:00:00,347.17
2025-02-04 09:00:00,495.9
2025-02-04 10:00:00,554.62
2025-02-04 11:00:00,435.23
2025-02-04 12:00:00,301.98
2025-02-04 13:00:00,301.85
2025-02-04 14:00:00,308.52
2025-02-04 15:00:00,320.27
2025-02-04 16:00:00,233.02
2025-02-04 17:00:00,113.38
2025-02-04 18:00:00,19.65
2025-02-04 19:00:00,0.0
2025-02-04 20:00:00,0.0
2025-02-04 21:00:00,0.0
2025-02-04 22:00:00,0.0
2025-02-04 23:00:00,0.0
2025-02-05 00:00:00,0.0
2025-02-05 01:00:00,0.0
2025-02-05 02:00:00,0.0
2025-02-05 03:00:00,0.0
2025-02-05 04:00:00,0.0
2025-02-05 05:00:00,0.0
2025-02-05 06:00:00,50.42
2025-02-05 07:00:00,193.75
2025-02-05 08:00:00,348.7
2025-02-05 09:00:00,466.6
2025-02-05 10:00:00,639.45
2025-02-05 11:00:00,768.15
2025-02-05 12:00:00,820.08
2025-02-05 13:00:00,815.67
2025-02-05 14:00:00,694.47
2025-02-05 15:00:00,541.78
2025-02-05 16:00:00,329.15
2025-02-05 17:00:00,155.4
2025-02-05 18:00:00,21.27
2025-02-05 19:00:00,0.0
2025-02-05 20:00:00,0.0
2025-02-05 21:00:00,0.0
2025-02-05 22:00:00,0.0
2025-02-05 23:00:00,0.0
2025-02-06 00:00:00,0.0
2025-02-06 01:00:00,0.0
2025-02-06 02:00:00,0.0
2025-02-06 03:00:00,0.0
2025-02-06 04:00:00,0.0
2025-02-06 05:00:00,0.0
2025-02-06 06:00:00,83.75
2025-02-06 07:00:00,310.08
2025-02-06 08:00:00,550.67
2025-02-06 09:00:00,766.3
2025-02-06 10:00:00,894.42
2025-02-06 11:00:00,963.6
2025-02-06 12:00:00,973.0
2025-02-06 13:00:00,872.7
2025-02-06 14:00:00,790.22
2025-02-06 15:00:00,614.8
2025-02-06 16:00:00,407.7
2025-02-06 17:00:00,203.12
2025-02-06 18:00:00,27.38
2025-02-06 19:00:00,0.0
2025-02-06 20:00:00,0.0
2025-02-06 21:00:00,0.0
2025-02-06 22:00:00,0.0
2025-02-06 23:00:00,0.0
2025-02-07 00:00:00,0.0
2025-02-07 01:00:00,0.0
2025-02-07 02:00:00,0.0
2025-02-07 03:00:00,0.0
2025-02-07 04:00:00,0.0
2025-02-07 05:00:00,0.0
2025-02-07 06:00:00,76.93
2025-02-07 07:00:00,289.35
2025-02-07 08:00:00,533.22
2025-02-07 09:00:00,744.05
2025-02-07 10:00:00,865.47
2025-02-07 11:00:00,934.67
2025-02-07 12:00:00,887.58
2025-02-07 13:00:00,765.15
2025-02-07 14:00:00,557.92
2025-02-07 15:00:00,415.48
2025-02-07 16:00:00,264.15
2025-02-07 17:00:00,126.72
2025-02-07 18:00:00,17.08
2025-02-07 19:00:00,0.0
2025-02-07 20:00:00,0.0
2025-02-07 21:00:00,0.0
2025-02-07 22:00:00,0.0
2025-02-07 23:00:00,0.0
2025-02-08 00:00:00,0.0
2025-02-08 01:00:00,0.0
2025-02-08 02:00:00,0.0
2025-02-08 03:00:00,0.0
2025-02-08 04:00:00,0.0
2025-02-08 05:00:00,0.0
2025-02-08 06:00:00,80.68
2025-02-08 07:00:00,305.9
2025-02-08 08:00:00,553.9
2025-02-08 09:00:00,774.75
2025-02-08 10:00:00,946.03
2025-02-08 11:00:00,1038.65
2025-02-08 12:00:00,1034.78
2025-02-08 13:00:00,976.15
2025-02-08 14:00:00,727.05
2025-02-08 15:00:00,588.2
2025-02-08 16:00:00,398.08
2025-02-08 17:00:00,185.4
2025-02-08 18:00:00,23.15
2025-02-08 19:00:00,0.0
2025-02-08 20:00:00,0.0
2025-02-08 21:00:00,0.0
2025-02-08 22:00:00,0.0
2025-02-08 23:00:00,0.0
2025-02-09 00:00:00,0.0
2025-02-09 01:00:00,0.0
2025-02-09 02:00:00,0.0
2025-02-09 03:00:00,0.0
2025-02-09 04:00:00,0.0
2025-02-09 05:00:00,0.0
2025-02-09 06:00:00,72.2
2025-02-09 07:00:00,259.58
2025-02-09 08:00:00,457.27
2025-02-09 09:00:00,617.88
2025-02-09 10:00:00,730.08
2025-02-09 11:00:00,850.33
2025-02-09 12:00:00,909.4
2025-02-09 13:00:00,866.17
2025-02-09 14:00:00,757.28
2025-02-09 15:00:00,549.7
2025-02-09 16:00:00,353.27
2025-02-09 17:00:00,167.73
2025-02-09 18:00:00,23.38
2025-02-09 19:00:00,0.0
2025-02-09 20:00:00,0.0
2025-02-09 21:00:00,0.0
2025-02-09 22:00:00,0.0
2025-02-09 23:00:00,0.0
2025-02-10 00:00:00,0.0
2025-02-10 01:00:00,0.0
2025-02-10 02:00:00,0.0
2025-02-10 03:00:00,0.0
2025-02-10 04:00:00,0.0
2025-02-10 05:00:00,0.0
2025-02-10 06:00:00,61.17
2025-02-10 07:00:00,227.8
2025-02-10 08:00:00,436.02
2025-02-10 09:00:00,650.28
2025-02-10 10:00:00,764.05
2025-02-10 11:00:00,753.6
2025-02-10 12:00:00,718.3
2025-02-10 13:00:00,640.15
2025-02-10 14:00:00,600.53
2025-02-10 15:00:00,528.33
2025-02-10 16:00:00,368.33
2025-02-10 17:00:00,182.57
2025-02-10 18:00:00,24.77
2025-02-10 19:00:00,0.0
2025-02-10 20:00:00,0.0
2025-02-10 21:00:00,0.0
2025-02-10 22:00:00,0.0
2025-02-10 23:00:00,0.0
2025-02-11 00:00:00,0.0
2025-02-11 01:00:00,0.0
2025-02-11 02:00:00,0.0
2025-02-11 03:00:00,0.0
2025-02-11 04:00:00,0.0
2025-02-11 05:00:00,0.0
2025-02-11 06:00:00,66.28
2025-02-11 07:00:00,253.38
2025-02-11 08:00:00,464.85
2025-02-11 09:00:00,662.7
2025-02-11 10:00:00,740.47
2025-02-11 11:00:00,749.97
2025-02-11 12:00:00,742.12
2025-02-11 13:00:00,736.47
2025-02-11 14:00:00,699.9
2025-02-11 15:00:00,568.6
2025-02-11 16:00:00,372.67
2025-02-11 17:00:00,184.43
2025-02-11 18:00:00,24.52
2025-02-11 19:00:00,0.0
2025-02-11 20:00:00,0.0
2025-02-11 21:00:00,0.0
2025-02-11 22:00:00,0.0
2025-02-11 23:00:00,0.0
2025-02-12 00:00:00,0.0
2025-02-12 01:00:00,0.0
2025-02-12 02:00:00,0.0
2025-02-12 03:00:00,0.0
2025-02-12 04:00:00,0.0
2025-02-12 05:00:00,0.0
2025-02-12 06:00:00,59.9
2025-02-12 07:00:00,229.77
2025-02-12 08:00:00,434.25
2025-02-12 09:00:00,579.6
2025-02-12 10:00:00,749.83
2025-02-12 11:00:00,767.55
2025-02-12 12:00:00,809.28
2025-02-12 13:00:00,867.08
2025-02-12 14:00:00,730.53
2025-02-12 15:00:00,569.55
2025-02-12 16:00:00,382.35
2025-02-12 17:00:00,167.25
2025-02-12 18:00:00,18.52
2025-02-12 19:00:00,0.0
2025-02-12 20:00:00,0.0
2025-02-12 21:00:00,0.0
2025-02-12 22:00:00,0.0
2025-02-12 23:00:00,0.0
2025-02-13 00:00:00,0.0
2025-02-13 01:00:00,0.0
2025-02-13 02:00:00,0.0
2025-02-13 03:00:00,0.0
2025-02-13 04:00:00,0.0
2025-02-13 05:00:00,0.0
2025-02-13 06:00:00,53.78
2025-02-13 07:00:00,212.57
2025-02-13 08:00:00,383.95
2025-02-13 09:00:00,541.17
2025-02-13 10:00:00,697.08
2025-02-13 11:00:00,715.33
2025-02-13 12:00:00,770.75
2025-02-13 13:00:00,765.2
2025-02-13 14:00:00,634.75
2025-02-13 15:00:00,518.67
2025-02-13 16:00:00,322.45
2025-02-13 17:00:00,148.5
2025-02-13 18:00:00,16.48
2025-02-13 19:00:00,0.0
2025-02-13 20:00:00,0.0
2025-02-13 21:00:00,0.0
2025-02-13 22:00:00,0.0
2025-02-13 23:00:00,0.0
2025-02-14 00:00:00,0.0
2025-02-14 01:00:00,0.0
2025-02-14 02:00:00,0.0
2025-02-14 03:00:00,0.0
2025-02-14 04:00:00,0.0
2025-02-14 05:00:00,0.0
2025-02-14 06:00:00,61.17
2025-02-14 07:00:00,255.65
2025-02-14 08:00:00,471.48
2025-02-14 09:00:00,682.1
2025-02-14 10:00:00,844.03
2025-02-14 11:00:00,886.42
2025-02-14 12:00:00,822.97
2025-02-14 13:00:00,669.45
2025-02-14 14:00:00,411.02
2025-02-14 15:00:00,382.67
2025-02-14 16:00:00,242.75
2025-02-14 17:00:00,112.55
2025-02-14 18:00:00,12.35
2025-02-14 19:00:00,0.0
2025-02-14 20:00:00,0.0
2025-02-14 21:00:00,0.0
2025-02-14 22:00:00,0.0
2025-02-14 23:00:00,0.0
2025-02-15 00:00:00,0.0
2025-02-15 01:00:00,0.0
2025-02-15 02:00:00,0.0
2025-02-15 03:00:00,0.0
2025-02-15 04:00:00,0.0
2025-02-15 05:00:00,0.0
2025-02-15 06:00:00,58.58
2025-02-15 07:00:00,252.05
2025-02-15 08:00:00,484.58
2025-02-15 09:00:00,661.92
2025-02-15 10:00:00,865.67
2025-02-15 11:00:00,912.67
2025-02-15 12:00:00,822.38
2025-02-15 13:00:00,707.45
2025-02-15 14:00:00,592.85
2025-02-15 15:00:00,475.98
2025-02-15 16:00:00,317.8
2025-02-15 17:00:00,156.43
2025-02-15 18:00:00,20.0
2025-02-15 19:00:00,0.0
2025-02-15 20:00:00,0.0
2025-02-15 21:00:00,0.0
2025-02-15 22:00:00,0.0
2025-02-15 23:00:00,0.0
2025-02-16 00:00:00,0.0
2025-02-16 01:00:00,0.0
2025-02-16 02:00:00,0.0
2025-02-16 03:00:00,0.0
2025-02-16 04:00:00,0.0
2025-02-16 05:00:00,0.0
2025-02-16 06:00:00,66.38
2025-02-16 07:00:00,294.6
2025-02-16 08:00:00,548.72
2025-02-16 09:00:00,768.95
2025-02-16 10:00:00,938.6
2025-02-16 11:00:00,1038.3
2025-02-16 12:00:00,1061.97
2025-02-16 13:00:00,955.65
2025-02-16 14:00:00,871.5
2025-02-16 15:00:00,695.08
2025-02-16 16:00:00,471.52
2025-02-16 17:00:00,229.12
2025-02-16 18:00:00,25.98
2025-02-16 19:00:00,0.0
2025-02-16 20:00:00,0.0
2025-02-16 21:00:00,0.0
2025-02-16 22:00:00,0.0
2025-02-16 23:00:00,0.0
2025-02-17 00:00:00,0.0
2025-02-17 01:00:00,0.0
2025-02-17 02:00:00,0.0
2025-02-17 03:00:00,0.0
2025-02-17 04:00:00,0.0
2025-02-17 05:00:00,0.0
2025-02-17 06:00:00,75.45
2025-02-17 07:00:00,312.42
2025-02-17 08:00:00,561.65
2025-02-17 09:00:00,785.12
2025-02-17 10:00:00,951.28
2025-02-17 11:00:00,1016.78
2025-02-17 12:00:00,1011.25
2025-02-17 13:00:00,910.25
2025-02-17 14:00:00,816.05
2025-02-17 15:00:00,649.25
2025-02-17 16:00:00,429.27
2025-02-17 17:00:00,204.68
2025-02-17 18:00:00,22.35
2025-02-17 19:00:00,0.0
2025-02-17 20:00:00,0.0
2025-02-17 21:00:00,0.0
2025-02-17 22:00:00,0.0
2025-02-17 23:00:00,0.0
2025-02-18 00:00:00,0.0
2025-02-18 01:00:00,0.0
2025-02-18 02:00:00,0.0
2025-02-18 03:00:00,0.0
2025-02-18 04:00:00,0.0
2025-02-18 05:00:00,0.0
2025-02-18 06:00:00,55.67
2025-02-18 07:00:00,253.57
2025-02-18 08:00:00,487.0
2025-02-18 09:00:00,696.28
2025-02-18 10:00:00,895.65
2025-02-18 11:00:00,902.0
2025-02-18 12:00:00,905.6
2025-02-18 13:00:00,872.38
2025-02-18 14:00:00,768.42
2025-02-18 15:00:00,570.12
2025-02-18 16:00:00,360.12
2025-02-18 17:00:00,163.9
2025-02-18 18:00:00,13.93
2025-02-18 19:00:00,0.0
2025-02-18 20:00:00,0.0
2025-02-18 21:00:00,0.0
2025-02-18 22:00:00,0.0
2025-02-18 23:00:00,0.0
2025-02-19 00:00:00,0.0
2025-02-19 01:00:00,0.0
2025-02-19 02:00:00,0.0
2025-02-19 03:00:00,0.0
2025-02-19 04:00:00,0.0
2025-02-19 05:00:00,0.0
2025-02-19 06:00:00,57.9
2025-02-19 07:00:00,243.85
2025-02-19 08:00:00,461.25
2025-02-19 09:00:00,687.95
2025-02-19 10:00:00,897.4
2025-02-19 11:00:00,992.3
2025-02-19 12:00:00,900.75
2025-02-19 13:00:00,787.8
2025-02-19 14:00:00,730.25
2025-02-19 15:00:00,480.88
2025-02-19 16:00:00,304.35
2025-02-19 17:00:00,136.95
2025-02-19 18:00:00,14.27
2025-02-19 19:00:00,0.0
2025-02-19 20:00:00,0.0
2025-02-19 21:00:00,0.0
2025-02-19 22:00:00,0.0
2025-02-19 23:00:00,0.0
2025-02-20 00:00:00,0.0
2025-02-20 01:00:00,0.0
2025-02-20 02:00:00,0.0
2025-02-20 03:00:00,0.0
2025-02-20 04:00:00,0.0
2025-02-20 05:00:00,0.0
2025-02-20 06:00:00,54.05
2025-02-20 07:00:00,242.85
2025-02-20 08:00:00,458.05
2025-02-20 09:00:00,691.6
2025-02-20 10:00:00,845.42
2025-02-20 11:00:00,944.97
2025-02-20 12:00:00,986.67
2025-02-20 13:00:00,931.65
2025-02-20 14:00:00,766.47
2025-02-20 15:00:00,545.15
2025-02-20 16:00:00,355.83
2025-02-20 17:00:00,158.38
2025-02-20 18:00:00,14.73
2025-02-20 19:00:00,0.0
2025-02-20 20:00:00,0.0
2025-02-20 21:00:00,0.0
2025-02-20 22:00:00,0.0
2025-02-20 23:00:00,0.0
2025-02-21 00:00:00,0.0
2025-02-21 01:00:00,0.0
2025-02-21 02:00:00,0.0
2025-02-21 03:00:00,0.0
2025-02-21 04:00:00,0.0
2025-02-21 05:00:00,0.0
2025-02-21 06:00:00,52.03
2025-02-21 07:00:00,246.32
2025-02-21 08:00:00,468.42
2025-02-21 09:00:00,704.47
2025-02-21 10:00:00,891.95
2025-02-21 11:00:00,969.28
2025-02-21 12:00:00,942.55
2025-02-21 13:00:00,838.58
2025-02-21 14:00:00,680.83
2025-02-21 15:00:00,495.9
2025-02-21 16:00:00,307.77
2025-02-21 17:00:00,132.88
2025-02-21 18:00:00,10.65
2025-02-21 19:00:00,0.0
2025-02-21 20:00:00,0.0
2025-02-21 21:00:00,0.0
2025-02-21 22:00:00,0.0
2025-02-21 23:00:00,0.0
2025-02-22 00:00:00,0.0
2025-02-22 01:00:00,0.0
2025-02-22 02:00:00,0.0
2025-02-22 03:00:00,0.0
2025-02-22 04:00:00,0.0
2025-02-22 05:00:00,0.0
2025-02-22 06:00:00,55.47
2025-02-22 07:00:00,268.4
2025-02-22 08:00:00,508.92
2025-02-22 09:00:00,703.35
2025-02-22 10:00:00,830.95
2025-02-22 11:00:00,882.65
2025-02-22 12:00:00,931.08
2025-02-22 13:00:00,792.88
2025-02-22 14:00:00,662.85
2025-02-22 15:00:00,453.55
2025-02-22 16:00:00,288.52
2025-02-22 17:00:00,128.55
2025-02-22 18:00:00,9.65
2025-02-22 19:00:00,0.0
2025-02-22 20:00:00,0.0
2025-02-22 21:00:00,0.0
2025-02-22 22:00:00,0.0
2025-02-22 23:00:00,0.0
2025-02-23 00:00:00,0.0
2025-02-23 01:00:00,0.0
2025-02-23 02:00:00,0.0
2025-02-23 03:00:00,0.0
2025-02-23 04:00:00,0.0
2025-02-23 05:00:00,0.0
2025-02-23 06:00:00,58.17
2025-02-23 07:00:00,280.05
2025-02-23 08:00:00,524.55
2025-02-23 09:00:00,708.03
2025-02-23 10:00:00,883.3
2025-02-23 11:00:00,963.17
2025-02-23 12:00:00,958.78
2025-02-23 13:00:00,806.15
2025-02-23 14:00:00,761.33
2025-02-23 15:00:00,621.33
2025-02-23 16:00:00,393.27
2025-02-23 17:00:00,176.88
2025-02-23 18:00:00,14.7
2025-02-23 19:00:00,0.0
2025-02-23 20:00:00,0.0
2025-02-23 21:00:00,0.0
2025-02-23 22:00:00,0.0
2025-02-23 23:00:00,0.0
2025-02-24 00:00:00,0.0
2025-02-24 01:00:00,0.0
2025-02-24 02:00:00,0.0
2025-02-24 03:00:00,0.0
2025-02-24 04:00:00,0.0
2025-02-24 05:00:00,0.0
2025-02-24 06:00:00,54.78
2025-02-24 07:00:00,258.77
2025-02-24 08:00:00,483.38
2025-02-24 09:00:00,677.72
2025-02-24 10:00:00,837.78
2025-02-24 11:00:00,936.67
2025-02-24 12:00:00,859.97
2025-02-24 13:00:00,847.45
2025-02-24 14:00:00,690.15
2025-02-24 15:00:00,522.75
2025-02-24 16:00:00,317.62
2025-02-24 17:00:00,143.95
2025-02-24 18:00:00,12.62
2025-02-24 19:00:00,0.0
2025-02-24 20:00:00,0.0
2025-02-24 21:00:00,0.0
2025-02-24 22:00:00,0.0
2025-02-24 23:00:00,0.0
2025-02-25 00:00:00,0.0
2025-02-25 01:00:00,0.0
2025-02-25 02:00:00,0.0
2025-02-25 03:00:00,0.0
2025-02-25 04:00:00,0.0
2025-02-25 05:00:00,0.0
2025-02-25 06:00:00,54.0
2025-02-25 07:00:00,267.83
2025-02-25 08:00:00,506.15
2025-02-25 09:00:00,739.75
2025-02-25 10:00:00,898.8
2025-02-25 11:00:00,996.35
2025-02-25 12:00:00,1002.92
2025-02-25 13:00:00,904.78
2025-02-25 14:00:00,749.55
2025-02-25 15:00:00,633.17
2025-02-25 16:00:00,407.4
2025-02-25 17:00:00,185.38
2025-02-25 18:00:00,14.5
2025-02-25 19:00:00,0.0
2025-02-25 20:00:00,0.0
2025-02-25 21:00:00,0.0
2025-02-25 22:00:00,0.0
2025-02-25 23:00:00,0.0
2025-02-26 00:00:00,0.0
2025-02-26 01:00:00,0.0
2025-02-26 02:00:00,0.0
2025-02-26 03:00:00,0.0
2025-02-26 04:00:00,0.0
2025-02-26 05:00:00,0.0
2025-02-26 06:00:00,60.53
2025-02-26 07:00:00,294.55
2025-02-26 08:00:00,540.4
2025-02-26 09:00:00,761.42
2025-02-26 10:00:00,926.03
2025-02-26 11:00:00,1016.0
2025-02-26 12:00:00,1005.95
2025-02-26 13:00:00,920.0
2025-02-26 14:00:00,746.15
2025-02-26 15:00:00,610.72
2025-02-26 16:00:00,395.05
2025-02-26 17:00:00,178.52
2025-02-26 18:00:00,13.88
2025-02-26 19:00:00,0.0
2025-02-26 20:00:00,0.0
2025-02-26 21:00:00,0.0
2025-02-26 22:00:00,0.0
2025-02-26 23:00:00,0.0
2025-02-27 00:00:00,0.0
2025-02-27 01:00:00,0.0
2025-02-27 02:00:00,0.0
2025-02-27 03:00:00,0.0
2025-02-27 04:00:00,0.0
2025-02-27 05:00:00,0.0
2025-02-27 06:00:00,55.62
2025-02-27 07:00:00,281.55
2025-02-27 08:00:00,527.33
2025-02-27 09:00:00,748.83
2025-02-27 10:00:00,908.1
2025-02-27 11:00:00,993.35
2025-02-27 12:00:00,956.25
2025-02-27 13:00:00,852.15
2025-02-27 14:00:00,766.03
2025-02-27 15:00:00,579.0
2025-02-27 16:00:00,366.05
2025-02-27 17:00:00,158.27
2025-02-27 18:00:00,12.27
2025-02-27 19:00:00,0.0
2025-02-27 20:00:00,0.0
2025-02-27 21:00:00,0.0
2025-02-27 22:00:00,0.0
2025-02-27 23:00:00,0.0
2025-02-28 00:00:00,0.0
2025-02-28 01:00:00,0.0
2025-02-28 02:00:00,0.0
2025-02-28 03:00:00,0.0
2025-02-28 04:00:00,0.0
2025-02-28 05:00:00,0.0
2025-02-28 06:00:00,54.67
2025-02-28 07:00:00,279.65
2025-02-28 08:00:00,528.05
2025-02-28 09:00:00,709.8
2025-02-28 10:00:00,875.85
2025-02-28 11:00:00,983.15
2025-02-28 12:00:00,1005.1
2025-02-28 13:00:00,901.92
2025-02-28 14:00:00,793.88
2025-02-28 15:00:00,603.45
2025-02-28 16:00:00,392.05
2025-02-28 17:00:00,170.05
2025-02-28 18:00:00,12.05
2025-02-28 19:00:00,0.0
2025-02-28 20:00:00,0.0
2025-02-28 21:00:00,0.0
2025-02-28 22:00:00,0.0
2025-02-28 23:00:00,0.0
2025-03-01 00:00:00,0.0
2025-03-01 01:00:00,0.0
2025-03-01 02:00:00,0.0
2025-03-01 03:00:00,0.0
2025-03-01 04:00:00,0.0
2025-03-01 05:00:00,0.0
2025-03-01 06:00:00,52.5
2025-03-01 07:00:00,269.85
2025-03-01 08:00:00,520.22
2025-03-01 09:00:00,748.3
2025-03-01 10:00:00,912.78
2025-03-01 11:00:00,1013.85
2025-03-01 12:00:00,1044.55
2025-03-01 13:00:00,988.08
2025-03-01 14:00:00,840.55
2025-03-01 15:00:00,636.42
2025-03-01 16:00:00,400.85
2025-03-01 17:00:00,166.77
2025-03-01 18:00:00,10.48
2025-03-01 19:00:00,0.0
2025-03-01 20:00:00,0.0
2025-03-01 21:00:00,0.0
2025-03-01 22:00:00,0.0
2025-03-01 23:00:00,0.0
2025-03-02 00:00:00,0.0
2025-03-02 01:00:00,0.0
2025-03-02 02:00:00,0.0
2025-03-02 03:00:00,0.0
2025-03-02 04:00:00,0.0
2025-03-02 05:00:00,0.0
2025-03-02 06:00:00,39.03
2025-03-02 07:00:00,205.2
2025-03-02 08:00:00,402.27
2025-03-02 09:00:00,605.38
2025-03-02 10:00:00,807.05
2025-03-02 11:00:00,909.25
2025-03-02 12:00:00,917.92
2025-03-02 13:00:00,871.97
2025-03-02 14:00:00,745.28
2025-03-02 15:00:00,618.4
2025-03-02 16:00:00,396.67
2025-03-02 17:00:00,168.93
2025-03-02 18:00:00,10.98
2025-03-02 19:00:00,0.0
2025-03-02 20:00:00,0.0
2025-03-02 21:00:00,0.0
2025-03-02 22:00:00,0.0
2025-03-02 23:00:00,0.0
2025-03-03 00:00:00,0.0
2025-03-03 01:00:00,0.0
2025-03-03 02:00:00,0.0
2025-03-03 03:00:00,0.0
2025-03-03 04:00:00,0.0
2025-03-03 05:00:00,0.0
2025-03-03 06:00:00,44.4
2025-03-03 07:00:00,239.73
2025-03-03 08:00:00,472.45
2025-03-03 09:00:00,688.97
2025-03-03 10:00:00,826.03
2025-03-03 11:00:00,940.92
2025-03-03 12:00:00,934.9
2025-03-03 13:00:00,861.2
2025-03-03 14:00:00,678.1
2025-03-03 15:00:00,573.78
2025-03-03 16:00:00,366.52
2025-03-03 17:00:00,158.3
2025-03-03 18:00:00,10.18
2025-03-03 19:00:00,0.0
2025-03-03 20:00:00,0.0
2025-03-03 21:00:00,0.0
2025-03-03 22:00:00,0.0
2025-03-03 23:00:00,0.0
2025-03-04 00:00:00,0.0
2025-03-04 01:00:00,0.0
2025-03-04 02:00:00,0.0
2025-03-04 03:00:00,0.0
2025-03-04 04:00:00,0.0
2025-03-04 05:00:00,0.0
2025-03-04 06:00:00,48.42
2025-03-04 07:00:00,228.95
2025-03-04 08:00:00,424.15
2025-03-04 09:00:00,616.65
2025-03-04 10:00:00,759.88
2025-03-04 11:00:00,866.58
2025-03-04 12:00:00,897.38
2025-03-04 13:00:00,795.1
2025-03-04 14:00:00,758.35
2025-03-04 15:00:00,598.45
2025-03-04 16:00:00,363.95
2025-03-04 17:00:00,151.6
2025-03-04 18:00:00,8.7
2025-03-04 19:00:00,0.0
2025-03-04 20:00:00,0.0
2025-03-04 21:00:00,0.0
2025-03-04 22:00:00,0.0
2025-03-04 23:00:00,0.0
2025-03-05 00:00:00,0.0
2025-03-05 01:00:00,0.0
2025-03-05 02:00:00,0.0
2025-03-05 03:00:00,0.0
2025-03-05 04:00:00,0.0
2025-03-05 05:00:00,0.0
2025-03-05 06:00:00,38.7
2025-03-05 07:00:00,189.15
2025-03-05 08:00:00,384.27
2025-03-05 09:00:00,601.33
2025-03-05 10:00:00,822.17
2025-03-05 11:00:00,941.5
2025-03-05 12:00:00,935.67
2025-03-05 13:00:00,807.58
2025-03-05 14:00:00,727.62
2025-03-05 15:00:00,576.42
2025-03-05 16:00:00,366.25
2025-03-05 17:00:00,156.55
2025-03-05 18:00:00,9.07
2025-03-05 19:00:00,0.0
2025-03-05 20:00:00,0.0
2025-03-05 21:00:00,0.0
2025-03-05 22:00:00,0.0
2025-03-05 23:00:00,0.0
2025-03-06 00:00:00,0.0
2025-03-06 01:00:00,0.0
2025-03-06 02:00:00,0.0
2025-03-06 03:00:00,0.0
2025-03-06 04:00:00,0.0
2025-03-06 05:00:00,0.0
2025-03-06 06:00:00,53.88
2025-03-06 07:00:00,292.15
2025-03-06 08:00:00,542.5
2025-03-06 09:00:00,763.15
2025-03-06 10:00:00,927.3
2025-03-06 11:00:00,1022.47
2025-03-06 12:00:00,1041.1
2025-03-06 13:00:00,946.4
2025-03-06 14:00:00,814.47
2025-03-06 15:00:00,634.42
2025-03-06 16:00:00,402.6
2025-03-06 17:00:00,163.52
2025-03-06 18:00:00,8.45
2025-03-06 19:00:00,0.0
2025-03-06 20:00:00,0.0
2025-03-06 21:00:00,0.0
2025-03-06 22:00:00,0.0
2025-03-06 23:00:00,0.0
2025-03-07 00:00:00,0.0
2025-03-07 01:00:00,0.0
2025-03-07 02:00:00,0.0
2025-03-07 03:00:00,0.0
2025-03-07 04:00:00,0.0
2025-03-07 05:00:00,0.0
2025-03-07 06:00:00,48.97
2025-03-07 07:00:00,274.2
2025-03-07 08:00:00,520.28
2025-03-07 09:00:00,738.2
2025-03-07 10:00:00,879.45
2025-03-07 11:00:00,964.58
2025-03-07 12:00:00,963.58
2025-03-07 13:00:00,786.38
2025-03-07 14:00:00,733.92
2025-03-07 15:00:00,554.53
2025-03-07 16:00:00,341.02
2025-03-07 17:00:00,137.68
2025-03-07 18:00:00,7.05
2025-03-07 19:00:00,0.0
2025-03-07 20:00:00,0.0
2025-03-07 21:00:00,0.0
2025-03-07 22:00:00,0.0
2025-03-07 23:00:00,0.0
2025-03-08 00:00:00,0.0
2025-03-08 01:00:00,0.0
2025-03-08 02:00:00,0.0
2025-03-08 03:00:00,0.0
2025-03-08 04:00:00,0.0
2025-03-08 05:00:00,0.0
2025-03-08 06:00:00,41.75
2025-03-08 07:00:00,231.35
2025-03-08 08:00:00,454.9
2025-03-08 09:00:00,647.35
2025-03-08 10:00:00,778.33
2025-03-08 11:00:00,865.45
2025-03-08 12:00:00,877.33
2025-03-08 13:00:00,794.72
2025-03-08 14:00:00,625.0
2025-03-08 15:00:00,516.78
2025-03-08 16:00:00,311.73
2025-03-08 17:00:00,119.43
2025-03-08 18:00:00,5.68
2025-03-08 19:00:00,0.0
2025-03-08 20:00:00,0.0
2025-03-08 21:00:00,0.0
2025-03-08 22:00:00,0.0
2025-03-08 23:00:00,0.0
2025-03-09 00:00:00,0.0
2025-03-09 01:00:00,0.0
2025-03-09 02:00:00,0.0
2025-03-09 03:00:00,0.0
2025-03-09 04:00:00,0.0
2025-03-09 05:00:00,0.0
2025-03-09 06:00:00,37.92
2025-03-09 07:00:00,231.95
2025-03-09 08:00:00,479.4
2025-03-09 09:00:00,714.3
2025-03-09 10:00:00,887.4
2025-03-09 11:00:00,949.6
2025-03-09 12:00:00,921.22
2025-03-09 13:00:00,823.92
2025-03-09 14:00:00,663.55
2025-03-09 15:00:00,542.53
2025-03-09 16:00:00,332.42
2025-03-09 17:00:00,125.95
2025-03-09 18:00:00,5.45
2025-03-09 19:00:00,0.0
2025-03-09 20:00:00,0.0
2025-03-09 21:00:00,0.0
2025-03-09 22:00:00,0.0
2025-03-09 23:00:00,0.0
2025-03-10 00:00:00,0.0
2025-03-10 01:00:00,0.0
2025-03-10 02:00:00,0.0
2025-03-10 03:00:00,0.0
2025-03-10 04:00:00,0.0
2025-03-10 05:00:00,0.0
2025-03-10 06:00:00,36.38
2025-03-10 07:00:00,236.6
2025-03-10 08:00:00,490.52
2025-03-10 09:00:00,714.25
2025-03-10 10:00:00,891.05
2025-03-10 11:00:00,983.9
2025-03-10 12:00:00,994.22
2025-03-10 13:00:00,796.83
2025-03-10 14:00:00,586.9
2025-03-10 15:00:00,388.5
2025-03-10 16:00:00,229.77
2025-03-10 17:00:00,85.22
2025-03-10 18:00:00,3.38
2025-03-10 19:00:00,0.0
2025-03-10 20:00:00,0.0
2025-03-10 21:00:00,0.0
2025-03-10 22:00:00,0.0
2025-03-10 23:00:00,0.0
2025-03-11 00:00:00,0.0
2025-03-11 01:00:00,0.0
2025-03-11 02:00:00,0.0
2025-03-11 03:00:00,0.0
2025-03-11 04:00:00,0.0
2025-03-11 05:00:00,0.0
2025-03-11 06:00:00,23.92
2025-03-11 07:00:00,157.48
2025-03-11 08:00:00,329.15
2025-03-11 09:00:00,544.42
2025-03-11 10:00:00,757.78
2025-03-11 11:00:00,797.38
2025-03-11 12:00:00,724.5
2025-03-11 13:00:00,738.28
2025-03-11 14:00:00,612.3
2025-03-11 15:00:00,420.73
2025-03-11 16:00:00,244.48
2025-03-11 17:00:00,81.05
2025-03-11 18:00:00,3.65
2025-03-11 19:00:00,0.0
2025-03-11 20:00:00,0.0
2025-03-11 21:00:00,0.0
2025-03-11 22:00:00,0.0
2025-03-11 23:00:00,0.0
2025-03-12 00:00:00,0.0
2025-03-12 01:00:00,0.0
2025-03-12 02:00:00,0.0
2025-03-12 03:00:00,0.0
2025-03-12 04:00:00,0.0
2025-03-12 05:00:00,0.0
2025-03-12 06:00:00,31.88
2025-03-12 07:00:00,198.38
2025-03-12 08:00:00,411.3
2025-03-12 09:00:00,656.72
2025-03-12 10:00:00,839.75
2025-03-12 11:00:00,957.15
2025-03-12 12:00:00,955.72
2025-03-12 13:00:00,830.45
2025-03-12 14:00:00,511.35
2025-03-12 15:00:00,362.12
2025-03-12 16:00:00,207.93
2025-03-12 17:00:00,76.1
2025-03-12 18:00:00,2.05
2025-03-12 19:00:00,0.0
2025-03-12 20:00:00,0.0
2025-03-12 21:00:00,0.0
2025-03-12 22:00:00,0.0
2025-03-12 23:00:00,0.0
2025-03-13 00:00:00,0.0
2025-03-13 01:00:00,0.0
2025-03-13 02:00:00,0.0
2025-03-13 03:00:00,0.0
2025-03-13 04:00:00,0.0
2025-03-13 05:00:00,0.0
2025-03-13 06:00:00,35.17
2025-03-13 07:00:00,217.48
2025-03-13 08:00:00,432.08
2025-03-13 09:00:00,672.67
2025-03-13 10:00:00,835.53
2025-03-13 11:00:00,888.22
2025-03-13 12:00:00,797.58
2025-03-13 13:00:00,728.2
2025-03-13 14:00:00,528.15
2025-03-13 15:00:00,409.2
2025-03-13 16:00:00,231.38
2025-03-13 17:00:00,84.72
2025-03-13 18:00:00,2.97
2025-03-13 19:00:00,0.0
2025-03-13 20:00:00,0.0
2025-03-13 21:00:00,0.0
2025-03-13 22:00:00,0.0
2025-03-13 23:00:00,0.0
2025-03-14 00:00:00,0.0
2025-03-14 01:00:00,0.0
2025-03-14 02:00:00,0.0
2025-03-14 03:00:00,0.0
2025-03-14 04:00:00,0.0
2025-03-14 05:00:00,0.0
2025-03-14 06:00:00,33.22
2025-03-14 07:00:00,224.7
2025-03-14 08:00:00,462.45
2025-03-14 09:00:00,672.5
2025-03-14 10:00:00,796.88
2025-03-14 11:00:00,838.5
2025-03-14 12:00:00,792.05
2025-03-14 13:00:00,645.1
2025-03-14 14:00:00,519.25
2025-03-14 15:00:00,339.73
2025-03-14 16:00:00,201.0
2025-03-14 17:00:00,75.68
2025-03-14 18:00:00,3.08
2025-03-14 19:00:00,0.0
2025-03-14 20:00:00,0.0
2025-03-14 21:00:00,0.0
2025-03-14 22:00:00,0.0
2025-03-14 23:00:00,0.0
2025-03-15 00:00:00,0.0
2025-03-15 01:00:00,0.0
2025-03-15 02:00:00,0.0
2025-03-15 03:00:00,0.0
2025-03-15 04:00:00,0.0
2025-03-15 05:00:00,0.0
2025-03-15 06:00:00,37.72
2025-03-15 07:00:00,241.75
2025-03-15 08:00:00,472.83
2025-03-15 09:00:00,673.67
2025-03-15 10:00:00,816.9
2025-03-15 11:00:00,806.2
2025-03-15 12:00:00,625.78
2025-03-15 13:00:00,529.55
2025-03-15 14:00:00,394.33
2025-03-15 15:00:00,54.28
2025-03-15 16:00:00,34.33
2025-03-15 17:00:00,11.8
2025-03-15 18:00:00,1.02
2025-03-15 19:00:00,0.0
2025-03-15 20:00:00,0.0
2025-03-15 21:00:00,0.0
2025-03-15 22:00:00,0.0
2025-03-15 23:00:00,0.0
2025-03-16 00:00:00,0.0
2025-03-16 01:00:00,0.0
2025-03-16 02:00:00,0.0
2025-03-16 03:00:00,0.0
2025-03-16 04:00:00,0.0
2025-03-16 05:00:00,0.0
2025-03-16 06:00:00,28.65
2025-03-16 07:00:00,160.0
2025-03-16 08:00:00,328.1
2025-03-16 09:00:00,464.55
2025-03-16 10:00:00,535.95
2025-03-16 11:00:00,622.45
2025-03-16 12:00:00,761.9
2025-03-16 13:00:00,758.47
2025-03-16 14:00:00,460.08
2025-03-16 15:00:00,103.7
2025-03-16 16:00:00,61.65
2025-03-16 17:00:00,23.95
2025-03-16 18:00:00,0.0
2025-03-16 19:00:00,0.0
2025-03-16 20:00:00,0.0
2025-03-16 21:00:00,0.0
2025-03-16 22:00:00,0.0
2025-03-16 23:00:00,0.0
2025-03-17 00:00:00,0.0
2025-03-17 01:00:00,0.0
2025-03-17 02:00:00,0.0
2025-03-17 03:00:00,0.0
2025-03-17 04:00:00,0.0
2025-03-17 05:00:00,0.0
2025-03-17 06:00:00,22.1
2025-03-17 07:00:00,159.68
2025-03-17 08:00:00,322.05
2025-03-17 09:00:00,586.0
2025-03-17 10:00:00,638.47
2025-03-17 11:00:00,577.05
2025-03-17 12:00:00,554.38
2025-03-17 13:00:00,605.25
2025-03-17 14:00:00,551.88
2025-03-17 15:00:00,380.05
2025-03-17 16:00:00,209.85
2025-03-17 17:00:00,74.97
2025-03-17 18:00:00,0.0
2025-03-17 19:00:00,0.0
2025-03-17 20:00:00,0.0
2025-03-17 21:00:00,0.0
2025-03-17 22:00:00,0.0
2025-03-17 23:00:00,0.0
2025-03-18 00:00:00,0.0
2025-03-18 01:00:00,0.0
2025-03-18 02:00:00,0.0
2025-03-18 03:00:00,0.0
2025-03-18 04:00:00,0.0
2025-03-18 05:00:00,0.0
2025-03-18 06:00:00,29.42
2025-03-18 07:00:00,173.75
2025-03-18 08:00:00,338.85
2025-03-18 09:00:00,607.8
2025-03-18 10:00:00,812.75
2025-03-18 11:00:00,874.03
2025-03-18 12:00:00,804.42
2025-03-18 13:00:00,646.1
2025-03-18 14:00:00,457.1
2025-03-18 15:00:00,217.7
2025-03-18 16:00:00,132.4
2025-03-18 17:00:00,48.45
2025-03-18 18:00:00,0.0
2025-03-18 19:00:00,0.0
2025-03-18 20:00:00,0.0
2025-03-18 21:00:00,0.0
2025-03-18 22:00:00,0.0
2025-03-18 23:00:00,0.0
2025-03-19 00:00:00,0.0
2025-03-19 01:00:00,0.0
2025-03-19 02:00:00,0.0
2025-03-19 03:00:00,0.0
2025-03-19 04:00:00,0.0
2025-03-19 05:00:00,0.0
2025-03-19 06:00:00,15.95
2025-03-19 07:00:00,126.12
2025-03-19 08:00:00,245.48
2025-03-19 09:00:00,355.88
2025-03-19 10:00:00,410.67
2025-03-19 11:00:00,550.58
2025-03-19 12:00:00,442.85
2025-03-19 13:00:00,528.88
2025-03-19 14:00:00,430.25
2025-03-19 15:00:00,357.0
2025-03-19 16:00:00,193.32
2025-03-19 17:00:00,62.78
2025-03-19 18:00:00,0.0
2025-03-19 19:00:00,0.0
2025-03-19 20:00:00,0.0
2025-03-19 21:00:00,0.0
2025-03-19 22:00:00,0.0
2025-03-19 23:00:00,0.0
2025-03-20 00:00:00,0.0
2025-03-20 01:00:00,0.0
2025-03-20 02:00:00,0.0
2025-03-20 03:00:00,0.0
2025-03-20 04:00:00,0.0
2025-03-20 05:00:00,0.0
2025-03-20 06:00:00,33.65
2025-03-20 07:00:00,238.5
2025-03-20 08:00:00,481.42
2025-03-20 09:00:00,676.83
2025-03-20 10:00:00,768.7
2025-03-20 11:00:00,826.12
2025-03-20 12:00:00,841.03
2025-03-20 13:00:00,769.7
2025-03-20 14:00:00,604.6
2025-03-20 15:00:00,446.52
2025-03-20 16:00:00,269.77
2025-03-20 17:00:00,97.93
2025-03-20 18:00:00,0.0
2025-03-20 19:00:00,0.0
2025-03-20 20:00:00,0.0
2025-03-20 21:00:00,0.0
2025-03-20 22:00:00,0.0
2025-03-20 23:00:00,0.0
2025-03-21 00:00:00,0.0
2025-03-21 01:00:00,0.0
2025-03-21 02:00:00,0.0
2025-03-21 03:00:00,0.0
2025-03-21 04:00:00,0.0
2025-03-21 05:00:00,0.0
2025-03-21 06:00:00,38.25
2025-03-21 07:00:00,253.12
2025-03-21 08:00:00,491.9
2025-03-21 09:00:00,705.83
2025-03-21 10:00:00,869.45
2025-03-21 11:00:00,946.6
2025-03-21 12:00:00,913.88
2025-03-21 13:00:00,786.97
2025-03-21 14:00:00,695.28
2025-03-21 15:00:00,530.25
2025-03-21 16:00:00,301.98
2025-03-21 17:00:00,105.03
2025-03-21 18:00:00,0.0
2025-03-21 19:00:00,0.0
2025-03-21 20:00:00,0.0
2025-03-21 21:00:00,0.0
2025-03-21 22:00:00,0.0
2025-03-21 23:00:00,0.0
2025-03-22 00:00:00,0.0
2025-03-22 01:00:00,0.0
2025-03-22 02:00:00,0.0
2025-03-22 03:00:00,0.0
2025-03-22 04:00:00,0.0
2025-03-22 05:00:00,0.0
2025-03-22 06:00:00,21.42
2025-03-22 07:00:00,150.98
2025-03-22 08:00:00,325.85
2025-03-22 09:00:00,456.42
2025-03-22 10:00:00,637.6
2025-03-22 11:00:00,788.35
2025-03-22 12:00:00,888.3
2025-03-22 13:00:00,852.08
2025-03-22 14:00:00,694.08
2025-03-22 15:00:00,537.45
2025-03-22 16:00:00,312.5
2025-03-22 17:00:00,104.95
2025-03-22 18:00:00,0.0
2025-03-22 19:00:00,0.0
2025-03-22 20:00:00,0.0
2025-03-22 21:00:00,0.0
2025-03-22 22:00:00,0.0
2025-03-22 23:00:00,0.0
2025-03-23 00:00:00,0.0
2025-03-23 01:00:00,0.0
2025-03-23 02:00:00,0.0
2025-03-23 03:00:00,0.0
2025-03-23 04:00:00,0.0
2025-03-23 05:00:00,0.0
2025-03-23 06:00:00,23.42
2025-03-23 07:00:00,166.8
2025-03-23 08:00:00,348.77
2025-03-23 09:00:00,482.7
2025-03-23 10:00:00,554.6
2025-03-23 11:00:00,552.58
2025-03-23 12:00:00,636.35
2025-03-23 13:00:00,576.92
2025-03-23 14:00:00,533.2
2025-03-23 15:00:00,202.0
2025-03-23 16:00:00,133.7
2025-03-23 17:00:00,49.55
2025-03-23 18:00:00,0.0
2025-03-23 19:00:00,0.0
2025-03-23 20:00:00,0.0
2025-03-23 21:00:00,0.0
2025-03-23 22:00:00,0.0
2025-03-23 23:00:00,0.0
2025-03-24 00:00:00,0.0
2025-03-24 01:00:00,0.0
2025-03-24 02:00:00,0.0
2025-03-24 03:00:00,0.0
2025-03-24 04:00:00,0.0
2025-03-24 05:00:00,0.0
2025-03-24 06:00:00,18.95
2025-03-24 07:00:00,127.5
2025-03-24 08:00:00,236.73
2025-03-24 09:00:00,455.05
2025-03-24 10:00:00,562.58
2025-03-24 11:00:00,638.12
2025-03-24 12:00:00,752.6
2025-03-24 13:00:00,697.55
2025-03-24 14:00:00,568.9
2025-03-24 15:00:00,425.02
2025-03-24 16:00:00,234.05
2025-03-24 17:00:00,69.43
2025-03-24 18:00:00,0.0
2025-03-24 19:00:00,0.0
2025-03-24 20:00:00,0.0
2025-03-24 21:00:00,0.0
2025-03-24 22:00:00,0.0
2025-03-24 23:00:00,0.0
2025-03-25 00:00:00,0.0
2025-03-25 01:00:00,0.0
2025-03-25 02:00:00,0.0
2025-03-25 03:00:00,0.0
2025-03-25 04:00:00,0.0
2025-03-25 05:00:00,0.0
2025-03-25 06:00:00,27.7
2025-03-25 07:00:00,180.43
2025-03-25 08:00:00,373.08
2025-03-25 09:00:00,549.42
2025-03-25 10:00:00,699.42
2025-03-25 11:00:00,840.8
2025-03-25 12:00:00,831.72
2025-03-25 13:00:00,724.35
2025-03-25 14:00:00,577.05
2025-03-25 15:00:00,386.95
2025-03-25 16:00:00,222.25
2025-03-25 17:00:00,71.28
2025-03-25 18:00:00,0.0
2025-03-25 19:00:00,0.0
2025-03-25 20:00:00,0.0
2025-03-25 21:00:00,0.0
2025-03-25 22:00:00,0.0
2025-03-25 23:00:00,0.0
2025-03-26 00:00:00,0.0
2025-03-26 01:00:00,0.0
2025-03-26 02:00:00,0.0
2025-03-26 03:00:00,0.0
2025-03-26 04:00:00,0.0
2025-03-26 05:00:00,0.0
2025-03-26 06:00:00,28.58
2025-03-26 07:00:00,176.88
2025-03-26 08:00:00,345.3
2025-03-26 09:00:00,495.73
2025-03-26 10:00:00,626.35
2025-03-26 11:00:00,638.7
2025-03-26 12:00:00,595.6
2025-03-26 13:00:00,354.17
2025-03-26 14:00:00,412.83
2025-03-26 15:00:00,246.07
2025-03-26 16:00:00,131.8
2025-03-26 17:00:00,41.55
2025-03-26 18:00:00,0.0
2025-03-26 19:00:00,0.0
2025-03-26 20:00:00,0.0
2025-03-26 21:00:00,0.0
2025-03-26 22:00:00,0.0
2025-03-26 23:00:00,0.0
2025-03-27 00:00:00,0.0
2025-03-27 01:00:00,0.0
2025-03-27 02:00:00,0.0
2025-03-27 03:00:00,0.0
2025-03-27 04:00:00,0.0
2025-03-27 05:00:00,0.0
2025-03-27 06:00:00,28.62
2025-03-27 07:00:00,191.2
2025-03-27 08:00:00,369.8
2025-03-27 09:00:00,517.5
2025-03-27 10:00:00,677.35
2025-03-27 11:00:00,834.05
2025-03-27 12:00:00,838.92
2025-03-27 13:00:00,744.17
2025-03-27 14:00:00,665.4
2025-03-27 15:00:00,517.25
2025-03-27 16:00:00,300.8
2025-03-27 17:00:00,89.62
2025-03-27 18:00:00,0.0
2025-03-27 19:00:00,0.0
2025-03-27 20:00:00,0.0
2025-03-27 21:00:00,0.0
2025-03-27 22:00:00,0.0
2025-03-27 23:00:00,0.0
2025-03-28 00:00:00,0.0
2025-03-28 01:00:00,0.0
2025-03-28 02:00:00,0.0
2025-03-28 03:00:00,0.0
2025-03-28 04:00:00,0.0
2025-03-28 05:00:00,0.0
2025-03-28 06:00:00,27.88
2025-03-28 07:00:00,211.95
2025-03-28 08:00:00,423.5
2025-03-28 09:00:00,653.25
2025-03-28 10:00:00,794.42
2025-03-28 11:00:00,873.72
2025-03-28 12:00:00,836.22
2025-03-28 13:00:00,794.17
2025-03-28 14:00:00,652.4
2025-03-28 15:00:00,459.7
2025-03-28 16:00:00,261.0
2025-03-28 17:00:00,78.78
2025-03-28 18:00:00,0.0
2025-03-28 19:00:00,0.0
2025-03-28 20:00:00,0.0
2025-03-28 21:00:00,0.0
2025-03-28 22:00:00,0.0
2025-03-28 23:00:00,0.0
2025-03-29 00:00:00,0.0
2025-03-29 01:00:00,0.0
2025-03-29 02:00:00,0.0
2025-03-29 03:00:00,0.0
2025-03-29 04:00:00,0.0
2025-03-29 05:00:00,0.0
2025-03-29 06:00:00,27.35
2025-03-29 07:00:00,212.77
2025-03-29 08:00:00,441.9
2025-03-29 09:00:00,643.72
2025-03-29 10:00:00,767.9
2025-03-29 11:00:00,783.6
2025-03-29 12:00:00,630.42
2025-03-29 13:00:00,483.85
2025-03-29 14:00:00,412.1
2025-03-29 15:00:00,313.73
2025-03-29 16:00:00,178.02
2025-03-29 17:00:00,47.8
2025-03-29 18:00:00,0.0
2025-03-29 19:00:00,0.0
2025-03-29 20:00:00,0.0
2025-03-29 21:00:00,0.0
2025-03-29 22:00:00,0.0
2025-03-29 23:00:00,0.0
2025-03-30 00:00:00,0.0
2025-03-30 01:00:00,0.0
2025-03-30 02:00:00,0.0
2025-03-30 03:00:00,0.0
2025-03-30 04:00:00,0.0
2025-03-30 05:00:00,0.0
2025-03-30 06:00:00,25.67
2025-03-30 07:00:00,207.93
2025-03-30 08:00:00,416.8
2025-03-30 09:00:00,628.65
2025-03-30 10:00:00,791.28
2025-03-30 11:00:00,840.75
2025-03-30 12:00:00,726.62
2025-03-30 13:00:00,553.9
2025-03-30 14:00:00,422.73
2025-03-30 15:00:00,137.4
2025-03-30 16:00:00,81.03
2025-03-30 17:00:00,14.02
2025-03-30 18:00:00,0.0
2025-03-30 19:00:00,0.0
2025-03-30 20:00:00,0.0
2025-03-30 21:00:00,0.0
2025-03-30 22:00:00,0.0
2025-03-30 23:00:00,0.0
2025-03-31 00:00:00,0.0
2025-03-31 01:00:00,0.0
2025-03-31 02:00:00,0.0
2025-03-31 03:00:00,0.0
2025-03-31 04:00:00,0.0
2025-03-31 05:00:00,0.0
2025-03-31 06:00:00,13.57
2025-03-31 07:00:00,83.7
2025-03-31 08:00:00,178.38
2025-03-31 09:00:00,245.98
2025-03-31 10:00:00,305.12
2025-03-31 11:00:00,339.17
2025-03-31 12:00:00,308.85
2025-03-31 13:00:00,253.02
2025-03-31 14:00:00,363.62
2025-03-31 15:00:00,194.7
2025-03-31 16:00:00,121.03
2025-03-31 17:00:00,39.35
2025-03-31 18:00:00,0.0
2025-03-31 19:00:00,0.0
2025-03-31 20:00:00,0.0
2025-03-31 21:00:00,0.0
2025-03-31 22:00:00,0.0
2025-03-31 23:00:00,0.0
2025-04-01 00:00:00,0.0
2025-04-01 01:00:00,0.0
2025-04-01 02:00:00,0.0
2025-04-01 03:00:00,0.0
2025-04-01 04:00:00,0.0
2025-04-01 05:00:00,0.0
2025-04-01 06:00:00,24.08
2025-04-01 07:00:00,193.4
2025-04-01 08:00:00,408.48
2025-04-01 09:00:00,617.72
2025-04-01 10:00:00,755.78
2025-04-01 11:00:00,797.33
2025-04-01 12:00:00,782.4
2025-04-01 13:00:00,693.08
2025-04-01 14:00:00,559.62
2025-04-01 15:00:00,402.9
2025-04-01 16:00:00,221.25
2025-04-01 17:00:00,58.92
2025-04-01 18:00:00,0.0
2025-04-01 19:00:00,0.0
2025-04-01 20:00:00,0.0
2025-04-01 21:00:00,0.0
2025-04-01 22:00:00,0.0
2025-04-01 23:00:00,0.0
2025-04-02 00:00:00,0.0
2025-04-02 01:00:00,0.0
2025-04-02 02:00:00,0.0
2025-04-02 03:00:00,0.0
2025-04-02 04:00:00,0.0
2025-04-02 05:00:00,0.0
2025-04-02 06:00:00,22.45
2025-04-02 07:00:00,167.55
2025-04-02 08:00:00,333.08
2025-04-02 09:00:00,551.28
2025-04-02 10:00:00,691.58
2025-04-02 11:00:00,817.78
2025-04-02 12:00:00,810.85
2025-04-02 13:00:00,727.5
2025-04-02 14:00:00,564.62
2025-04-02 15:00:00,386.5
2025-04-02 16:00:00,206.38
2025-04-02 17:00:00,47.33
2025-04-02 18:00:00,0.0
2025-04-02 19:00:00,0.0
2025-04-02 20:00:00,0.0
2025-04-02 21:00:00,0.0
2025-04-02 22:00:00,0.0
2025-04-02 23:00:00,0.0
2025-04-03 00:00:00,0.0
2025-04-03 01:00:00,0.0
2025-04-03 02:00:00,0.0
2025-04-03 03:00:00,0.0
2025-04-03 04:00:00,0.0
2025-04-03 05:00:00,0.0
2025-04-03 06:00:00,22.25
2025-04-03 07:00:00,149.62
2025-04-03 08:00:00,305.9
2025-04-03 09:00:00,456.38
2025-04-03 10:00:00,499.45
2025-04-03 11:00:00,539.2
2025-04-03 12:00:00,341.25
2025-04-03 13:00:00,528.62
2025-04-03 14:00:00,438.67
2025-04-03 15:00:00,350.6
2025-04-03 16:00:00,187.65
2025-04-03 17:00:00,43.03
2025-04-03 18:00:00,0.0
2025-04-03 19:00:00,0.0
2025-04-03 20:00:00,0.0
2025-04-03 21:00:00,0.0
2025-04-03 22:00:00,0.0
2025-04-03 23:00:00,0.0
2025-04-04 00:00:00,0.0
2025-04-04 01:00:00,0.0
2025-04-04 02:00:00,0.0
2025-04-04 03:00:00,0.0
2025-04-04 04:00:00,0.0
2025-04-04 05:00:00,0.0
2025-04-04 06:00:00,20.95
2025-04-04 07:00:00,133.23
2025-04-04 08:00:00,285.52
2025-04-04 09:00:00,414.15
2025-04-04 10:00:00,590.5
2025-04-04 11:00:00,582.03
2025-04-04 12:00:00,716.08
2025-04-04 13:00:00,693.17
2025-04-04 14:00:00,570.2
2025-04-04 15:00:00,430.42
2025-04-04 16:00:00,219.25
2025-04-04 17:00:00,47.45
2025-04-04 18:00:00,0.0
2025-04-04 19:00:00,0.0
2025-04-04 20:00:00,0.0
2025-04-04 21:00:00,0.0
2025-04-04 22:00:00,0.0
2025-04-04 23:00:00,0.0
2025-04-05 00:00:00,0.0
2025-04-05 01:00:00,0.0
2025-04-05 02:00:00,0.0
2025-04-05 03:00:00,0.0
2025-04-05 04:00:00,0.0
2025-04-05 05:00:00,0.0
2025-04-05 06:00:00,21.33
2025-04-05 07:00:00,173.57
2025-04-05 08:00:00,358.9
2025-04-05 09:00:00,512.62
2025-04-05 10:00:00,461.4
2025-04-05 11:00:00,457.2
2025-04-05 12:00:00,396.67
2025-04-05 13:00:00,370.48
2025-04-05 14:00:00,319.08
2025-04-05 15:00:00,221.0
2025-04-05 16:00:00,119.2
2025-04-05 17:00:00,25.62
2025-04-05 18:00:00,0.0
2025-04-05 19:00:00,0.0
2025-04-05 20:00:00,0.0
2025-04-05 21:00:00,0.0
2025-04-05 22:00:00,0.0
2025-04-05 23:00:00,0.0
2025-04-06 00:00:00,0.0
2025-04-06 01:00:00,0.0
2025-04-06 02:00:00,0.0
2025-04-06 03:00:00,0.0
2025-04-06 04:00:00,0.0
2025-04-06 05:00:00,0.0
2025-04-06 06:00:00,26.75
2025-04-06 07:00:00,224.25
2025-04-06 08:00:00,455.85
2025-04-06 09:00:00,660.15
2025-04-06 10:00:00,804.08
2025-04-06 11:00:00,866.42
2025-04-06 12:00:00,860.38
2025-04-06 13:00:00,640.5
2025-04-06 14:00:00,525.0
2025-04-06 15:00:00,325.08
2025-04-06 16:00:00,173.18
2025-04-06 17:00:00,47.08
2025-04-06 18:00:00,0.0
2025-04-06 19:00:00,0.0
2025-04-06 20:00:00,0.0
2025-04-06 21:00:00,0.0
2025-04-06 22:00:00,0.0
2025-04-06 23:00:00,0.0
2025-04-07 00:00:00,0.0
2025-04-07 01:00:00,0.0
2025-04-07 02:00:00,0.0
2025-04-07 03:00:00,0.0
2025-04-07 04:00:00,0.0
2025-04-07 05:00:00,0.0
2025-04-07 06:00:00,24.48
2025-04-07 07:00:00,180.68
2025-04-07 08:00:00,344.8
2025-04-07 09:00:00,468.25
2025-04-07 10:00:00,585.75
2025-04-07 11:00:00,740.67
2025-04-07 12:00:00,832.38
2025-04-07 13:00:00,703.55
2025-04-07 14:00:00,575.42
2025-04-07 15:00:00,443.9
2025-04-07 16:00:00,231.2
2025-04-07 17:00:00,47.15
2025-04-07 18:00:00,0.0
2025-04-07 19:00:00,0.0
2025-04-07 20:00:00,0.0
2025-04-07 21:00:00,0.0
2025-04-07 22:00:00,0.0
2025-04-07 23:00:00,0.0
2025-04-08 00:00:00,0.0
2025-04-08 01:00:00,0.0
2025-04-08 02:00:00,0.0
2025-04-08 03:00:00,0.0
2025-04-08 04:00:00,0.0
2025-04-08 05:00:00,0.0
2025-04-08 06:00:00,24.0
2025-04-08 07:00:00,208.93
2025-04-08 08:00:00,437.27
2025-04-08 09:00:00,643.03
2025-04-08 10:00:00,803.55
2025-04-08 11:00:00,892.85
2025-04-08 12:00:00,908.3
2025-04-08 13:00:00,837.7
2025-04-08 14:00:00,632.12
2025-04-08 15:00:00,481.42
2025-04-08 16:00:00,269.92
2025-04-08 17:00:00,60.33
2025-04-08 18:00:00,0.0
2025-04-08 19:00:00,0.0
2025-04-08 20:00:00,0.0
2025-04-08 21:00:00,0.0
2025-04-08 22:00:00,0.0
2025-04-08 23:00:00,0.0
2025-04-09 00:00:00,0.0
2025-04-09 01:00:00,0.0
2025-04-09 02:00:00,0.0
2025-04-09 03:00:00,0.0
2025-04-09 04:00:00,0.0
2025-04-09 05:00:00,0.0
2025-04-09 06:00:00,17.33
2025-04-09 07:00:00,155.68
2025-04-09 08:00:00,341.98
2025-04-09 09:00:00,572.35
2025-04-09 10:00:00,732.33
2025-04-09 11:00:00,708.47
2025-04-09 12:00:00,622.62
2025-04-09 13:00:00,438.88
2025-04-09 14:00:00,373.8
2025-04-09 15:00:00,228.8
2025-04-09 16:00:00,118.72
2025-04-09 17:00:00,24.88
2025-04-09 18:00:00,0.0
2025-04-09 19:00:00,0.0
2025-04-09 20:00:00,0.0
2025-04-09 21:00:00,0.0
2025-04-09 22:00:00,0.0
2025-04-09 23:00:00,0.0
2025-04-10 00:00:00,0.0
2025-04-10 01:00:00,0.0
2025-04-10 02:00:00,0.0
2025-04-10 03:00:00,0.0
2025-04-10 04:00:00,0.0
2025-04-10 05:00:00,0.0
2025-04-10 06:00:00,19.1
2025-04-10 07:00:00,134.55
2025-04-10 08:00:00,257.95
2025-04-10 09:00:00,354.12
2025-04-10 10:00:00,474.4
2025-04-10 11:00:00,616.62
2025-04-10 12:00:00,674.55
2025-04-10 13:00:00,657.67
2025-04-10 14:00:00,562.45
2025-04-10 15:00:00,346.7
2025-04-10 16:00:00,170.62
2025-04-10 17:00:00,32.22
2025-04-10 18:00:00,0.0
2025-04-10 19:00:00,0.0
2025-04-10 20:00:00,0.0
2025-04-10 21:00:00,0.0
2025-04-10 22:00:00,0.0
2025-04-10 23:00:00,0.0
2025-04-11 00:00:00,0.0
2025-04-11 01:00:00,0.0
2025-04-11 02:00:00,0.0
2025-04-11 03:00:00,0.0
2025-04-11 04:00:00,0.0
2025-04-11 05:00:00,0.0
2025-04-11 06:00:00,24.15
2025-04-11 07:00:00,217.7
2025-04-11 08:00:00,444.52
2025-04-11 09:00:00,645.28
2025-04-11 10:00:00,798.75
2025-04-11 11:00:00,873.95
2025-04-11 12:00:00,827.62
2025-04-11 13:00:00,688.7
2025-04-11 14:00:00,603.5
2025-04-11 15:00:00,434.77
2025-04-11 16:00:00,225.0
2025-04-11 17:00:00,46.47
2025-04-11 18:00:00,0.0
2025-04-11 19:00:00,0.0
2025-04-11 20:00:00,0.0
2025-04-11 21:00:00,0.0
2025-04-11 22:00:00,0.0
2025-04-11 23:00:00,0.0
2025-04-12 00:00:00,0.0
2025-04-12 01:00:00,0.0
2025-04-12 02:00:00,0.0
2025-04-12 03:00:00,0.0
2025-04-12 04:00:00,0.0
2025-04-12 05:00:00,0.0
2025-04-12 06:00:00,22.42
2025-04-12 07:00:00,208.05
2025-04-12 08:00:00,427.1
2025-04-12 09:00:00,620.1
2025-04-12 10:00:00,780.97
2025-04-12 11:00:00,855.5
2025-04-12 12:00:00,829.03
2025-04-12 13:00:00,706.72
2025-04-12 14:00:00,586.8
2025-04-12 15:00:00,417.17
2025-04-12 16:00:00,225.32
2025-04-12 17:00:00,43.47
2025-04-12 18:00:00,0.0
2025-04-12 19:00:00,0.0
2025-04-12 20:00:00,0.0
2025-04-12 21:00:00,0.0
2025-04-12 22:00:00,0.0
2025-04-12 23:00:00,0.0
2025-04-13 00:00:00,0.0
2025-04-13 01:00:00,0.0
2025-04-13 02:00:00,0.0
2025-04-13 03:00:00,0.0
2025-04-13 04:00:00,0.0
2025-04-13 05:00:00,0.0
2025-04-13 06:00:00,18.65
2025-04-13 07:00:00,162.68
2025-04-13 08:00:00,337.83
2025-04-13 09:00:00,511.1
2025-04-13 10:00:00,563.4
2025-04-13 11:00:00,534.2
2025-04-13 12:00:00,442.98
2025-04-13 13:00:00,428.98
2025-04-13 14:00:00,252.95
2025-04-13 15:00:00,145.9
2025-04-13 16:00:00,73.35
2025-04-13 17:00:00,14.1
2025-04-13 18:00:00,0.0
2025-04-13 19:00:00,0.0
2025-04-13 20:00:00,0.0
2025-04-13 21:00:00,0.0
2025-04-13 22:00:00,0.0
2025-04-13 23:00:00,0.0
2025-04-14 00:00:00,0.0
2025-04-14 01:00:00,0.0
2025-04-14 02:00:00,0.0
2025-04-14 03:00:00,0.0
2025-04-14 04:00:00,0.0
2025-04-14 05:00:00,0.0
2025-04-14 06:00:00,15.98
2025-04-14 07:00:00,147.35
2025-04-14 08:00:00,324.5
2025-04-14 09:00:00,500.05
2025-04-14 10:00:00,613.33
2025-04-14 11:00:00,688.22
2025-04-14 12:00:00,709.33
2025-04-14 13:00:00,625.85
2025-04-14 14:00:00,510.9
2025-04-14 15:00:00,393.35
2025-04-14 16:00:00,205.88
2025-04-14 17:00:00,36.78
2025-04-14 18:00:00,0.0
2025-04-14 19:00:00,0.0
2025-04-14 20:00:00,0.0
2025-04-14 21:00:00,0.0
2025-04-14 22:00:00,0.0
2025-04-14 23:00:00,0.0
2025-04-15 00:00:00,0.0
2025-04-15 01:00:00,0.0
2025-04-15 02:00:00,0.0
2025-04-15 03:00:00,0.0
2025-04-15 04:00:00,0.0
2025-04-15 05:00:00,0.0
2025-04-15 06:00:00,19.9
2025-04-15 07:00:00,186.27
2025-04-15 08:00:00,382.33
2025-04-15 09:00:00,576.17
2025-04-15 10:00:00,742.38
2025-04-15 11:00:00,777.58
2025-04-15 12:00:00,713.78
2025-04-15 13:00:00,602.7
2025-04-15 14:00:00,495.5
2025-04-15 15:00:00,314.83
2025-04-15 16:00:00,149.73
2025-04-15 17:00:00,26.83
2025-04-15 18:00:00,0.0
2025-04-15 19:00:00,0.0
2025-04-15 20:00:00,0.0
2025-04-15 21:00:00,0.0
2025-04-15 22:00:00,0.0
2025-04-15 23:00:00,0.0
2025-04-16 00:00:00,0.0
2025-04-16 01:00:00,0.0
2025-04-16 02:00:00,0.0
2025-04-16 03:00:00,0.0
2025-04-16 04:00:00,0.0
2025-04-16 05:00:00,0.0
2025-04-16 06:00:00,4.2
2025-04-16 07:00:00,35.58
2025-04-16 08:00:00,73.88
2025-04-16 09:00:00,105.85
2025-04-16 10:00:00,174.75
2025-04-16 11:00:00,143.02
2025-04-16 12:00:00,345.92
2025-04-16 13:00:00,291.88
2025-04-16 14:00:00,309.27
2025-04-16 15:00:00,202.52
2025-04-16 16:00:00,129.93
2025-04-16 17:00:00,26.8
2025-04-16 18:00:00,0.0
2025-04-16 19:00:00,0.0
2025-04-16 20:00:00,0.0
2025-04-16 21:00:00,0.0
2025-04-16 22:00:00,0.0
2025-04-16 23:00:00,0.0
2025-04-17 00:00:00,0.0
2025-04-17 01:00:00,0.0
2025-04-17 02:00:00,0.0
2025-04-17 03:00:00,0.0
2025-04-17 04:00:00,0.0
2025-04-17 05:00:00,0.0
2025-04-17 06:00:00,15.35
2025-04-17 07:00:00,136.52
2025-04-17 08:00:00,294.92
2025-04-17 09:00:00,442.7
2025-04-17 10:00:00,617.75
2025-04-17 11:00:00,746.08
2025-04-17 12:00:00,808.15
2025-04-17 13:00:00,715.9
2025-04-17 14:00:00,495.12
2025-04-17 15:00:00,352.3
2025-04-17 16:00:00,168.15
2025-04-17 17:00:00,26.92
2025-04-17 18:00:00,0.0
2025-04-17 19:00:00,0.0
2025-04-17 20:00:00,0.0
2025-04-17 21:00:00,0.0
2025-04-17 22:00:00,0.0
2025-04-17 23:00:00,0.0
2025-04-18 00:00:00,0.0
2025-04-18 01:00:00,0.0
2025-04-18 02:00:00,0.0
2025-04-18 03:00:00,0.0
2025-04-18 04:00:00,0.0
2025-04-18 05:00:00,0.0
2025-04-18 06:00:00,10.2
2025-04-18 07:00:00,73.8
2025-04-18 08:00:00,174.45
2025-04-18 09:00:00,277.12
2025-04-18 10:00:00,448.77
2025-04-18 11:00:00,438.95
2025-04-18 12:00:00,443.55
2025-04-18 13:00:00,504.55
2025-04-18 14:00:00,385.73
2025-04-18 15:00:00,262.6
2025-04-18 16:00:00,128.82
2025-04-18 17:00:00,21.73
2025-04-18 18:00:00,0.0
2025-04-18 19:00:00,0.0
2025-04-18 20:00:00,0.0
2025-04-18 21:00:00,0.0
2025-04-18 22:00:00,0.0
2025-04-18 23:00:00,0.0
2025-04-19 00:00:00,0.0
2025-04-19 01:00:00,0.0
2025-04-19 02:00:00,0.0
2025-04-19 03:00:00,0.0
2025-04-19 04:00:00,0.0
2025-04-19 05:00:00,0.0
2025-04-19 06:00:00,11.57
2025-04-19 07:00:00,111.1
2025-04-19 08:00:00,251.43
2025-04-19 09:00:00,394.73
2025-04-19 10:00:00,529.17
2025-04-19 11:00:00,569.92
2025-04-19 12:00:00,391.67
2025-04-19 13:00:00,325.27
2025-04-19 14:00:00,256.27
2025-04-19 15:00:00,210.27
2025-04-19 16:00:00,107.62
2025-04-19 17:00:00,19.83
2025-04-19 18:00:00,0.0
2025-04-19 19:00:00,0.0
2025-04-19 20:00:00,0.0
2025-04-19 21:00:00,0.0
2025-04-19 22:00:00,0.0
2025-04-19 23:00:00,0.0
2025-04-20 00:00:00,0.0
2025-04-20 01:00:00,0.0
2025-04-20 02:00:00,0.0
2025-04-20 03:00:00,0.0
2025-04-20 04:00:00,0.0
2025-04-20 05:00:00,0.0
2025-04-20 06:00:00,15.2
2025-04-20 07:00:00,136.95
2025-04-20 08:00:00,281.85
2025-04-20 09:00:00,439.25
2025-04-20 10:00:00,637.4
2025-04-20 11:00:00,669.15
2025-04-20 12:00:00,707.15
2025-04-20 13:00:00,622.58
2025-04-20 14:00:00,449.88
2025-04-20 15:00:00,326.23
2025-04-20 16:00:00,171.12
2025-04-20 17:00:00,26.95
2025-04-20 18:00:00,0.0
2025-04-20 19:00:00,0.0
2025-04-20 20:00:00,0.0
2025-04-20 21:00:00,0.0
2025-04-20 22:00:00,0.0
2025-04-20 23:00:00,0.0
2025-04-21 00:00:00,0.0
2025-04-21 01:00:00,0.0
2025-04-21 02:00:00,0.0
2025-04-21 03:00:00,0.0
2025-04-21 04:00:00,0.0
2025-04-21 05:00:00,0.0
2025-04-21 06:00:00,16.77
2025-04-21 07:00:00,176.3
2025-04-21 08:00:00,380.42
2025-04-21 09:00:00,566.88
2025-04-21 10:00:00,708.38
2025-04-21 11:00:00,715.62
2025-04-21 12:00:00,622.35
2025-04-21 13:00:00,548.08
2025-04-21 14:00:00,443.92
2025-04-21 15:00:00,308.33
2025-04-21 16:00:00,165.05
2025-04-21 17:00:00,26.95
2025-04-21 18:00:00,0.0
2025-04-21 19:00:00,0.0
2025-04-21 20:00:00,0.0
2025-04-21 21:00:00,0.0
2025-04-21 22:00:00,0.0
2025-04-21 23:00:00,0.0
2025-04-22 00:00:00,0.0
2025-04-22 01:00:00,0.0
2025-04-22 02:00:00,0.0
2025-04-22 03:00:00,0.0
2025-04-22 04:00:00,0.0
2025-04-22 05:00:00,0.0
2025-04-22 06:00:00,13.38
2025-04-22 07:00:00,121.7
2025-04-22 08:00:00,256.88
2025-04-22 09:00:00,418.85
2025-04-22 10:00:00,510.98
2025-04-22 11:00:00,583.17
2025-04-22 12:00:00,628.6
2025-04-22 13:00:00,568.47
2025-04-22 14:00:00,539.17
2025-04-22 15:00:00,373.62
2025-04-22 16:00:00,189.8
2025-04-22 17:00:00,27.23
2025-04-22 18:00:00,0.0
2025-04-22 19:00:00,0.0
2025-04-22 20:00:00,0.0
2025-04-22 21:00:00,0.0
2025-04-22 22:00:00,0.0
2025-04-22 23:00:00,0.0
2025-04-23 00:00:00,0.0
2025-04-23 01:00:00,0.0
2025-04-23 02:00:00,0.0
2025-04-23 03:00:00,0.0
2025-04-23 04:00:00,0.0
2025-04-23 05:00:00,0.0
2025-04-23 06:00:00,9.1
2025-04-23 07:00:00,93.25
2025-04-23 08:00:00,206.32
2025-04-23 09:00:00,313.58
2025-04-23 10:00:00,391.4
2025-04-23 11:00:00,459.12
2025-04-23 12:00:00,501.65
2025-04-23 13:00:00,451.33
2025-04-23 14:00:00,431.42
2025-04-23 15:00:00,282.08
2025-04-23 16:00:00,142.05
2025-04-23 17:00:00,18.8
2025-04-23 18:00:00,0.0
2025-04-23 19:00:00,0.0
2025-04-23 20:00:00,0.0
2025-04-23 21:00:00,0.0
2025-04-23 22:00:00,0.0
2025-04-23 23:00:00,0.0
2025-04-24 00:00:00,0.0
2025-04-24 01:00:00,0.0
2025-04-24 02:00:00,0.0
2025-04-24 03:00:00,0.0
2025-04-24 04:00:00,0.0
2025-04-24 05:00:00,0.0
2025-04-24 06:00:00,7.05
2025-04-24 07:00:00,61.05
2025-04-24 08:00:00,163.82
2025-04-24 09:00:00,291.45
2025-04-24 10:00:00,404.88
2025-04-24 11:00:00,464.52
2025-04-24 12:00:00,431.23
2025-04-24 13:00:00,426.2
2025-04-24 14:00:00,177.32
2025-04-24 15:00:00,96.4
2025-04-24 16:00:00,36.65
2025-04-24 17:00:00,3.35
2025-04-24 18:00:00,0.0
2025-04-24 19:00:00,0.0
2025-04-24 20:00:00,0.0
2025-04-24 21:00:00,0.0
2025-04-24 22:00:00,0.0
2025-04-24 23:00:00,0.0
2025-04-25 00:00:00,0.0
2025-04-25 01:00:00,0.0
2025-04-25 02:00:00,0.0
2025-04-25 03:00:00,0.0
2025-04-25 04:00:00,0.0
2025-04-25 05:00:00,0.0
2025-04-25 06:00:00,7.45
2025-04-25 07:00:00,87.82
2025-04-25 08:00:00,194.43
2025-04-25 09:00:00,312.58
2025-04-25 10:00:00,411.38
2025-04-25 11:00:00,409.42
2025-04-25 12:00:00,382.3
2025-04-25 13:00:00,353.9
2025-04-25 14:00:00,333.4
2025-04-25 15:00:00,204.45
2025-04-25 16:00:00,92.35
2025-04-25 17:00:00,11.3
2025-04-25 18:00:00,0.0
2025-04-25 19:00:00,0.0
2025-04-25 20:00:00,0.0
2025-04-25 21:00:00,0.0
2025-04-25 22:00:00,0.0
2025-04-25 23:00:00,0.0
2025-04-26 00:00:00,0.0
2025-04-26 01:00:00,0.0
2025-04-26 02:00:00,0.0
2025-04-26 03:00:00,0.0
2025-04-26 04:00:00,0.0
2025-04-26 05:00:00,0.0
2025-04-26 06:00:00,12.02
2025-04-26 07:00:00,111.28
2025-04-26 08:00:00,224.32
2025-04-26 09:00:00,338.0
2025-04-26 10:00:00,477.38
2025-04-26 11:00:00,507.83
2025-04-26 12:00:00,511.08
2025-04-26 13:00:00,445.35
2025-04-26 14:00:00,325.27
2025-04-26 15:00:00,221.48
2025-04-26 16:00:00,116.45
2025-04-26 17:00:00,12.23
2025-04-26 18:00:00,0.0
2025-04-26 19:00:00,0.0
2025-04-26 20:00:00,0.0
2025-04-26 21:00:00,0.0
2025-04-26 22:00:00,0.0
2025-04-26 23:00:00,0.0
2025-04-27 00:00:00,0.0
2025-04-27 01:00:00,0.0
2025-04-27 02:00:00,0.0
2025-04-27 03:00:00,0.0
2025-04-27 04:00:00,0.0
2025-04-27 05:00:00,0.0
2025-04-27 06:00:00,11.98
2025-04-27 07:00:00,116.3
2025-04-27 08:00:00,227.8
2025-04-27 09:00:00,340.98
2025-04-27 10:00:00,434.38
2025-04-27 11:00:00,541.65
2025-04-27 12:00:00,636.85
2025-04-27 13:00:00,616.8
2025-04-27 14:00:00,509.08
2025-04-27 15:00:00,353.8
2025-04-27 16:00:00,176.62
2025-04-27 17:00:00,21.27
2025-04-27 18:00:00,0.0
2025-04-27 19:00:00,0.0
2025-04-27 20:00:00,0.0
2025-04-27 21:00:00,0.0
2025-04-27 22:00:00,0.0
2025-04-27 23:00:00,0.0
2025-04-28 00:00:00,0.0
2025-04-28 01:00:00,0.0
2025-04-28 02:00:00,0.0
2025-04-28 03:00:00,0.0
2025-04-28 04:00:00,0.0
2025-04-28 05:00:00,0.0
2025-04-28 06:00:00,9.93
2025-04-28 07:00:00,120.9
2025-04-28 08:00:00,260.75
2025-04-28 09:00:00,403.65
2025-04-28 10:00:00,472.27
2025-04-28 11:00:00,429.5
2025-04-28 12:00:00,402.95
2025-04-28 13:00:00,500.27
2025-04-28 14:00:00,412.95
2025-04-28 15:00:00,260.85
2025-04-28 16:00:00,120.57
2025-04-28 17:00:00,16.25
2025-04-28 18:00:00,0.0
2025-04-28 19:00:00,0.0
2025-04-28 20:00:00,0.0
2025-04-28 21:00:00,0.0
2025-04-28 22:00:00,0.0
2025-04-28 23:00:00,0.0
2025-04-29 00:00:00,0.0
2025-04-29 01:00:00,0.0
2025-04-29 02:00:00,0.0
2025-04-29 03:00:00,0.0
2025-04-29 04:00:00,0.0
2025-04-29 05:00:00,0.0
2025-04-29 06:00:00,10.95
2025-04-29 07:00:00,137.02
2025-04-29 08:00:00,317.92
2025-04-29 09:00:00,494.85
2025-04-29 10:00:00,616.7
2025-04-29 11:00:00,679.15
2025-04-29 12:00:00,649.6
2025-04-29 13:00:00,579.42
2025-04-29 14:00:00,450.95
2025-04-29 15:00:00,297.42
2025-04-29 16:00:00,147.57
2025-04-29 17:00:00,18.4
2025-04-29 18:00:00,0.0
2025-04-29 19:00:00,0.0
2025-04-29 20:00:00,0.0
2025-04-29 21:00:00,0.0
2025-04-29 22:00:00,0.0
2025-04-29 23:00:00,0.0
2025-04-30 00:00:00,0.0
2025-04-30 01:00:00,0.0
2025-04-30 02:00:00,0.0
2025-04-30 03:00:00,0.0
2025-04-30 04:00:00,0.0
2025-04-30 05:00:00,0.0
2025-04-30 06:00:00,12.93
2025-04-30 07:00:00,156.27
2025-04-30 08:00:00,346.98
2025-04-30 09:00:00,522.4
2025-04-30 10:00:00,661.9
2025-04-30 11:00:00,725.58
2025-04-30 12:00:00,714.65
2025-04-30 13:00:00,642.83
2025-04-30 14:00:00,532.62
2025-04-30 15:00:00,364.15
2025-04-30 16:00:00,177.5
2025-04-30 17:00:00,19.73
2025-04-30 18:00:00,0.0
2025-04-30 19:00:00,0.0
2025-04-30 20:00:00,0.0
2025-04-30 21:00:00,0.0
2025-04-30 22:00:00,0.0
2025-04-30 23:00:00,0.0
2025-05-01 00:00:00,0.0
2025-05-01 01:00:00,0.0
2025-05-01 02:00:00,0.0
2025-05-01 03:00:00,0.0
2025-05-01 04:00:00,0.0
2025-05-01 05:00:00,0.0
2025-05-01 06:00:00,11.68
2025-05-01 07:00:00,104.38
2025-05-01 08:00:00,222.3
2025-05-01 09:00:00,325.5
2025-05-01 10:00:00,458.0
2025-05-01 11:00:00,610.83
2025-05-01 12:00:00,680.38
2025-05-01 13:00:00,671.12
2025-05-01 14:00:00,560.38
2025-05-01 15:00:00,385.58
2025-05-01 16:00:00,184.48
2025-05-01 17:00:00,20.2
2025-05-01 18:00:00,0.0
2025-05-01 19:00:00,0.0
2025-05-01 20:00:00,0.0
2025-05-01 21:00:00,0.0
2025-05-01 22:00:00,0.0
2025-05-01 23:00:00,0.0
2025-05-02 00:00:00,0.0
2025-05-02 01:00:00,0.0
2025-05-02 02:00:00,0.0
2025-05-02 03:00:00,0.0
2025-05-02 04:00:00,0.0
2025-05-02 05:00:00,0.0
2025-05-02 06:00:00,13.07
2025-05-02 07:00:00,156.1
2025-05-02 08:00:00,344.23
2025-05-02 09:00:00,514.4
2025-05-02 10:00:00,650.12
2025-05-02 11:00:00,766.6
2025-05-02 12:00:00,810.17
2025-05-02 13:00:00,696.1
2025-05-02 14:00:00,587.97
2025-05-02 15:00:00,407.38
2025-05-02 16:00:00,199.02
2025-05-02 17:00:00,21.17
2025-05-02 18:00:00,0.0
2025-05-02 19:00:00,0.0
2025-05-02 20:00:00,0.0
2025-05-02 21:00:00,0.0
2025-05-02 22:00:00,0.0
2025-05-02 23:00:00,0.0
2025-05-03 00:00:00,0.0
2025-05-03 01:00:00,0.0
2025-05-03 02:00:00,0.0
2025-05-03 03:00:00,0.0
2025-05-03 04:00:00,0.0
2025-05-03 05:00:00,0.0
2025-05-03 06:00:00,13.8
2025-05-03 07:00:00,181.75
2025-05-03 08:00:00,399.92
2025-05-03 09:00:00,591.92
2025-05-03 10:00:00,731.28
2025-05-03 11:00:00,785.1
2025-05-03 12:00:00,764.7
2025-05-03 13:00:00,693.5
2025-05-03 14:00:00,544.42
2025-05-03 15:00:00,356.02
2025-05-03 16:00:00,169.43
2025-05-03 17:00:00,17.6
2025-05-03 18:00:00,0.0
2025-05-03 19:00:00,0.0
2025-05-03 20:00:00,0.0
2025-05-03 21:00:00,0.0
2025-05-03 22:00:00,0.0
2025-05-03 23:00:00,0.0
2025-05-04 00:00:00,0.0
2025-05-04 01:00:00,0.0
2025-05-04 02:00:00,0.0
2025-05-04 03:00:00,0.0
2025-05-04 04:00:00,0.0
2025-05-04 05:00:00,0.0
2025-05-04 06:00:00,10.88
2025-05-04 07:00:00,135.68
2025-05-04 08:00:00,310.08
2025-05-04 09:00:00,471.88
2025-05-04 10:00:00,635.67
2025-05-04 11:00:00,729.85
2025-05-04 12:00:00,715.1
2025-05-04 13:00:00,631.1
2025-05-04 14:00:00,477.02
2025-05-04 15:00:00,309.55
2025-05-04 16:00:00,138.48
2025-05-04 17:00:00,13.98
2025-05-04 18:00:00,0.0
2025-05-04 19:00:00,0.0
2025-05-04 20:00:00,0.0
2025-05-04 21:00:00,0.0
2025-05-04 22:00:00,0.0
2025-05-04 23:00:00,0.0
2025-05-05 00:00:00,0.0
2025-05-05 01:00:00,0.0
2025-05-05 02:00:00,0.0
2025-05-05 03:00:00,0.0
2025-05-05 04:00:00,0.0
2025-05-05 05:00:00,0.0
2025-05-05 06:00:00,9.95
2025-05-05 07:00:00,137.35
2025-05-05 08:00:00,312.7
2025-05-05 09:00:00,502.52
2025-05-05 10:00:00,590.9
2025-05-05 11:00:00,597.28
2025-05-05 12:00:00,549.4
2025-05-05 13:00:00,530.67
2025-05-05 14:00:00,435.83
2025-05-05 15:00:00,300.52
2025-05-05 16:00:00,139.43
2025-05-05 17:00:00,15.12
2025-05-05 18:00:00,0.0
2025-05-05 19:00:00,0.0
2025-05-05 20:00:00,0.0
2025-05-05 21:00:00,0.0
2025-05-05 22:00:00,0.0
2025-05-05 23:00:00,0.0
2025-05-06 00:00:00,0.0
2025-05-06 01:00:00,0.0
2025-05-06 02:00:00,0.0
2025-05-06 03:00:00,0.0
2025-05-06 04:00:00,0.0
2025-05-06 05:00:00,0.0
2025-05-06 06:00:00,10.62
2025-05-06 07:00:00,153.77
2025-05-06 08:00:00,357.15
2025-05-06 09:00:00,551.67
2025-05-06 10:00:00,668.1
2025-05-06 11:00:00,648.53
2025-05-06 12:00:00,594.0
2025-05-06 13:00:00,535.38
2025-05-06 14:00:00,404.12
2025-05-06 15:00:00,279.17
2025-05-06 16:00:00,131.93
2025-05-06 17:00:00,13.77
2025-05-06 18:00:00,0.0
2025-05-06 19:00:00,0.0
2025-05-06 20:00:00,0.0
2025-05-06 21:00:00,0.0
2025-05-06 22:00:00,0.0
2025-05-06 23:00:00,0.0
2025-05-07 00:00:00,0.0
2025-05-07 01:00:00,0.0
2025-05-07 02:00:00,0.0
2025-05-07 03:00:00,0.0
2025-05-07 04:00:00,0.0
2025-05-07 05:00:00,0.0
2025-05-07 06:00:00,9.82
2025-05-07 07:00:00,127.15
2025-05-07 08:00:00,285.27
2025-05-07 09:00:00,431.55
2025-05-07 10:00:00,561.15
2025-05-07 11:00:00,567.78
2025-05-07 12:00:00,563.08
2025-05-07 13:00:00,509.73
2025-05-07 14:00:00,444.95
2025-05-07 15:00:00,297.95
2025-05-07 16:00:00,142.23
2025-05-07 17:00:00,13.9
2025-05-07 18:00:00,0.0
2025-05-07 19:00:00,0.0
2025-05-07 20:00:00,0.0
2025-05-07 21:00:00,0.0
2025-05-07 22:00:00,0.0
2025-05-07 23:00:00,0.0
2025-05-08 00:00:00,0.0
2025-05-08 01:00:00,0.0
2025-05-08 02:00:00,0.0
2025-05-08 03:00:00,0.0
2025-05-08 04:00:00,0.0
2025-05-08 05:00:00,0.0
2025-05-08 06:00:00,9.98
2025-05-08 07:00:00,151.6
2025-05-08 08:00:00,354.55
2025-05-08 09:00:00,542.42
2025-05-08 10:00:00,677.45
2025-05-08 11:00:00,750.9
2025-05-08 12:00:00,702.92
2025-05-08 13:00:00,653.17
2025-05-08 14:00:00,553.28
2025-05-08 15:00:00,365.67
2025-05-08 16:00:00,169.12
2025-05-08 17:00:00,15.0
2025-05-08 18:00:00,0.0
2025-05-08 19:00:00,0.0
2025-05-08 20:00:00,0.0
2025-05-08 21:00:00,0.0
2025-05-08 22:00:00,0.0
2025-05-08 23:00:00,0.0
2025-05-09 00:00:00,0.0
2025-05-09 01:00:00,0.0
2025-05-09 02:00:00,0.0
2025-05-09 03:00:00,0.0
2025-05-09 04:00:00,0.0
2025-05-09 05:00:00,0.0
2025-05-09 06:00:00,10.12
2025-05-09 07:00:00,158.25
2025-05-09 08:00:00,359.35
2025-05-09 09:00:00,549.97
2025-05-09 10:00:00,689.62
2025-05-09 11:00:00,765.58
2025-05-09 12:00:00,726.97
2025-05-09 13:00:00,623.33
2025-05-09 14:00:00,526.03
2025-05-09 15:00:00,362.3
2025-05-09 16:00:00,171.12
2025-05-09 17:00:00,15.48
2025-05-09 18:00:00,0.0
2025-05-09 19:00:00,0.0
2025-05-09 20:00:00,0.0
2025-05-09 21:00:00,0.0
2025-05-09 22:00:00,0.0
2025-05-09 23:00:00,0.0
2025-05-10 00:00:00,0.0
2025-05-10 01:00:00,0.0
2025-05-10 02:00:00,0.0
2025-05-10 03:00:00,0.0
2025-05-10 04:00:00,0.0
2025-05-10 05:00:00,0.0
2025-05-10 06:00:00,10.25
2025-05-10 07:00:00,152.6
2025-05-10 08:00:00,352.7
2025-05-10 09:00:00,525.62
2025-05-10 10:00:00,604.53
2025-05-10 11:00:00,666.6
2025-05-10 12:00:00,689.38
2025-05-10 13:00:00,645.9
2025-05-10 14:00:00,454.65
2025-05-10 15:00:00,312.9
2025-05-10 16:00:00,144.57
2025-05-10 17:00:00,13.1
2025-05-10 18:00:00,0.0
2025-05-10 19:00:00,0.0
2025-05-10 20:00:00,0.0
2025-05-10 21:00:00,0.0
2025-05-10 22:00:00,0.0
2025-05-10 23:00:00,0.0
2025-05-11 00:00:00,0.0
2025-05-11 01:00:00,0.0
2025-05-11 02:00:00,0.0
2025-05-11 03:00:00,0.0
2025-05-11 04:00:00,0.0
2025-05-11 05:00:00,0.0
2025-05-11 06:00:00,8.02
2025-05-11 07:00:00,117.03
2025-05-11 08:00:00,269.42
2025-05-11 09:00:00,427.42
2025-05-11 10:00:00,527.6
2025-05-11 11:00:00,572.95
2025-05-11 12:00:00,570.58
2025-05-11 13:00:00,474.2
2025-05-11 14:00:00,379.0
2025-05-11 15:00:00,257.17
2025-05-11 16:00:00,111.85
2025-05-11 17:00:00,10.12
2025-05-11 18:00:00,0.0
2025-05-11 19:00:00,0.0
2025-05-11 20:00:00,0.0
2025-05-11 21:00:00,0.0
2025-05-11 22:00:00,0.0
2025-05-11 23:00:00,0.0
2025-05-12 00:00:00,0.0
2025-05-12 01:00:00,0.0
2025-05-12 02:00:00,0.0
2025-05-12 03:00:00,0.0
2025-05-12 04:00:00,0.0
2025-05-12 05:00:00,0.0
2025-05-12 06:00:00,6.25
2025-05-12 07:00:00,89.5
2025-05-12 08:00:00,213.4
2025-05-12 09:00:00,316.1
2025-05-12 10:00:00,428.33
2025-05-12 11:00:00,488.98
2025-05-12 12:00:00,474.38
2025-05-12 13:00:00,427.98
2025-05-12 14:00:00,303.98
2025-05-12 15:00:00,207.35
2025-05-12 16:00:00,95.88
2025-05-12 17:00:00,8.65
2025-05-12 18:00:00,0.0
2025-05-12 19:00:00,0.0
2025-05-12 20:00:00,0.0
2025-05-12 21:00:00,0.0
2025-05-12 22:00:00,0.0
2025-05-12 23:00:00,0.0
2025-05-13 00:00:00,0.0
2025-05-13 01:00:00,0.0
2025-05-13 02:00:00,0.0
2025-05-13 03:00:00,0.0
2025-05-13 04:00:00,0.0
2025-05-13 05:00:00,0.0
2025-05-13 06:00:00,4.95
2025-05-13 07:00:00,71.15
2025-05-13 08:00:00,155.85
2025-05-13 09:00:00,243.12
2025-05-13 10:00:00,330.25
2025-05-13 11:00:00,391.12
2025-05-13 12:00:00,438.7
2025-05-13 13:00:00,401.23
2025-05-13 14:00:00,331.02
2025-05-13 15:00:00,214.93
2025-05-13 16:00:00,95.95
2025-05-13 17:00:00,8.73
2025-05-13 18:00:00,0.0
2025-05-13 19:00:00,0.0
2025-05-13 20:00:00,0.0
2025-05-13 21:00:00,0.0
2025-05-13 22:00:00,0.0
2025-05-13 23:00:00,0.0
2025-05-14 00:00:00,0.0
2025-05-14 01:00:00,0.0
2025-05-14 02:00:00,0.0
2025-05-14 03:00:00,0.0
2025-05-14 04:00:00,0.0
2025-05-14 05:00:00,0.0
2025-05-14 06:00:00,8.8
2025-05-14 07:00:00,138.05
2025-05-14 08:00:00,308.08
2025-05-14 09:00:00,473.38
2025-05-14 10:00:00,587.12
2025-05-14 11:00:00,646.47
2025-05-14 12:00:00,663.83
2025-05-14 13:00:00,527.22
2025-05-14 14:00:00,469.3
2025-05-14 15:00:00,301.6
2025-05-14 16:00:00,129.02
2025-05-14 17:00:00,10.23
2025-05-14 18:00:00,0.0
2025-05-14 19:00:00,0.0
2025-05-14 20:00:00,0.0
2025-05-14 21:00:00,0.0
2025-05-14 22:00:00,0.0
2025-05-14 23:00:00,0.0
2025-05-15 00:00:00,0.0
2025-05-15 01:00:00,0.0
2025-05-15 02:00:00,0.0
2025-05-15 03:00:00,0.0
2025-05-15 04:00:00,0.0
2025-05-15 05:00:00,0.0
2025-05-15 06:00:00,7.1
2025-05-15 07:00:00,102.2
2025-05-15 08:00:00,238.32
2025-05-15 09:00:00,374.12
2025-05-15 10:00:00,431.23
2025-05-15 11:00:00,513.92
2025-05-15 12:00:00,567.75
2025-05-15 13:00:00,552.78
2025-05-15 14:00:00,470.1
2025-05-15 15:00:00,319.88
2025-05-15 16:00:00,147.6
2025-05-15 17:00:00,11.8
2025-05-15 18:00:00,0.0
2025-05-15 19:00:00,0.0
2025-05-15 20:00:00,0.0
2025-05-15 21:00:00,0.0
2025-05-15 22:00:00,0.0
2025-05-15 23:00:00,0.0
2025-05-16 00:00:00,0.0
2025-05-16 01:00:00,0.0
2025-05-16 02:00:00,0.0
2025-05-16 03:00:00,0.0
2025-05-16 04:00:00,0.0
2025-05-16 05:00:00,0.0
2025-05-16 06:00:00,7.72
2025-05-16 07:00:00,136.62
2025-05-16 08:00:00,323.75
2025-05-16 09:00:00,499.9
2025-05-16 10:00:00,661.03
2025-05-16 11:00:00,742.42
2025-05-16 12:00:00,762.35
2025-05-16 13:00:00,694.05
2025-05-16 14:00:00,564.28
2025-05-16 15:00:00,384.1
2025-05-16 16:00:00,174.48
2025-05-16 17:00:00,12.65
2025-05-16 18:00:00,0.0
2025-05-16 19:00:00,0.0
2025-05-16 20:00:00,0.0
2025-05-16 21:00:00,0.0
2025-05-16 22:00:00,0.0
2025-05-16 23:00:00,0.0
2025-05-17 00:00:00,0.0
2025-05-17 01:00:00,0.0
2025-05-17 02:00:00,0.0
2025-05-17 03:00:00,0.0
2025-05-17 04:00:00,0.0
2025-05-17 05:00:00,0.0
2025-05-17 06:00:00,7.78
2025-05-17 07:00:00,148.1
2025-05-17 08:00:00,349.9
2025-05-17 09:00:00,536.45
2025-05-17 10:00:00,670.45
2025-05-17 11:00:00,744.58
2025-05-17 12:00:00,759.42
2025-05-17 13:00:00,691.22
2025-05-17 14:00:00,561.7
2025-05-17 15:00:00,375.0
2025-05-17 16:00:00,166.25
2025-05-17 17:00:00,11.45
2025-05-17 18:00:00,0.0
2025-05-17 19:00:00,0.0
2025-05-17 20:00:00,0.0
2025-05-17 21:00:00,0.0
2025-05-17 22:00:00,0.0
2025-05-17 23:00:00,0.0
2025-05-18 00:00:00,0.0
2025-05-18 01:00:00,0.0
2025-05-18 02:00:00,0.0
2025-05-18 03:00:00,0.0
2025-05-18 04:00:00,0.0
2025-05-18 05:00:00,0.0
2025-05-18 06:00:00,6.65
2025-05-18 07:00:00,128.25
2025-05-18 08:00:00,315.38
2025-05-18 09:00:00,489.33
2025-05-18 10:00:00,622.88
2025-05-18 11:00:00,739.97
2025-05-18 12:00:00,747.35
2025-05-18 13:00:00,684.67
2025-05-18 14:00:00,555.83
2025-05-18 15:00:00,376.42
2025-05-18 16:00:00,168.6
2025-05-18 17:00:00,11.65
2025-05-18 18:00:00,0.0
2025-05-18 19:00:00,0.0
2025-05-18 20:00:00,0.0
2025-05-18 21:00:00,0.0
2025-05-18 22:00:00,0.0
2025-05-18 23:00:00,0.0
2025-05-19 00:00:00,0.0
2025-05-19 01:00:00,0.0
2025-05-19 02:00:00,0.0
2025-05-19 03:00:00,0.0
2025-05-19 04:00:00,0.0
2025-05-19 05:00:00,0.0
2025-05-19 06:00:00,7.22
2025-05-19 07:00:00,144.23
2025-05-19 08:00:00,339.73
2025-05-19 09:00:00,520.88
2025-05-19 10:00:00,670.65
2025-05-19 11:00:00,738.03
2025-05-19 12:00:00,752.78
2025-05-19 13:00:00,689.2
2025-05-19 14:00:00,555.97
2025-05-19 15:00:00,375.0
2025-05-19 16:00:00,166.18
2025-05-19 17:00:00,11.12
2025-05-19 18:00:00,0.0
2025-05-19 19:00:00,0.0
2025-05-19 20:00:00,0.0
2025-05-19 21:00:00,0.0
2025-05-19 22:00:00,0.0
2025-05-19 23:00:00,0.0
2025-05-20 00:00:00,0.0
2025-05-20 01:00:00,0.0
2025-05-20 02:00:00,0.0
2025-05-20 03:00:00,0.0
2025-05-20 04:00:00,0.0
2025-05-20 05:00:00,0.0
2025-05-20 06:00:00,6.72
2025-05-20 07:00:00,138.12
2025-05-20 08:00:00,337.08
2025-05-20 09:00:00,513.35
2025-05-20 10:00:00,652.67
2025-05-20 11:00:00,739.55
2025-05-20 12:00:00,729.0
2025-05-20 13:00:00,667.17
2025-05-20 14:00:00,556.4
2025-05-20 15:00:00,375.17
2025-05-20 16:00:00,167.2
2025-05-20 17:00:00,11.38
2025-05-20 18:00:00,0.0
2025-05-20 19:00:00,0.0
2025-05-20 20:00:00,0.0
2025-05-20 21:00:00,0.0
2025-05-20 22:00:00,0.0
2025-05-20 23:00:00,0.0
2025-05-21 00:00:00,0.0
2025-05-21 01:00:00,0.0
2025-05-21 02:00:00,0.0
2025-05-21 03:00:00,0.0
2025-05-21 04:00:00,0.0
2025-05-21 05:00:00,0.0
2025-05-21 06:00:00,6.82
2025-05-21 07:00:00,144.18
2025-05-21 08:00:00,346.65
2025-05-21 09:00:00,530.8
2025-05-21 10:00:00,662.83
2025-05-21 11:00:00,737.45
2025-05-21 12:00:00,727.9
2025-05-21 13:00:00,663.33
2025-05-21 14:00:00,510.48
2025-05-21 15:00:00,350.8
2025-05-21 16:00:00,156.68
2025-05-21 17:00:00,10.73
2025-05-21 18:00:00,0.0
2025-05-21 19:00:00,0.0
2025-05-21 20:00:00,0.0
2025-05-21 21:00:00,0.0
2025-05-21 22:00:00,0.0
2025-05-21 23:00:00,0.0
2025-05-22 00:00:00,0.0
2025-05-22 01:00:00,0.0
2025-05-22 02:00:00,0.0
2025-05-22 03:00:00,0.0
2025-05-22 04:00:00,0.0
2025-05-22 05:00:00,0.0
2025-05-22 06:00:00,6.3
2025-05-22 07:00:00,139.62
2025-05-22 08:00:00,345.48
2025-05-22 09:00:00,528.05
2025-05-22 10:00:00,662.55
2025-05-22 11:00:00,733.38
2025-05-22 12:00:00,743.83
2025-05-22 13:00:00,664.05
2025-05-22 14:00:00,515.8
2025-05-22 15:00:00,346.35
2025-05-22 16:00:00,149.93
2025-05-22 17:00:00,9.57
2025-05-22 18:00:00,0.0
2025-05-22 19:00:00,0.0
2025-05-22 20:00:00,0.0
2025-05-22 21:00:00,0.0
2025-05-22 22:00:00,0.0
2025-05-22 23:00:00,0.0
2025-05-23 00:00:00,0.0
2025-05-23 01:00:00,0.0
2025-05-23 02:00:00,0.0
2025-05-23 03:00:00,0.0
2025-05-23 04:00:00,0.0
2025-05-23 05:00:00,0.0
2025-05-23 06:00:00,5.28
2025-05-23 07:00:00,122.03
2025-05-23 08:00:00,316.7
2025-05-23 09:00:00,495.8
2025-05-23 10:00:00,638.25
2025-05-23 11:00:00,690.15
2025-05-23 12:00:00,684.3
2025-05-23 13:00:00,592.88
2025-05-23 14:00:00,477.62
2025-05-23 15:00:00,320.08
2025-05-23 16:00:00,139.62
2025-05-23 17:00:00,9.45
2025-05-23 18:00:00,0.0
2025-05-23 19:00:00,0.0
2025-05-23 20:00:00,0.0
2025-05-23 21:00:00,0.0
2025-05-23 22:00:00,0.0
2025-05-23 23:00:00,0.0
2025-05-24 00:00:00,0.0
2025-05-24 01:00:00,0.0
2025-05-24 02:00:00,0.0
2025-05-24 03:00:00,0.0
2025-05-24 04:00:00,0.0
2025-05-24 05:00:00,0.0
2025-05-24 06:00:00,5.78
2025-05-24 07:00:00,132.38
2025-05-24 08:00:00,331.62
2025-05-24 09:00:00,509.77
2025-05-24 10:00:00,640.72
2025-05-24 11:00:00,713.85
2025-05-24 12:00:00,695.15
2025-05-24 13:00:00,610.33
2025-05-24 14:00:00,506.38
2025-05-24 15:00:00,331.88
2025-05-24 16:00:00,140.35
2025-05-24 17:00:00,8.73
2025-05-24 18:00:00,0.0
2025-05-24 19:00:00,0.0
2025-05-24 20:00:00,0.0
2025-05-24 21:00:00,0.0
2025-05-24 22:00:00,0.0
2025-05-24 23:00:00,0.0
2025-05-25 00:00:00,0.0
2025-05-25 01:00:00,0.0
2025-05-25 02:00:00,0.0
2025-05-25 03:00:00,0.0
2025-05-25 04:00:00,0.0
2025-05-25 05:00:00,0.0
2025-05-25 06:00:00,4.1
2025-05-25 07:00:00,85.32
2025-05-25 08:00:00,224.1
2025-05-25 09:00:00,357.77
2025-05-25 10:00:00,535.08
2025-05-25 11:00:00,671.12
2025-05-25 12:00:00,730.95
2025-05-25 13:00:00,659.9
2025-05-25 14:00:00,517.5
2025-05-25 15:00:00,344.85
2025-05-25 16:00:00,149.1
2025-05-25 17:00:00,9.35
2025-05-25 18:00:00,0.0
2025-05-25 19:00:00,0.0
2025-05-25 20:00:00,0.0
2025-05-25 21:00:00,0.0
2025-05-25 22:00:00,0.0
2025-05-25 23:00:00,0.0
2025-05-26 00:00:00,0.0
2025-05-26 01:00:00,0.0
2025-05-26 02:00:00,0.0
2025-05-26 03:00:00,0.0
2025-05-26 04:00:00,0.0
2025-05-26 05:00:00,0.0
2025-05-26 06:00:00,5.0
2025-05-26 07:00:00,113.0
2025-05-26 08:00:00,285.95
2025-05-26 09:00:00,447.98
2025-05-26 10:00:00,637.62
2025-05-26 11:00:00,696.35
2025-05-26 12:00:00,638.33
2025-05-26 13:00:00,602.42
2025-05-26 14:00:00,473.33
2025-05-26 15:00:00,312.58
2025-05-26 16:00:00,131.05
2025-05-26 17:00:00,8.85
2025-05-26 18:00:00,0.0
2025-05-26 19:00:00,0.0
2025-05-26 20:00:00,0.0
2025-05-26 21:00:00,0.0
2025-05-26 22:00:00,0.0
2025-05-26 23:00:00,0.0
2025-05-27 00:00:00,0.0
2025-05-27 01:00:00,0.0
2025-05-27 02:00:00,0.0
2025-05-27 03:00:00,0.0
2025-05-27 04:00:00,0.0
2025-05-27 05:00:00,0.0
2025-05-27 06:00:00,4.05
2025-05-27 07:00:00,67.6
2025-05-27 08:00:00,174.7
2025-05-27 09:00:00,286.25
2025-05-27 10:00:00,337.35
2025-05-27 11:00:00,440.6
2025-05-27 12:00:00,474.42
2025-05-27 13:00:00,443.95
2025-05-27 14:00:00,364.8
2025-05-27 15:00:00,229.68
2025-05-27 16:00:00,89.5
2025-05-27 17:00:00,6.78
2025-05-27 18:00:00,0.0
2025-05-27 19:00:00,0.0
2025-05-27 20:00:00,0.0
2025-05-27 21:00:00,0.0
2025-05-27 22:00:00,0.0
2025-05-27 23:00:00,0.0
2025-05-28 00:00:00,0.0
2025-05-28 01:00:00,0.0
2025-05-28 02:00:00,0.0
2025-05-28 03:00:00,0.0
2025-05-28 04:00:00,0.0
2025-05-28 05:00:00,0.0
2025-05-28 06:00:00,3.3
2025-05-28 07:00:00,73.88
2025-05-28 08:00:00,186.1
2025-05-28 09:00:00,296.17
2025-05-28 10:00:00,534.05
2025-05-28 11:00:00,608.0
2025-05-28 12:00:00,575.78
2025-05-28 13:00:00,514.12
2025-05-28 14:00:00,372.45
2025-05-28 15:00:00,234.18
2025-05-28 16:00:00,95.38
2025-05-28 17:00:00,5.65
2025-05-28 18:00:00,0.0
2025-05-28 19:00:00,0.0
2025-05-28 20:00:00,0.0
2025-05-28 21:00:00,0.0
2025-05-28 22:00:00,0.0
2025-05-28 23:00:00,0.0
2025-05-29 00:00:00,0.0
2025-05-29 01:00:00,0.0
2025-05-29 02:00:00,0.0
2025-05-29 03:00:00,0.0
2025-05-29 04:00:00,0.0
2025-05-29 05:00:00,0.0
2025-05-29 06:00:00,2.3
2025-05-29 07:00:00,54.65
2025-05-29 08:00:00,121.65
2025-05-29 09:00:00,195.18
2025-05-29 10:00:00,307.85
2025-05-29 11:00:00,391.0
2025-05-29 12:00:00,431.17
2025-05-29 13:00:00,349.3
2025-05-29 14:00:00,247.4
2025-05-29 15:00:00,151.95
2025-05-29 16:00:00,63.78
2025-05-29 17:00:00,5.72
2025-05-29 18:00:00,0.0
2025-05-29 19:00:00,0.0
2025-05-29 20:00:00,0.0
2025-05-29 21:00:00,0.0
2025-05-29 22:00:00,0.0
2025-05-29 23:00:00,0.0
2025-05-30 00:00:00,0.0
2025-05-30 01:00:00,0.0
2025-05-30 02:00:00,0.0
2025-05-30 03:00:00,0.0
2025-05-30 04:00:00,0.0
2025-05-30 05:00:00,0.0
2025-05-30 06:00:00,4.45
2025-05-30 07:00:00,113.78
2025-05-30 08:00:00,297.33
2025-05-30 09:00:00,466.05
2025-05-30 10:00:00,612.1
2025-05-30 11:00:00,694.5
2025-05-30 12:00:00,718.67
2025-05-30 13:00:00,655.28
2025-05-30 14:00:00,520.95
2025-05-30 15:00:00,349.08
2025-05-30 16:00:00,150.8
2025-05-30 17:00:00,8.88
2025-05-30 18:00:00,0.0
2025-05-30 19:00:00,0.0
2025-05-30 20:00:00,0.0
2025-05-30 21:00:00,0.0
2025-05-30 22:00:00,0.0
2025-05-30 23:00:00,0.0
2025-05-31 00:00:00,0.0
2025-05-31 01:00:00,0.0
2025-05-31 02:00:00,0.0
2025-05-31 03:00:00,0.0
2025-05-31 04:00:00,0.0
2025-05-31 05:00:00,0.0
2025-05-31 06:00:00,3.97
2025-05-31 07:00:00,109.4
2025-05-31 08:00:00,269.5
2025-05-31 09:00:00,419.85
2025-05-31 10:00:00,544.95
2025-05-31 11:00:00,634.1
2025-05-31 12:00:00,670.88
2025-05-31 13:00:00,580.97
2025-05-31 14:00:00,482.17
2025-05-31 15:00:00,323.05
2025-05-31 16:00:00,141.52
2025-05-31 17:00:00,8.7
2025-05-31 18:00:00,0.0
2025-05-31 19:00:00,0.0
2025-05-31 20:00:00,0.0
2025-05-31 21:00:00,0.0
2025-05-31 22:00:00,0.0
2025-05-31 23:00:00,0.0
2025-06-01 00:00:00,0.0
2025-06-01 01:00:00,0.0
2025-06-01 02:00:00,0.0
2025-06-01 03:00:00,0.0
2025-06-01 04:00:00,0.0
2025-06-01 05:00:00,0.0
2025-06-01 06:00:00,3.55
2025-06-01 07:00:00,99.15
2025-06-01 08:00:00,264.5
2025-06-01 09:00:00,434.27
2025-06-01 10:00:00,574.17
2025-06-01 11:00:00,654.35
2025-06-01 12:00:00,674.28
2025-06-01 13:00:00,626.65
2025-06-01 14:00:00,510.52
2025-06-01 15:00:00,342.92
2025-06-01 16:00:00,149.1
2025-06-01 17:00:00,8.95
2025-06-01 18:00:00,0.0
2025-06-01 19:00:00,0.0
2025-06-01 20:00:00,0.0
2025-06-01 21:00:00,0.0
2025-06-01 22:00:00,0.0
2025-06-01 23:00:00,0.0
2025-06-02 00:00:00,0.0
2025-06-02 01:00:00,0.0
2025-06-02 02:00:00,0.0
2025-06-02 03:00:00,0.0
2025-06-02 04:00:00,0.0
2025-06-02 05:00:00,0.0
2025-06-02 06:00:00,2.8
2025-06-02 07:00:00,52.25
2025-06-02 08:00:00,144.15
2025-06-02 09:00:00,221.25
2025-06-02 10:00:00,302.52
2025-06-02 11:00:00,409.85
2025-06-02 12:00:00,460.3
2025-06-02 13:00:00,488.5
2025-06-02 14:00:00,419.02
2025-06-02 15:00:00,280.2
2025-06-02 16:00:00,126.72
2025-06-02 17:00:00,8.18
2025-06-02 18:00:00,0.0
2025-06-02 19:00:00,0.0
2025-06-02 20:00:00,0.0
2025-06-02 21:00:00,0.0
2025-06-02 22:00:00,0.0
2025-06-02 23:00:00,0.0
2025-06-03 00:00:00,0.0
2025-06-03 01:00:00,0.0
2025-06-03 02:00:00,0.0
2025-06-03 03:00:00,0.0
2025-06-03 04:00:00,0.0
2025-06-03 05:00:00,0.0
2025-06-03 06:00:00,2.12
2025-06-03 07:00:00,50.72
2025-06-03 08:00:00,133.48
2025-06-03 09:00:00,109.05
2025-06-03 10:00:00,39.88
2025-06-03 11:00:00,95.78
2025-06-03 12:00:00,437.62
2025-06-03 13:00:00,511.23
2025-06-03 14:00:00,512.47
2025-06-03 15:00:00,320.4
2025-06-03 16:00:00,134.45
2025-06-03 17:00:00,6.55
2025-06-03 18:00:00,0.0
2025-06-03 19:00:00,0.0
2025-06-03 20:00:00,0.0
2025-06-03 21:00:00,0.0
2025-06-03 22:00:00,0.0
2025-06-03 23:00:00,0.0
2025-06-04 00:00:00,0.0
2025-06-04 01:00:00,0.0
2025-06-04 02:00:00,0.0
2025-06-04 03:00:00,0.0
2025-06-04 04:00:00,0.0
2025-06-04 05:00:00,0.0
2025-06-04 06:00:00,3.62
2025-06-04 07:00:00,114.57
2025-06-04 08:00:00,293.58
2025-06-04 09:00:00,464.83
2025-06-04 10:00:00,617.67
2025-06-04 11:00:00,701.9
2025-06-04 12:00:00,700.75
2025-06-04 13:00:00,636.53
2025-06-04 14:00:00,516.25
2025-06-04 15:00:00,344.15
2025-06-04 16:00:00,150.18
2025-06-04 17:00:00,8.75
2025-06-04 18:00:00,0.0
2025-06-04 19:00:00,0.0
2025-06-04 20:00:00,0.0
2025-06-04 21:00:00,0.0
2025-06-04 22:00:00,0.0
2025-06-04 23:00:00,0.0
2025-06-05 00:00:00,0.0
2025-06-05 01:00:00,0.0
2025-06-05 02:00:00,0.0
2025-06-05 03:00:00,0.0
2025-06-05 04:00:00,0.0
2025-06-05 05:00:00,0.0
2025-06-05 06:00:00,0.0
2025-06-05 07:00:00,109.22
2025-06-05 08:00:00,273.33
2025-06-05 09:00:00,433.25
2025-06-05 10:00:00,552.95
2025-06-05 11:00:00,655.42
2025-06-05 12:00:00,649.03
2025-06-05 13:00:00,587.95
2025-06-05 14:00:00,426.15
2025-06-05 15:00:00,281.23
2025-06-05 16:00:00,115.7
2025-06-05 17:00:00,7.22
2025-06-05 18:00:00,0.0
2025-06-05 19:00:00,0.0
2025-06-05 20:00:00,0.0
2025-06-05 21:00:00,0.0
2025-06-05 22:00:00,0.0
2025-06-05 23:00:00,0.0
2025-06-06 00:00:00,0.0
2025-06-06 01:00:00,0.0
2025-06-06 02:00:00,0.0
2025-06-06 03:00:00,0.0
2025-06-06 04:00:00,0.0
2025-06-06 05:00:00,0.0
2025-06-06 06:00:00,0.0
2025-06-06 07:00:00,71.57
2025-06-06 08:00:00,194.55
2025-06-06 09:00:00,317.95
2025-06-06 10:00:00,493.3
2025-06-06 11:00:00,530.88
2025-06-06 12:00:00,521.0
2025-06-06 13:00:00,413.42
2025-06-06 14:00:00,301.0
2025-06-06 15:00:00,211.75
2025-06-06 16:00:00,93.72
2025-06-06 17:00:00,6.65
2025-06-06 18:00:00,0.0
2025-06-06 19:00:00,0.0
2025-06-06 20:00:00,0.0
2025-06-06 21:00:00,0.0
2025-06-06 22:00:00,0.0
2025-06-06 23:00:00,0.0
2025-06-07 00:00:00,0.0
2025-06-07 01:00:00,0.0
2025-06-07 02:00:00,0.0
2025-06-07 03:00:00,0.0
2025-06-07 04:00:00,0.0
2025-06-07 05:00:00,0.0
2025-06-07 06:00:00,0.0
2025-06-07 07:00:00,103.7
2025-06-07 08:00:00,259.08
2025-06-07 09:00:00,410.12
2025-06-07 10:00:00,531.65
2025-06-07 11:00:00,619.75
2025-06-07 12:00:00,592.03
2025-06-07 13:00:00,502.55
2025-06-07 14:00:00,415.48
2025-06-07 15:00:00,274.17
2025-06-07 16:00:00,113.75
2025-06-07 17:00:00,7.1
2025-06-07 18:00:00,0.0
2025-06-07 19:00:00,0.0
2025-06-07 20:00:00,0.0
2025-06-07 21:00:00,0.0
2025-06-07 22:00:00,0.0
2025-06-07 23:00:00,0.0
2025-06-08 00:00:00,0.0
2025-06-08 01:00:00,0.0
2025-06-08 02:00:00,0.0
2025-06-08 03:00:00,0.0
2025-06-08 04:00:00,0.0
2025-06-08 05:00:00,0.0
2025-06-08 06:00:00,0.0
2025-06-08 07:00:00,86.85
2025-06-08 08:00:00,196.68
2025-06-08 09:00:00,313.83
2025-06-08 10:00:00,451.83
2025-06-08 11:00:00,543.22
2025-06-08 12:00:00,521.72
2025-06-08 13:00:00,332.15
2025-06-08 14:00:00,235.27
2025-06-08 15:00:00,165.12
2025-06-08 16:00:00,70.88
2025-06-08 17:00:00,4.5
2025-06-08 18:00:00,0.0
2025-06-08 19:00:00,0.0
2025-06-08 20:00:00,0.0
2025-06-08 21:00:00,0.0
2025-06-08 22:00:00,0.0
2025-06-08 23:00:00,0.0
2025-06-09 00:00:00,0.0
2025-06-09 01:00:00,0.0
2025-06-09 02:00:00,0.0
2025-06-09 03:00:00,0.0
2025-06-09 04:00:00,0.0
2025-06-09 05:00:00,0.0
2025-06-09 06:00:00,0.0
2025-06-09 07:00:00,53.62
2025-06-09 08:00:00,132.7
2025-06-09 09:00:00,222.52
2025-06-09 10:00:00,372.17
2025-06-09 11:00:00,557.62
2025-06-09 12:00:00,557.17
2025-06-09 13:00:00,366.38
2025-06-09 14:00:00,271.62
2025-06-09 15:00:00,163.32
2025-06-09 16:00:00,68.8
2025-06-09 17:00:00,5.53
2025-06-09 18:00:00,0.0
2025-06-09 19:00:00,0.0
2025-06-09 20:00:00,0.0
2025-06-09 21:00:00,0.0
2025-06-09 22:00:00,0.0
2025-06-09 23:00:00,0.0
2025-06-10 00:00:00,0.0
2025-06-10 01:00:00,0.0
2025-06-10 02:00:00,0.0
2025-06-10 03:00:00,0.0
2025-06-10 04:00:00,0.0
2025-06-10 05:00:00,0.0
2025-06-10 06:00:00,0.0
2025-06-10 07:00:00,73.05
2025-06-10 08:00:00,190.6
2025-06-10 09:00:00,335.6
2025-06-10 10:00:00,467.08
2025-06-10 11:00:00,522.62
2025-06-10 12:00:00,586.2
2025-06-10 13:00:00,533.22
2025-06-10 14:00:00,424.95
2025-06-10 15:00:00,272.2
2025-06-10 16:00:00,123.68
2025-06-10 17:00:00,8.43
2025-06-10 18:00:00,0.0
2025-06-10 19:00:00,0.0
2025-06-10 20:00:00,0.0
2025-06-10 21:00:00,0.0
2025-06-10 22:00:00,0.0
2025-06-10 23:00:00,0.0
2025-06-11 00:00:00,0.0
2025-06-11 01:00:00,0.0
2025-06-11 02:00:00,0.0
2025-06-11 03:00:00,0.0
2025-06-11 04:00:00,0.0
2025-06-11 05:00:00,0.0
2025-06-11 06:00:00,0.0
2025-06-11 07:00:00,85.35
2025-06-11 08:00:00,239.15
2025-06-11 09:00:00,397.52
2025-06-11 10:00:00,532.12
2025-06-11 11:00:00,662.17
2025-06-11 12:00:00,702.75
2025-06-11 13:00:00,645.25
2025-06-11 14:00:00,529.6
2025-06-11 15:00:00,352.3
2025-06-11 16:00:00,149.68
2025-06-11 17:00:00,8.73
2025-06-11 18:00:00,0.0
2025-06-11 19:00:00,0.0
2025-06-11 20:00:00,0.0
2025-06-11 21:00:00,0.0
2025-06-11 22:00:00,0.0
2025-06-11 23:00:00,0.0
2025-06-12 00:00:00,0.0
2025-06-12 01:00:00,0.0
2025-06-12 02:00:00,0.0
2025-06-12 03:00:00,0.0
2025-06-12 04:00:00,0.0
2025-06-12 05:00:00,0.0
2025-06-12 06:00:00,0.0
2025-06-12 07:00:00,123.88
2025-06-12 08:00:00,319.88
2025-06-12 09:00:00,504.62
2025-06-12 10:00:00,643.67
2025-06-12 11:00:00,718.08
2025-06-12 12:00:00,725.35
2025-06-12 13:00:00,664.58
2025-06-12 14:00:00,541.28
2025-06-12 15:00:00,363.85
2025-06-12 16:00:00,157.95
2025-06-12 17:00:00,9.4
2025-06-12 18:00:00,0.0
2025-06-12 19:00:00,0.0
2025-06-12 20:00:00,0.0
2025-06-12 21:00:00,0.0
2025-06-12 22:00:00,0.0
2025-06-12 23:00:00,0.0
2025-06-13 00:00:00,0.0
2025-06-13 01:00:00,0.0
2025-06-13 02:00:00,0.0
2025-06-13 03:00:00,0.0
2025-06-13 04:00:00,0.0
2025-06-13 05:00:00,0.0
2025-06-13 06:00:00,0.0
2025-06-13 07:00:00,109.4
2025-06-13 08:00:00,290.23
2025-06-13 09:00:00,481.2
2025-06-13 10:00:00,632.5
2025-06-13 11:00:00,706.45
2025-06-13 12:00:00,717.53
2025-06-13 13:00:00,654.88
2025-06-13 14:00:00,524.75
2025-06-13 15:00:00,344.65
2025-06-13 16:00:00,146.02
2025-06-13 17:00:00,8.73
2025-06-13 18:00:00,0.0
2025-06-13 19:00:00,0.0
2025-06-13 20:00:00,0.0
2025-06-13 21:00:00,0.0
2025-06-13 22:00:00,0.0
2025-06-13 23:00:00,0.0
2025-06-14 00:00:00,0.0
2025-06-14 01:00:00,0.0
2025-06-14 02:00:00,0.0
2025-06-14 03:00:00,0.0
2025-06-14 04:00:00,0.0
2025-06-14 05:00:00,0.0
2025-06-14 06:00:00,0.0
2025-06-14 07:00:00,79.4
2025-06-14 08:00:00,202.55
2025-06-14 09:00:00,336.08
2025-06-14 10:00:00,456.25
2025-06-14 11:00:00,532.3
2025-06-14 12:00:00,531.7
2025-06-14 13:00:00,506.05
2025-06-14 14:00:00,405.27
2025-06-14 15:00:00,264.08
2025-06-14 16:00:00,107.32
2025-06-14 17:00:00,7.6
2025-06-14 18:00:00,0.0
2025-06-14 19:00:00,0.0
2025-06-14 20:00:00,0.0
2025-06-14 21:00:00,0.0
2025-06-14 22:00:00,0.0
2025-06-14 23:00:00,0.0
2025-06-15 00:00:00,0.0
2025-06-15 01:00:00,0.0
2025-06-15 02:00:00,0.0
2025-06-15 03:00:00,0.0
2025-06-15 04:00:00,0.0
2025-06-15 05:00:00,0.0
2025-06-15 06:00:00,0.0
2025-06-15 07:00:00,67.65
2025-06-15 08:00:00,187.15
2025-06-15 09:00:00,313.15
2025-06-15 10:00:00,386.88
2025-06-15 11:00:00,499.2
2025-06-15 12:00:00,532.6
2025-06-15 13:00:00,430.95
2025-06-15 14:00:00,288.42
2025-06-15 15:00:00,183.3
2025-06-15 16:00:00,77.25
2025-06-15 17:00:00,7.12
2025-06-15 18:00:00,0.0
2025-06-15 19:00:00,0.0
2025-06-15 20:00:00,0.0
2025-06-15 21:00:00,0.0
2025-06-15 22:00:00,0.0
2025-06-15 23:00:00,0.0
2025-06-16 00:00:00,0.0
2025-06-16 01:00:00,0.0
2025-06-16 02:00:00,0.0
2025-06-16 03:00:00,0.0
2025-06-16 04:00:00,0.0
2025-06-16 05:00:00,0.0
2025-06-16 06:00:00,0.0
2025-06-16 07:00:00,106.5
2025-06-16 08:00:00,293.0
2025-06-16 09:00:00,470.33
2025-06-16 10:00:00,604.33
2025-06-16 11:00:00,680.1
2025-06-16 12:00:00,700.33
2025-06-16 13:00:00,643.58
2025-06-16 14:00:00,517.12
2025-06-16 15:00:00,351.58
2025-06-16 16:00:00,156.02
2025-06-16 17:00:00,9.8
2025-06-16 18:00:00,0.0
2025-06-16 19:00:00,0.0
2025-06-16 20:00:00,0.0
2025-06-16 21:00:00,0.0
2025-06-16 22:00:00,0.0
2025-06-16 23:00:00,0.0
2025-06-17 00:00:00,0.0
2025-06-17 01:00:00,0.0
2025-06-17 02:00:00,0.0
2025-06-17 03:00:00,0.0
2025-06-17 04:00:00,0.0
2025-06-17 05:00:00,0.0
2025-06-17 06:00:00,0.0
2025-06-17 07:00:00,115.57
2025-06-17 08:00:00,311.05
2025-06-17 09:00:00,493.98
2025-06-17 10:00:00,627.72
2025-06-17 11:00:00,700.38
2025-06-17 12:00:00,712.72
2025-06-17 13:00:00,652.45
2025-06-17 14:00:00,529.92
2025-06-17 15:00:00,356.38
2025-06-17 16:00:00,156.73
2025-06-17 17:00:00,9.77
2025-06-17 18:00:00,0.0
2025-06-17 19:00:00,0.0
2025-06-17 20:00:00,0.0
2025-06-17 21:00:00,0.0
2025-06-17 22:00:00,0.0
2025-06-17 23:00:00,0.0
2025-06-18 00:00:00,0.0
2025-06-18 01:00:00,0.0
2025-06-18 02:00:00,0.0
2025-06-18 03:00:00,0.0
2025-06-18 04:00:00,0.0
2025-06-18 05:00:00,0.0
2025-06-18 06:00:00,0.0
2025-06-18 07:00:00,102.43
2025-06-18 08:00:00,284.83
2025-06-18 09:00:00,466.9
2025-06-18 10:00:00,611.05
2025-06-18 11:00:00,686.88
2025-06-18 12:00:00,684.05
2025-06-18 13:00:00,618.58
2025-06-18 14:00:00,506.42
2025-06-18 15:00:00,328.92
2025-06-18 16:00:00,143.2
2025-06-18 17:00:00,9.0
2025-06-18 18:00:00,0.0
2025-06-18 19:00:00,0.0
2025-06-18 20:00:00,0.0
2025-06-18 21:00:00,0.0
2025-06-18 22:00:00,0.0
2025-06-18 23:00:00,0.0
2025-06-19 00:00:00,0.0
2025-06-19 01:00:00,0.0
2025-06-19 02:00:00,0.0
2025-06-19 03:00:00,0.0
2025-06-19 04:00:00,0.0
2025-06-19 05:00:00,0.0
2025-06-19 06:00:00,0.0
2025-06-19 07:00:00,98.4
2025-06-19 08:00:00,276.55
2025-06-19 09:00:00,458.52
2025-06-19 10:00:00,597.9
2025-06-19 11:00:00,671.75
2025-06-19 12:00:00,609.75
2025-06-19 13:00:00,493.0
2025-06-19 14:00:00,387.02
2025-06-19 15:00:00,223.82
2025-06-19 16:00:00,99.07
2025-06-19 17:00:00,7.1
2025-06-19 18:00:00,0.0
2025-06-19 19:00:00,0.0
2025-06-19 20:00:00,0.0
2025-06-19 21:00:00,0.0
2025-06-19 22:00:00,0.0
2025-06-19 23:00:00,0.0
2025-06-20 00:00:00,0.0
2025-06-20 01:00:00,0.0
2025-06-20 02:00:00,0.0
2025-06-20 03:00:00,0.0
2025-06-20 04:00:00,0.0
2025-06-20 05:00:00,0.0
2025-06-20 06:00:00,0.0
2025-06-20 07:00:00,97.62
2025-06-20 08:00:00,276.33
2025-06-20 09:00:00,449.23
2025-06-20 10:00:00,559.72
2025-06-20 11:00:00,649.85
2025-06-20 12:00:00,553.42
2025-06-20 13:00:00,430.7
2025-06-20 14:00:00,368.25
2025-06-20 15:00:00,230.68
2025-06-20 16:00:00,93.47
2025-06-20 17:00:00,6.1
2025-06-20 18:00:00,0.0
2025-06-20 19:00:00,0.0
2025-06-20 20:00:00,0.0
2025-06-20 21:00:00,0.0
2025-06-20 22:00:00,0.0
2025-06-20 23:00:00,0.0
2025-06-21 00:00:00,0.0
2025-06-21 01:00:00,0.0
2025-06-21 02:00:00,0.0
2025-06-21 03:00:00,0.0
2025-06-21 04:00:00,0.0
2025-06-21 05:00:00,0.0
2025-06-21 06:00:00,0.0
2025-06-21 07:00:00,85.97
2025-06-21 08:00:00,242.52
2025-06-21 09:00:00,398.23
2025-06-21 10:00:00,530.7
2025-06-21 11:00:00,607.67
2025-06-21 12:00:00,597.67
2025-06-21 13:00:00,511.02
2025-06-21 14:00:00,386.12
2025-06-21 15:00:00,244.12
2025-06-21 16:00:00,100.32
2025-06-21 17:00:00,6.43
2025-06-21 18:00:00,0.0
2025-06-21 19:00:00,0.0
2025-06-21 20:00:00,0.0
2025-06-21 21:00:00,0.0
2025-06-21 22:00:00,0.0
2025-06-21 23:00:00,0.0
2025-06-22 00:00:00,0.0
2025-06-22 01:00:00,0.0
2025-06-22 02:00:00,0.0
2025-06-22 03:00:00,0.0
2025-06-22 04:00:00,0.0
2025-06-22 05:00:00,0.0
2025-06-22 06:00:00,0.0
2025-06-22 07:00:00,68.62
2025-06-22 08:00:00,191.07
2025-06-22 09:00:00,324.58
2025-06-22 10:00:00,419.23
2025-06-22 11:00:00,496.1
2025-06-22 12:00:00,545.05
2025-06-22 13:00:00,536.9
2025-06-22 14:00:00,396.45
2025-06-22 15:00:00,253.5
2025-06-22 16:00:00,104.18
2025-06-22 17:00:00,7.38
2025-06-22 18:00:00,0.0
2025-06-22 19:00:00,0.0
2025-06-22 20:00:00,0.0
2025-06-22 21:00:00,0.0
2025-06-22 22:00:00,0.0
2025-06-22 23:00:00,0.0
2025-06-23 00:00:00,0.0
2025-06-23 01:00:00,0.0
2025-06-23 02:00:00,0.0
2025-06-23 03:00:00,0.0
2025-06-23 04:00:00,0.0
2025-06-23 05:00:00,0.0
2025-06-23 06:00:00,0.0
2025-06-23 07:00:00,78.75
2025-06-23 08:00:00,219.75
2025-06-23 09:00:00,376.58
2025-06-23 10:00:00,497.67
2025-06-23 11:00:00,608.65
2025-06-23 12:00:00,585.05
2025-06-23 13:00:00,454.17
2025-06-23 14:00:00,254.18
2025-06-23 15:00:00,171.35
2025-06-23 16:00:00,67.82
2025-06-23 17:00:00,3.4
2025-06-23 18:00:00,0.0
2025-06-23 19:00:00,0.0
2025-06-23 20:00:00,0.0
2025-06-23 21:00:00,0.0
2025-06-23 22:00:00,0.0
2025-06-23 23:00:00,0.0
2025-06-24 00:00:00,0.0
2025-06-24 01:00:00,0.0
2025-06-24 02:00:00,0.0
2025-06-24 03:00:00,0.0
2025-06-24 04:00:00,0.0
2025-06-24 05:00:00,0.0
2025-06-24 06:00:00,0.0
2025-06-24 07:00:00,22.48
2025-06-24 08:00:00,54.85
2025-06-24 09:00:00,84.88
2025-06-24 10:00:00,145.5
2025-06-24 11:00:00,217.65
2025-06-24 12:00:00,406.62
2025-06-24 13:00:00,524.33
2025-06-24 14:00:00,403.23
2025-06-24 15:00:00,283.7
2025-06-24 16:00:00,137.65
2025-06-24 17:00:00,11.25
2025-06-24 18:00:00,0.0
2025-06-24 19:00:00,0.0
2025-06-24 20:00:00,0.0
2025-06-24 21:00:00,0.0
2025-06-24 22:00:00,0.0
2025-06-24 23:00:00,0.0
2025-06-25 00:00:00,0.0
2025-06-25 01:00:00,0.0
2025-06-25 02:00:00,0.0
2025-06-25 03:00:00,0.0
2025-06-25 04:00:00,0.0
2025-06-25 05:00:00,0.0
2025-06-25 06:00:00,0.0
2025-06-25 07:00:00,116.32
2025-06-25 08:00:00,320.02
2025-06-25 09:00:00,508.5
2025-06-25 10:00:00,643.38
2025-06-25 11:00:00,717.03
2025-06-25 12:00:00,730.17
2025-06-25 13:00:00,670.08
2025-06-25 14:00:00,545.55
2025-06-25 15:00:00,370.6
2025-06-25 16:00:00,165.07
2025-06-25 17:00:00,11.23
2025-06-25 18:00:00,0.0
2025-06-25 19:00:00,0.0
2025-06-25 20:00:00,0.0
2025-06-25 21:00:00,0.0
2025-06-25 22:00:00,0.0
2025-06-25 23:00:00,0.0
2025-06-26 00:00:00,0.0
2025-06-26 01:00:00,0.0
2025-06-26 02:00:00,0.0
2025-06-26 03:00:00,0.0
2025-06-26 04:00:00,0.0
2025-06-26 05:00:00,0.0
2025-06-26 06:00:00,0.0
2025-06-26 07:00:00,71.82
2025-06-26 08:00:00,192.05
2025-06-26 09:00:00,321.2
2025-06-26 10:00:00,448.7
2025-06-26 11:00:00,597.53
2025-06-26 12:00:00,692.95
2025-06-26 13:00:00,644.33
2025-06-26 14:00:00,526.58
2025-06-26 15:00:00,356.45
2025-06-26 16:00:00,159.05
2025-06-26 17:00:00,10.9
2025-06-26 18:00:00,0.0
2025-06-26 19:00:00,0.0
2025-06-26 20:00:00,0.0
2025-06-26 21:00:00,0.0
2025-06-26 22:00:00,0.0
2025-06-26 23:00:00,0.0
2025-06-27 00:00:00,0.0
2025-06-27 01:00:00,0.0
2025-06-27 02:00:00,0.0
2025-06-27 03:00:00,0.0
2025-06-27 04:00:00,0.0
2025-06-27 05:00:00,0.0
2025-06-27 06:00:00,0.0
2025-06-27 07:00:00,82.97
2025-06-27 08:00:00,238.6
2025-06-27 09:00:00,394.05
2025-06-27 10:00:00,573.9
2025-06-27 11:00:00,646.65
2025-06-27 12:00:00,633.83
2025-06-27 13:00:00,555.12
2025-06-27 14:00:00,383.15
2025-06-27 15:00:00,236.6
2025-06-27 16:00:00,104.38
2025-06-27 17:00:00,8.23
2025-06-27 18:00:00,0.0
2025-06-27 19:00:00,0.0
2025-06-27 20:00:00,0.0
2025-06-27 21:00:00,0.0
2025-06-27 22:00:00,0.0
2025-06-27 23:00:00,0.0
2025-06-28 00:00:00,0.0
2025-06-28 01:00:00,0.0
2025-06-28 02:00:00,0.0
2025-06-28 03:00:00,0.0
2025-06-28 04:00:00,0.0
2025-06-28 05:00:00,0.0
2025-06-28 06:00:00,0.0
2025-06-28 07:00:00,91.65
2025-06-28 08:00:00,266.45
2025-06-28 09:00:00,443.9
2025-06-28 10:00:00,589.85
2025-06-28 11:00:00,667.8
2025-06-28 12:00:00,697.8
2025-06-28 13:00:00,642.38
2025-06-28 14:00:00,525.92
2025-06-28 15:00:00,358.45
2025-06-28 16:00:00,162.25
2025-06-28 17:00:00,11.62
2025-06-28 18:00:00,0.0
2025-06-28 19:00:00,0.0
2025-06-28 20:00:00,0.0
2025-06-28 21:00:00,0.0
2025-06-28 22:00:00,0.0
2025-06-28 23:00:00,0.0
2025-06-29 00:00:00,0.0
2025-06-29 01:00:00,0.0
2025-06-29 02:00:00,0.0
2025-06-29 03:00:00,0.0
2025-06-29 04:00:00,0.0
2025-06-29 05:00:00,0.0
2025-06-29 06:00:00,0.0
2025-06-29 07:00:00,101.1
2025-06-29 08:00:00,292.23
2025-06-29 09:00:00,471.02
2025-06-29 10:00:00,605.4
2025-06-29 11:00:00,681.67
2025-06-29 12:00:00,702.1
2025-06-29 13:00:00,644.22
2025-06-29 14:00:00,509.7
2025-06-29 15:00:00,345.05
2025-06-29 16:00:00,160.15
2025-06-29 17:00:00,11.77
2025-06-29 18:00:00,0.0
2025-06-29 19:00:00,0.0
2025-06-29 20:00:00,0.0
2025-06-29 21:00:00,0.0
2025-06-29 22:00:00,0.0
2025-06-29 23:00:00,0.0
2025-06-30 00:00:00,0.0
2025-06-30 01:00:00,0.0
2025-06-30 02:00:00,0.0
2025-06-30 03:00:00,0.0
2025-06-30 04:00:00,0.0
2025-06-30 05:00:00,0.0
2025-06-30 06:00:00,0.0
2025-06-30 07:00:00,90.35
2025-06-30 08:00:00,270.02
2025-06-30 09:00:00,449.85
2025-06-30 10:00:00,586.28
2025-06-30 11:00:00,664.85
2025-06-30 12:00:00,675.67
2025-06-30 13:00:00,596.67
2025-06-30 14:00:00,486.05
2025-06-30 15:00:00,316.52
2025-06-30 16:00:00,144.38
2025-06-30 17:00:00,11.0
2025-06-30 18:00:00,0.0
2025-06-30 19:00:00,0.0
2025-06-30 20:00:00,0.0
2025-06-30 21:00:00,0.0
2025-06-30 22:00:00,0.0
2025-06-30 23:00:00,0.0
2025-07-01 00:00:00,0.0
2025-07-01 01:00:00,0.0
2025-07-01 02:00:00,0.0
2025-07-01 03:00:00,0.0
2025-07-01 04:00:00,0.0
2025-07-01 05:00:00,0.0
2025-07-01 06:00:00,0.0
2025-07-01 07:00:00,66.0
2025-07-01 08:00:00,220.95
2025-07-01 09:00:00,379.17
2025-07-01 10:00:00,559.9
2025-07-01 11:00:00,652.22
2025-07-01 12:00:00,681.7
2025-07-01 13:00:00,591.97
2025-07-01 14:00:00,476.8
2025-07-01 15:00:00,320.23
2025-07-01 16:00:00,144.32
2025-07-01 17:00:00,11.2
2025-07-01 18:00:00,0.0
2025-07-01 19:00:00,0.0
2025-07-01 20:00:00,0.0
2025-07-01 21:00:00,0.0
2025-07-01 22:00:00,0.0
2025-07-01 23:00:00,0.0
2025-07-02 00:00:00,0.0
2025-07-02 01:00:00,0.0
2025-07-02 02:00:00,0.0
2025-07-02 03:00:00,0.0
2025-07-02 04:00:00,0.0
2025-07-02 05:00:00,0.0
2025-07-02 06:00:00,0.0
2025-07-02 07:00:00,85.12
2025-07-02 08:00:00,237.62
2025-07-02 09:00:00,391.25
2025-07-02 10:00:00,559.0
2025-07-02 11:00:00,654.62
2025-07-02 12:00:00,665.88
2025-07-02 13:00:00,604.12
2025-07-02 14:00:00,470.2
2025-07-02 15:00:00,306.33
2025-07-02 16:00:00,133.23
2025-07-02 17:00:00,9.27
2025-07-02 18:00:00,0.0
2025-07-02 19:00:00,0.0
2025-07-02 20:00:00,0.0
2025-07-02 21:00:00,0.0
2025-07-02 22:00:00,0.0
2025-07-02 23:00:00,0.0
2025-07-03 00:00:00,0.0
2025-07-03 01:00:00,0.0
2025-07-03 02:00:00,0.0
2025-07-03 03:00:00,0.0
2025-07-03 04:00:00,0.0
2025-07-03 05:00:00,0.0
2025-07-03 06:00:00,0.0
2025-07-03 07:00:00,54.08
2025-07-03 08:00:00,182.85
2025-07-03 09:00:00,314.62
2025-07-03 10:00:00,465.38
2025-07-03 11:00:00,613.92
2025-07-03 12:00:00,681.33
2025-07-03 13:00:00,587.65
2025-07-03 14:00:00,445.33
2025-07-03 15:00:00,300.83
2025-07-03 16:00:00,134.18
2025-07-03 17:00:00,10.18
2025-07-03 18:00:00,0.0
2025-07-03 19:00:00,0.0
2025-07-03 20:00:00,0.0
2025-07-03 21:00:00,0.0
2025-07-03 22:00:00,0.0
2025-07-03 23:00:00,0.0
2025-07-04 00:00:00,0.0
2025-07-04 01:00:00,0.0
2025-07-04 02:00:00,0.0
2025-07-04 03:00:00,0.0
2025-07-04 04:00:00,0.0
2025-07-04 05:00:00,0.0
2025-07-04 06:00:00,0.0
2025-07-04 07:00:00,66.95
2025-07-04 08:00:00,200.85
2025-07-04 09:00:00,353.38
2025-07-04 10:00:00,465.88
2025-07-04 11:00:00,572.08
2025-07-04 12:00:00,635.35
2025-07-04 13:00:00,607.17
2025-07-04 14:00:00,444.85
2025-07-04 15:00:00,295.65
2025-07-04 16:00:00,132.05
2025-07-04 17:00:00,10.7
2025-07-04 18:00:00,0.0
2025-07-04 19:00:00,0.0
2025-07-04 20:00:00,0.0
2025-07-04 21:00:00,0.0
2025-07-04 22:00:00,0.0
2025-07-04 23:00:00,0.0
2025-07-05 00:00:00,0.0
2025-07-05 01:00:00,0.0
2025-07-05 02:00:00,0.0
2025-07-05 03:00:00,0.0
2025-07-05 04:00:00,0.0
2025-07-05 05:00:00,0.0
2025-07-05 06:00:00,0.0
2025-07-05 07:00:00,95.95
2025-07-05 08:00:00,278.25
2025-07-05 09:00:00,454.4
2025-07-05 10:00:00,595.42
2025-07-05 11:00:00,650.5
2025-07-05 12:00:00,636.7
2025-07-05 13:00:00,588.6
2025-07-05 14:00:00,473.27
2025-07-05 15:00:00,312.55
2025-07-05 16:00:00,140.45
2025-07-05 17:00:00,12.7
2025-07-05 18:00:00,0.0
2025-07-05 19:00:00,0.0
2025-07-05 20:00:00,0.0
2025-07-05 21:00:00,0.0
2025-07-05 22:00:00,0.0
2025-07-05 23:00:00,0.0
2025-07-06 00:00:00,0.0
2025-07-06 01:00:00,0.0
2025-07-06 02:00:00,0.0
2025-07-06 03:00:00,0.0
2025-07-06 04:00:00,0.0
2025-07-06 05:00:00,0.0
2025-07-06 06:00:00,0.0
2025-07-06 07:00:00,89.28
2025-07-06 08:00:00,256.75
2025-07-06 09:00:00,450.35
2025-07-06 10:00:00,602.33
2025-07-06 11:00:00,685.67
2025-07-06 12:00:00,732.6
2025-07-06 13:00:00,667.35
2025-07-06 14:00:00,548.78
2025-07-06 15:00:00,368.23
2025-07-06 16:00:00,165.05
2025-07-06 17:00:00,13.7
2025-07-06 18:00:00,0.0
2025-07-06 19:00:00,0.0
2025-07-06 20:00:00,0.0
2025-07-06 21:00:00,0.0
2025-07-06 22:00:00,0.0
2025-07-06 23:00:00,0.0
2025-07-07 00:00:00,0.0
2025-07-07 01:00:00,0.0
2025-07-07 02:00:00,0.0
2025-07-07 03:00:00,0.0
2025-07-07 04:00:00,0.0
2025-07-07 05:00:00,0.0
2025-07-07 06:00:00,0.0
2025-07-07 07:00:00,93.88
2025-07-07 08:00:00,281.6
2025-07-07 09:00:00,469.12
2025-07-07 10:00:00,610.6
2025-07-07 11:00:00,692.5
2025-07-07 12:00:00,725.2
2025-07-07 13:00:00,665.75
2025-07-07 14:00:00,545.92
2025-07-07 15:00:00,366.02
2025-07-07 16:00:00,165.0
2025-07-07 17:00:00,13.45
2025-07-07 18:00:00,0.0
2025-07-07 19:00:00,0.0
2025-07-07 20:00:00,0.0
2025-07-07 21:00:00,0.0
2025-07-07 22:00:00,0.0
2025-07-07 23:00:00,0.0
2025-07-08 00:00:00,0.0
2025-07-08 01:00:00,0.0
2025-07-08 02:00:00,0.0
2025-07-08 03:00:00,0.0
2025-07-08 04:00:00,0.0
2025-07-08 05:00:00,0.0
2025-07-08 06:00:00,0.0
2025-07-08 07:00:00,92.05
2025-07-08 08:00:00,269.48
2025-07-08 09:00:00,449.05
2025-07-08 10:00:00,583.3
2025-07-08 11:00:00,668.92
2025-07-08 12:00:00,671.9
2025-07-08 13:00:00,550.7
2025-07-08 14:00:00,482.92
2025-07-08 15:00:00,326.05
2025-07-08 16:00:00,150.9
2025-07-08 17:00:00,13.12
2025-07-08 18:00:00,0.0
2025-07-08 19:00:00,0.0
2025-07-08 20:00:00,0.0
2025-07-08 21:00:00,0.0
2025-07-08 22:00:00,0.0
2025-07-08 23:00:00,0.0
2025-07-09 00:00:00,0.0
2025-07-09 01:00:00,0.0
2025-07-09 02:00:00,0.0
2025-07-09 03:00:00,0.0
2025-07-09 04:00:00,0.0
2025-07-09 05:00:00,0.0
2025-07-09 06:00:00,0.0
2025-07-09 07:00:00,75.03
2025-07-09 08:00:00,223.35
2025-07-09 09:00:00,413.52
2025-07-09 10:00:00,552.6
2025-07-09 11:00:00,596.65
2025-07-09 12:00:00,611.7
2025-07-09 13:00:00,613.9
2025-07-09 14:00:00,531.65
2025-07-09 15:00:00,363.12
2025-07-09 16:00:00,170.12
2025-07-09 17:00:00,15.23
2025-07-09 18:00:00,0.0
2025-07-09 19:00:00,0.0
2025-07-09 20:00:00,0.0
2025-07-09 21:00:00,0.0
2025-07-09 22:00:00,0.0
2025-07-09 23:00:00,0.0
2025-07-10 00:00:00,0.0
2025-07-10 01:00:00,0.0
2025-07-10 02:00:00,0.0
2025-07-10 03:00:00,0.0
2025-07-10 04:00:00,0.0
2025-07-10 05:00:00,0.0
2025-07-10 06:00:00,0.0
2025-07-10 07:00:00,92.47
2025-07-10 08:00:00,280.95
2025-07-10 09:00:00,469.23
2025-07-10 10:00:00,608.92
2025-07-10 11:00:00,644.05
2025-07-10 12:00:00,632.72
2025-07-10 13:00:00,549.9
2025-07-10 14:00:00,431.33
2025-07-10 15:00:00,270.62
2025-07-10 16:00:00,116.53
2025-07-10 17:00:00,9.52
2025-07-10 18:00:00,0.0
2025-07-10 19:00:00,0.0
2025-07-10 20:00:00,0.0
2025-07-10 21:00:00,0.0
2025-07-10 22:00:00,0.0
2025-07-10 23:00:00,0.0
2025-07-11 00:00:00,0.0
2025-07-11 01:00:00,0.0
2025-07-11 02:00:00,0.0
2025-07-11 03:00:00,0.0
2025-07-11 04:00:00,0.0
2025-07-11 05:00:00,0.0
2025-07-11 06:00:00,0.0
2025-07-11 07:00:00,89.0
2025-07-11 08:00:00,272.15
2025-07-11 09:00:00,456.6
2025-07-11 10:00:00,553.53
2025-07-11 11:00:00,536.1
2025-07-11 12:00:00,506.4
2025-07-11 13:00:00,445.48
2025-07-11 14:00:00,355.83
2025-07-11 15:00:00,209.8
2025-07-11 16:00:00,85.78
2025-07-11 17:00:00,7.38
2025-07-11 18:00:00,0.0
2025-07-11 19:00:00,0.0
2025-07-11 20:00:00,0.0
2025-07-11 21:00:00,0.0
2025-07-11 22:00:00,0.0
2025-07-11 23:00:00,0.0
2025-07-12 00:00:00,0.0
2025-07-12 01:00:00,0.0
2025-07-12 02:00:00,0.0
2025-07-12 03:00:00,0.0
2025-07-12 04:00:00,0.0
2025-07-12 05:00:00,0.0
2025-07-12 06:00:00,0.0
2025-07-12 07:00:00,54.1
2025-07-12 08:00:00,148.62
2025-07-12 09:00:00,228.68
2025-07-12 10:00:00,342.6
2025-07-12 11:00:00,439.45
2025-07-12 12:00:00,477.23
2025-07-12 13:00:00,394.25
2025-07-12 14:00:00,285.17
2025-07-12 15:00:00,168.07
2025-07-12 16:00:00,78.55
2025-07-12 17:00:00,8.52
2025-07-12 18:00:00,0.0
2025-07-12 19:00:00,0.0
2025-07-12 20:00:00,0.0
2025-07-12 21:00:00,0.0
2025-07-12 22:00:00,0.0
2025-07-12 23:00:00,0.0
2025-07-13 00:00:00,0.0
2025-07-13 01:00:00,0.0
2025-07-13 02:00:00,0.0
2025-07-13 03:00:00,0.0
2025-07-13 04:00:00,0.0
2025-07-13 05:00:00,0.0
2025-07-13 06:00:00,0.0
2025-07-13 07:00:00,54.92
2025-07-13 08:00:00,165.9
2025-07-13 09:00:00,291.67
2025-07-13 10:00:00,417.8
2025-07-13 11:00:00,474.55
2025-07-13 12:00:00,516.2
2025-07-13 13:00:00,496.83
2025-07-13 14:00:00,328.8
2025-07-13 15:00:00,214.75
2025-07-13 16:00:00,101.82
2025-07-13 17:00:00,9.43
2025-07-13 18:00:00,0.0
2025-07-13 19:00:00,0.0
2025-07-13 20:00:00,0.0
2025-07-13 21:00:00,0.0
2025-07-13 22:00:00,0.0
2025-07-13 23:00:00,0.0
2025-07-14 00:00:00,0.0
2025-07-14 01:00:00,0.0
2025-07-14 02:00:00,0.0
2025-07-14 03:00:00,0.0
2025-07-14 04:00:00,0.0
2025-07-14 05:00:00,0.0
2025-07-14 06:00:00,0.0
2025-07-14 07:00:00,79.53
2025-07-14 08:00:00,234.02
2025-07-14 09:00:00,391.88
2025-07-14 10:00:00,506.48
2025-07-14 11:00:00,575.22
2025-07-14 12:00:00,567.38
2025-07-14 13:00:00,435.65
2025-07-14 14:00:00,356.25
2025-07-14 15:00:00,251.25
2025-07-14 16:00:00,119.55
2025-07-14 17:00:00,12.07
2025-07-14 18:00:00,0.0
2025-07-14 19:00:00,0.0
2025-07-14 20:00:00,0.0
2025-07-14 21:00:00,0.0
2025-07-14 22:00:00,0.0
2025-07-14 23:00:00,0.0
2025-07-15 00:00:00,0.0
2025-07-15 01:00:00,0.0
2025-07-15 02:00:00,0.0
2025-07-15 03:00:00,0.0
2025-07-15 04:00:00,0.0
2025-07-15 05:00:00,0.0
2025-07-15 06:00:00,0.0
2025-07-15 07:00:00,102.1
2025-07-15 08:00:00,291.15
2025-07-15 09:00:00,471.42
2025-07-15 10:00:00,629.0
2025-07-15 11:00:00,716.95
2025-07-15 12:00:00,705.9
2025-07-15 13:00:00,624.2
2025-07-15 14:00:00,459.83
2025-07-15 15:00:00,334.3
2025-07-15 16:00:00,170.65
2025-07-15 17:00:00,18.17
2025-07-15 18:00:00,0.0
2025-07-15 19:00:00,0.0
2025-07-15 20:00:00,0.0
2025-07-15 21:00:00,0.0
2025-07-15 22:00:00,0.0
2025-07-15 23:00:00,0.0
2025-07-16 00:00:00,0.0
2025-07-16 01:00:00,0.0
2025-07-16 02:00:00,0.0
2025-07-16 03:00:00,0.0
2025-07-16 04:00:00,0.0
2025-07-16 05:00:00,0.0
2025-07-16 06:00:00,0.0
2025-07-16 07:00:00,108.22
2025-07-16 08:00:00,307.1
2025-07-16 09:00:00,495.0
2025-07-16 10:00:00,637.22
2025-07-16 11:00:00,719.62
2025-07-16 12:00:00,744.8
2025-07-16 13:00:00,690.08
2025-07-16 14:00:00,570.42
2025-07-16 15:00:00,397.58
2025-07-16 16:00:00,192.48
2025-07-16 17:00:00,19.38
2025-07-16 18:00:00,0.0
2025-07-16 19:00:00,0.0
2025-07-16 20:00:00,0.0
2025-07-16 21:00:00,0.0
2025-07-16 22:00:00,0.0
2025-07-16 23:00:00,0.0
2025-07-17 00:00:00,0.0
2025-07-17 01:00:00,0.0
2025-07-17 02:00:00,0.0
2025-07-17 03:00:00,0.0
2025-07-17 04:00:00,0.0
2025-07-17 05:00:00,0.0
2025-07-17 06:00:00,0.0
2025-07-17 07:00:00,110.47
2025-07-17 08:00:00,309.73
2025-07-17 09:00:00,501.5
2025-07-17 10:00:00,628.33
2025-07-17 11:00:00,690.65
2025-07-17 12:00:00,671.5
2025-07-17 13:00:00,661.67
2025-07-17 14:00:00,530.35
2025-07-17 15:00:00,367.7
2025-07-17 16:00:00,175.6
2025-07-17 17:00:00,18.2
2025-07-17 18:00:00,0.0
2025-07-17 19:00:00,0.0
2025-07-17 20:00:00,0.0
2025-07-17 21:00:00,0.0
2025-07-17 22:00:00,0.0
2025-07-17 23:00:00,0.0
2025-07-18 00:00:00,0.0
2025-07-18 01:00:00,0.0
2025-07-18 02:00:00,0.0
2025-07-18 03:00:00,0.0
2025-07-18 04:00:00,0.0
2025-07-18 05:00:00,0.0
2025-07-18 06:00:00,0.0
2025-07-18 07:00:00,106.2
2025-07-18 08:00:00,302.7
2025-07-18 09:00:00,489.2
2025-07-18 10:00:00,631.88
2025-07-18 11:00:00,662.0
2025-07-18 12:00:00,688.42
2025-07-18 13:00:00,651.62
2025-07-18 14:00:00,532.08
2025-07-18 15:00:00,367.33
2025-07-18 16:00:00,177.18
2025-07-18 17:00:00,18.52
2025-07-18 18:00:00,0.0
2025-07-18 19:00:00,0.0
2025-07-18 20:00:00,0.0
2025-07-18 21:00:00,0.0
2025-07-18 22:00:00,0.0
2025-07-18 23:00:00,0.0
2025-07-19 00:00:00,0.0
2025-07-19 01:00:00,0.0
2025-07-19 02:00:00,0.0
2025-07-19 03:00:00,0.0
2025-07-19 04:00:00,0.0
2025-07-19 05:00:00,0.0
2025-07-19 06:00:00,0.0
2025-07-19 07:00:00,104.4
2025-07-19 08:00:00,293.45
2025-07-19 09:00:00,481.4
2025-07-19 10:00:00,626.58
2025-07-19 11:00:00,710.12
2025-07-19 12:00:00,737.8
2025-07-19 13:00:00,694.35
2025-07-19 14:00:00,576.53
2025-07-19 15:00:00,403.05
2025-07-19 16:00:00,197.9
2025-07-19 17:00:00,21.17
2025-07-19 18:00:00,0.0
2025-07-19 19:00:00,0.0
2025-07-19 20:00:00,0.0
2025-07-19 21:00:00,0.0
2025-07-19 22:00:00,0.0
2025-07-19 23:00:00,0.0
2025-07-20 00:00:00,0.0
2025-07-20 01:00:00,0.0
2025-07-20 02:00:00,0.0
2025-07-20 03:00:00,0.0
2025-07-20 04:00:00,0.0
2025-07-20 05:00:00,0.0
2025-07-20 06:00:00,0.0
2025-07-20 07:00:00,107.35
2025-07-20 08:00:00,302.2
2025-07-20 09:00:00,490.83
2025-07-20 10:00:00,633.05
2025-07-20 11:00:00,694.55
2025-07-20 12:00:00,700.38
2025-07-20 13:00:00,548.38
2025-07-20 14:00:00,516.65
2025-07-20 15:00:00,358.95
2025-07-20 16:00:00,175.25
2025-07-20 17:00:00,19.8
2025-07-20 18:00:00,0.0
2025-07-20 19:00:00,0.0
2025-07-20 20:00:00,0.0
2025-07-20 21:00:00,0.0
2025-07-20 22:00:00,0.0
2025-07-20 23:00:00,0.0
2025-07-21 00:00:00,0.0
2025-07-21 01:00:00,0.0
2025-07-21 02:00:00,0.0
2025-07-21 03:00:00,0.0
2025-07-21 04:00:00,0.0
2025-07-21 05:00:00,0.0
2025-07-21 06:00:00,0.0
2025-07-21 07:00:00,99.07
2025-07-21 08:00:00,291.77
2025-07-21 09:00:00,485.7
2025-07-21 10:00:00,623.08
2025-07-21 11:00:00,699.88
2025-07-21 12:00:00,725.67
2025-07-21 13:00:00,631.75
2025-07-21 14:00:00,531.6
2025-07-21 15:00:00,354.5
2025-07-21 16:00:00,172.82
2025-07-21 17:00:00,19.08
2025-07-21 18:00:00,0.0
2025-07-21 19:00:00,0.0
2025-07-21 20:00:00,0.0
2025-07-21 21:00:00,0.0
2025-07-21 22:00:00,0.0
2025-07-21 23:00:00,0.0
2025-07-22 00:00:00,0.0
2025-07-22 01:00:00,0.0
2025-07-22 02:00:00,0.0
2025-07-22 03:00:00,0.0
2025-07-22 04:00:00,0.0
2025-07-22 05:00:00,0.0
2025-07-22 06:00:00,0.0
2025-07-22 07:00:00,103.0
2025-07-22 08:00:00,290.88
2025-07-22 09:00:00,481.75
2025-07-22 10:00:00,613.88
2025-07-22 11:00:00,681.9
2025-07-22 12:00:00,644.67
2025-07-22 13:00:00,580.47
2025-07-22 14:00:00,478.27
2025-07-22 15:00:00,318.85
2025-07-22 16:00:00,161.35
2025-07-22 17:00:00,18.83
2025-07-22 18:00:00,0.0
2025-07-22 19:00:00,0.0
2025-07-22 20:00:00,0.0
2025-07-22 21:00:00,0.0
2025-07-22 22:00:00,0.0
2025-07-22 23:00:00,0.0
2025-07-23 00:00:00,0.0
2025-07-23 01:00:00,0.0
2025-07-23 02:00:00,0.0
2025-07-23 03:00:00,0.0
2025-07-23 04:00:00,0.0
2025-07-23 05:00:00,0.0
2025-07-23 06:00:00,0.0
2025-07-23 07:00:00,109.93
2025-07-23 08:00:00,302.62
2025-07-23 09:00:00,494.62
2025-07-23 10:00:00,639.3
2025-07-23 11:00:00,699.83
2025-07-23 12:00:00,704.53
2025-07-23 13:00:00,635.6
2025-07-23 14:00:00,538.58
2025-07-23 15:00:00,372.33
2025-07-23 16:00:00,184.88
2025-07-23 17:00:00,21.25
2025-07-23 18:00:00,0.0
2025-07-23 19:00:00,0.0
2025-07-23 20:00:00,0.0
2025-07-23 21:00:00,0.0
2025-07-23 22:00:00,0.0
2025-07-23 23:00:00,0.0
2025-07-24 00:00:00,0.0
2025-07-24 01:00:00,0.0
2025-07-24 02:00:00,0.0
2025-07-24 03:00:00,0.0
2025-07-24 04:00:00,0.0
2025-07-24 05:00:00,0.0
2025-07-24 06:00:00,0.0
2025-07-24 07:00:00,106.75
2025-07-24 08:00:00,294.42
2025-07-24 09:00:00,481.65
2025-07-24 10:00:00,618.4
2025-07-24 11:00:00,710.12
2025-07-24 12:00:00,737.55
2025-07-24 13:00:00,676.28
2025-07-24 14:00:00,531.72
2025-07-24 15:00:00,356.45
2025-07-24 16:00:00,177.98
2025-07-24 17:00:00,20.42
2025-07-24 18:00:00,0.0
2025-07-24 19:00:00,0.0
2025-07-24 20:00:00,0.0
2025-07-24 21:00:00,0.0
2025-07-24 22:00:00,0.0
2025-07-24 23:00:00,0.0
2025-07-25 00:00:00,0.0
2025-07-25 01:00:00,0.0
2025-07-25 02:00:00,0.0
2025-07-25 03:00:00,0.0
2025-07-25 04:00:00,0.0
2025-07-25 05:00:00,0.0
2025-07-25 06:00:00,0.0
2025-07-25 07:00:00,82.95
2025-07-25 08:00:00,226.85
2025-07-25 09:00:00,396.62
2025-07-25 10:00:00,595.7
2025-07-25 11:00:00,666.05
2025-07-25 12:00:00,617.7
2025-07-25 13:00:00,467.7
2025-07-25 14:00:00,261.08
2025-07-25 15:00:00,208.27
2025-07-25 16:00:00,121.8
2025-07-25 17:00:00,17.7
2025-07-25 18:00:00,0.0
2025-07-25 19:00:00,0.0
2025-07-25 20:00:00,0.0
2025-07-25 21:00:00,0.0
2025-07-25 22:00:00,0.0
2025-07-25 23:00:00,0.0
2025-07-26 00:00:00,0.0
2025-07-26 01:00:00,0.0
2025-07-26 02:00:00,0.0
2025-07-26 03:00:00,0.0
2025-07-26 04:00:00,0.0
2025-07-26 05:00:00,0.0
2025-07-26 06:00:00,0.0
2025-07-26 07:00:00,103.68
2025-07-26 08:00:00,280.17
2025-07-26 09:00:00,468.98
2025-07-26 10:00:00,626.45
2025-07-26 11:00:00,742.47
2025-07-26 12:00:00,766.38
2025-07-26 13:00:00,707.75
2025-07-26 14:00:00,585.22
2025-07-26 15:00:00,412.0
2025-07-26 16:00:00,209.05
2025-07-26 17:00:00,25.92
2025-07-26 18:00:00,0.0
2025-07-26 19:00:00,0.0
2025-07-26 20:00:00,0.0
2025-07-26 21:00:00,0.0
2025-07-26 22:00:00,0.0
2025-07-26 23:00:00,0.0
2025-07-27 00:00:00,0.0
2025-07-27 01:00:00,0.0
2025-07-27 02:00:00,0.0
2025-07-27 03:00:00,0.0
2025-07-27 04:00:00,0.0
2025-07-27 05:00:00,0.0
2025-07-27 06:00:00,0.0
2025-07-27 07:00:00,116.82
2025-07-27 08:00:00,299.98
2025-07-27 09:00:00,494.3
2025-07-27 10:00:00,640.85
2025-07-27 11:00:00,722.67
2025-07-27 12:00:00,753.25
2025-07-27 13:00:00,697.97
2025-07-27 14:00:00,538.2
2025-07-27 15:00:00,362.83
2025-07-27 16:00:00,184.73
2025-07-27 17:00:00,23.33
2025-07-27 18:00:00,0.0
2025-07-27 19:00:00,0.0
2025-07-27 20:00:00,0.0
2025-07-27 21:00:00,0.0
2025-07-27 22:00:00,0.0
2025-07-27 23:00:00,0.0
2025-07-28 00:00:00,0.0
2025-07-28 01:00:00,0.0
2025-07-28 02:00:00,0.0
2025-07-28 03:00:00,0.0
2025-07-28 04:00:00,0.0
2025-07-28 05:00:00,0.0
2025-07-28 06:00:00,0.0
2025-07-28 07:00:00,55.2
2025-07-28 08:00:00,154.35
2025-07-28 09:00:00,275.2
2025-07-28 10:00:00,409.05
2025-07-28 11:00:00,433.88
2025-07-28 12:00:00,246.62
2025-07-28 13:00:00,192.38
2025-07-28 14:00:00,205.07
2025-07-28 15:00:00,165.0
2025-07-28 16:00:00,79.93
2025-07-28 17:00:00,11.35
2025-07-28 18:00:00,0.0
2025-07-28 19:00:00,0.0
2025-07-28 20:00:00,0.0
2025-07-28 21:00:00,0.0
2025-07-28 22:00:00,0.0
2025-07-28 23:00:00,0.0
2025-07-29 00:00:00,0.0
2025-07-29 01:00:00,0.0
2025-07-29 02:00:00,0.0
2025-07-29 03:00:00,0.0
2025-07-29 04:00:00,0.0
2025-07-29 05:00:00,0.0
2025-07-29 06:00:00,0.0
2025-07-29 07:00:00,103.95
2025-07-29 08:00:00,279.23
2025-07-29 09:00:00,471.48
2025-07-29 10:00:00,679.33
2025-07-29 11:00:00,773.25
2025-07-29 12:00:00,798.33
2025-07-29 13:00:00,742.88
2025-07-29 14:00:00,622.05
2025-07-29 15:00:00,445.35
2025-07-29 16:00:00,231.0
2025-07-29 17:00:00,31.25
2025-07-29 18:00:00,0.0
2025-07-29 19:00:00,0.0
2025-07-29 20:00:00,0.0
2025-07-29 21:00:00,0.0
2025-07-29 22:00:00,0.0
2025-07-29 23:00:00,0.0
2025-07-30 00:00:00,0.0
2025-07-30 01:00:00,0.0
2025-07-30 02:00:00,0.0
2025-07-30 03:00:00,0.0
2025-07-30 04:00:00,0.0
2025-07-30 05:00:00,0.0
2025-07-30 06:00:00,0.0
2025-07-30 07:00:00,148.43
2025-07-30 08:00:00,361.02
2025-07-30 09:00:00,561.45
2025-07-30 10:00:00,711.5
2025-07-30 11:00:00,798.55
2025-07-30 12:00:00,814.47
2025-07-30 13:00:00,759.05
2025-07-30 14:00:00,636.65
2025-07-30 15:00:00,455.92
2025-07-30 16:00:00,237.98
2025-07-30 17:00:00,33.05
2025-07-30 18:00:00,0.0
2025-07-30 19:00:00,0.0
2025-07-30 20:00:00,0.0
2025-07-30 21:00:00,0.0
2025-07-30 22:00:00,0.0
2025-07-30 23:00:00,0.0
2025-07-31 00:00:00,0.0
2025-07-31 01:00:00,0.0
2025-07-31 02:00:00,0.0
2025-07-31 03:00:00,0.0
2025-07-31 04:00:00,0.0
2025-07-31 05:00:00,0.0
2025-07-31 06:00:00,4.18
2025-07-31 07:00:00,140.02
2025-07-31 08:00:00,361.3
2025-07-31 09:00:00,557.67
2025-07-31 10:00:00,703.62
2025-07-31 11:00:00,786.72
2025-07-31 12:00:00,803.7
2025-07-31 13:00:00,747.03
2025-07-31 14:00:00,623.83
2025-07-31 15:00:00,444.55
2025-07-31 16:00:00,229.2
2025-07-31 17:00:00,30.77
2025-07-31 18:00:00,0.0
2025-07-31 19:00:00,0.0
2025-07-31 20:00:00,0.0
2025-07-31 21:00:00,0.0
2025-07-31 22:00:00,0.0
2025-07-31 23:00:00,0.0
2025-08-01 00:00:00,0.0
2025-08-01 01:00:00,0.0
2025-08-01 02:00:00,0.0
2025-08-01 03:00:00,0.0
2025-08-01 04:00:00,0.0
2025-08-01 05:00:00,0.0
2025-08-01 06:00:00,3.85
2025-08-01 07:00:00,130.0
2025-08-01 08:00:00,345.48
2025-08-01 09:00:00,540.83
2025-08-01 10:00:00,687.72
2025-08-01 11:00:00,773.05
2025-08-01 12:00:00,802.95
2025-08-01 13:00:00,747.47
2025-08-01 14:00:00,625.28
2025-08-01 15:00:00,447.35
2025-08-01 16:00:00,232.35
2025-08-01 17:00:00,32.22
2025-08-01 18:00:00,0.0
2025-08-01 19:00:00,0.0
2025-08-01 20:00:00,0.0
2025-08-01 21:00:00,0.0
2025-08-01 22:00:00,0.0
2025-08-01 23:00:00,0.0
2025-08-02 00:00:00,0.0
2025-08-02 01:00:00,0.0
2025-08-02 02:00:00,0.0
2025-08-02 03:00:00,0.0
2025-08-02 04:00:00,0.0
2025-08-02 05:00:00,0.0
2025-08-02 06:00:00,4.15
2025-08-02 07:00:00,127.78
2025-08-02 08:00:00,327.6
2025-08-02 09:00:00,516.12
2025-08-02 10:00:00,648.78
2025-08-02 11:00:00,718.05
2025-08-02 12:00:00,730.67
2025-08-02 13:00:00,718.67
2025-08-02 14:00:00,544.58
2025-08-02 15:00:00,378.62
2025-08-02 16:00:00,185.93
2025-08-02 17:00:00,24.08
2025-08-02 18:00:00,0.0
2025-08-02 19:00:00,0.0
2025-08-02 20:00:00,0.0
2025-08-02 21:00:00,0.0
2025-08-02 22:00:00,0.0
2025-08-02 23:00:00,0.0
2025-08-03 00:00:00,0.0
2025-08-03 01:00:00,0.0
2025-08-03 02:00:00,0.0
2025-08-03 03:00:00,0.0
2025-08-03 04:00:00,0.0
2025-08-03 05:00:00,0.0
2025-08-03 06:00:00,4.28
2025-08-03 07:00:00,130.77
2025-08-03 08:00:00,341.33
2025-08-03 09:00:00,533.8
2025-08-03 10:00:00,668.33
2025-08-03 11:00:00,740.03
2025-08-03 12:00:00,790.65
2025-08-03 13:00:00,744.3
2025-08-03 14:00:00,615.3
2025-08-03 15:00:00,421.12
2025-08-03 16:00:00,212.2
2025-08-03 17:00:00,27.27
2025-08-03 18:00:00,0.0
2025-08-03 19:00:00,0.0
2025-08-03 20:00:00,0.0
2025-08-03 21:00:00,0.0
2025-08-03 22:00:00,0.0
2025-08-03 23:00:00,0.0
2025-08-04 00:00:00,0.0
2025-08-04 01:00:00,0.0
2025-08-04 02:00:00,0.0
2025-08-04 03:00:00,0.0
2025-08-04 04:00:00,0.0
2025-08-04 05:00:00,0.0
2025-08-04 06:00:00,4.45
2025-08-04 07:00:00,111.6
2025-08-04 08:00:00,288.88
2025-08-04 09:00:00,454.83
2025-08-04 10:00:00,589.9
2025-08-04 11:00:00,746.75
2025-08-04 12:00:00,796.08
2025-08-04 13:00:00,702.33
2025-08-04 14:00:00,554.12
2025-08-04 15:00:00,360.38
2025-08-04 16:00:00,167.95
2025-08-04 17:00:00,19.95
2025-08-04 18:00:00,0.0
2025-08-04 19:00:00,0.0
2025-08-04 20:00:00,0.0
2025-08-04 21:00:00,0.0
2025-08-04 22:00:00,0.0
2025-08-04 23:00:00,0.0
2025-08-05 00:00:00,0.0
2025-08-05 01:00:00,0.0
2025-08-05 02:00:00,0.0
2025-08-05 03:00:00,0.0
2025-08-05 04:00:00,0.0
2025-08-05 05:00:00,0.0
2025-08-05 06:00:00,2.97
2025-08-05 07:00:00,61.88
2025-08-05 08:00:00,134.1
2025-08-05 09:00:00,231.65
2025-08-05 10:00:00,285.35
2025-08-05 11:00:00,299.02
2025-08-05 12:00:00,315.73
2025-08-05 13:00:00,338.5
2025-08-05 14:00:00,223.6
2025-08-05 15:00:00,153.55
2025-08-05 16:00:00,75.97
2025-08-05 17:00:00,9.2
2025-08-05 18:00:00,0.0
2025-08-05 19:00:00,0.0
2025-08-05 20:00:00,0.0
2025-08-05 21:00:00,0.0
2025-08-05 22:00:00,0.0
2025-08-05 23:00:00,0.0
2025-08-06 00:00:00,0.0
2025-08-06 01:00:00,0.0
2025-08-06 02:00:00,0.0
2025-08-06 03:00:00,0.0
2025-08-06 04:00:00,0.0
2025-08-06 05:00:00,0.0
2025-08-06 06:00:00,4.55
2025-08-06 07:00:00,124.0
2025-08-06 08:00:00,331.02
2025-08-06 09:00:00,529.92
2025-08-06 10:00:00,672.97
2025-08-06 11:00:00,726.08
2025-08-06 12:00:00,691.7
2025-08-06 13:00:00,577.2
2025-08-06 14:00:00,519.2
2025-08-06 15:00:00,361.1
2025-08-06 16:00:00,182.62
2025-08-06 17:00:00,27.38
2025-08-06 18:00:00,0.0
2025-08-06 19:00:00,0.0
2025-08-06 20:00:00,0.0
2025-08-06 21:00:00,0.0
2025-08-06 22:00:00,0.0
2025-08-06 23:00:00,0.0
2025-08-07 00:00:00,0.0
2025-08-07 01:00:00,0.0
2025-08-07 02:00:00,0.0
2025-08-07 03:00:00,0.0
2025-08-07 04:00:00,0.0
2025-08-07 05:00:00,0.0
2025-08-07 06:00:00,5.28
2025-08-07 07:00:00,135.07
2025-08-07 08:00:00,347.25
2025-08-07 09:00:00,541.78
2025-08-07 10:00:00,687.92
2025-08-07 11:00:00,755.8
2025-08-07 12:00:00,749.35
2025-08-07 13:00:00,604.67
2025-08-07 14:00:00,521.62
2025-08-07 15:00:00,338.52
2025-08-07 16:00:00,175.25
2025-08-07 17:00:00,25.77
2025-08-07 18:00:00,0.0
2025-08-07 19:00:00,0.0
2025-08-07 20:00:00,0.0
2025-08-07 21:00:00,0.0
2025-08-07 22:00:00,0.0
2025-08-07 23:00:00,0.0
2025-08-08 00:00:00,0.0
2025-08-08 01:00:00,0.0
2025-08-08 02:00:00,0.0
2025-08-08 03:00:00,0.0
2025-08-08 04:00:00,0.0
2025-08-08 05:00:00,0.0
2025-08-08 06:00:00,5.03
2025-08-08 07:00:00,119.55
2025-08-08 08:00:00,313.92
2025-08-08 09:00:00,494.48
2025-08-08 10:00:00,605.97
2025-08-08 11:00:00,558.9
2025-08-08 12:00:00,530.97
2025-08-08 13:00:00,510.38
2025-08-08 14:00:00,406.12
2025-08-08 15:00:00,283.77
2025-08-08 16:00:00,146.23
2025-08-08 17:00:00,22.67
2025-08-08 18:00:00,0.0
2025-08-08 19:00:00,0.0
2025-08-08 20:00:00,0.0
2025-08-08 21:00:00,0.0
2025-08-08 22:00:00,0.0
2025-08-08 23:00:00,0.0
2025-08-09 00:00:00,0.0
2025-08-09 01:00:00,0.0
2025-08-09 02:00:00,0.0
2025-08-09 03:00:00,0.0
2025-08-09 04:00:00,0.0
2025-08-09 05:00:00,0.0
2025-08-09 06:00:00,4.88
2025-08-09 07:00:00,91.45
2025-08-09 08:00:00,225.38
2025-08-09 09:00:00,374.58
2025-08-09 10:00:00,519.78
2025-08-09 11:00:00,604.7
2025-08-09 12:00:00,571.83
2025-08-09 13:00:00,640.4
2025-08-09 14:00:00,519.1
2025-08-09 15:00:00,338.5
2025-08-09 16:00:00,179.65
2025-08-09 17:00:00,29.52
2025-08-09 18:00:00,0.0
2025-08-09 19:00:00,0.0
2025-08-09 20:00:00,0.0
2025-08-09 21:00:00,0.0
2025-08-09 22:00:00,0.0
2025-08-09 23:00:00,0.0
2025-08-10 00:00:00,0.0
2025-08-10 01:00:00,0.0
2025-08-10 02:00:00,0.0
2025-08-10 03:00:00,0.0
2025-08-10 04:00:00,0.0
2025-08-10 05:00:00,0.0
2025-08-10 06:00:00,7.28
2025-08-10 07:00:00,158.5
2025-08-10 08:00:00,388.17
2025-08-10 09:00:00,595.22
2025-08-10 10:00:00,751.35
2025-08-10 11:00:00,842.03
2025-08-10 12:00:00,862.33
2025-08-10 13:00:00,802.7
2025-08-10 14:00:00,673.62
2025-08-10 15:00:00,484.9
2025-08-10 16:00:00,259.1
2025-08-10 17:00:00,41.6
2025-08-10 18:00:00,0.0
2025-08-10 19:00:00,0.0
2025-08-10 20:00:00,0.0
2025-08-10 21:00:00,0.0
2025-08-10 22:00:00,0.0
2025-08-10 23:00:00,0.0
2025-08-11 00:00:00,0.0
2025-08-11 01:00:00,0.0
2025-08-11 02:00:00,0.0
2025-08-11 03:00:00,0.0
2025-08-11 04:00:00,0.0
2025-08-11 05:00:00,0.0
2025-08-11 06:00:00,6.85
2025-08-11 07:00:00,142.6
2025-08-11 08:00:00,350.42
2025-08-11 09:00:00,537.28
2025-08-11 10:00:00,696.8
2025-08-11 11:00:00,799.05
2025-08-11 12:00:00,832.9
2025-08-11 13:00:00,794.55
2025-08-11 14:00:00,665.7
2025-08-11 15:00:00,479.58
2025-08-11 16:00:00,255.85
2025-08-11 17:00:00,41.22
2025-08-11 18:00:00,0.0
2025-08-11 19:00:00,0.0
2025-08-11 20:00:00,0.0
2025-08-11 21:00:00,0.0
2025-08-11 22:00:00,0.0
2025-08-11 23:00:00,0.0
2025-08-12 00:00:00,0.0
2025-08-12 01:00:00,0.0
2025-08-12 02:00:00,0.0
2025-08-12 03:00:00,0.0
2025-08-12 04:00:00,0.0
2025-08-12 05:00:00,0.0
2025-08-12 06:00:00,8.05
2025-08-12 07:00:00,156.95
2025-08-12 08:00:00,381.77
2025-08-12 09:00:00,585.42
2025-08-12 10:00:00,739.33
2025-08-12 11:00:00,828.83
2025-08-12 12:00:00,853.62
2025-08-12 13:00:00,795.28
2025-08-12 14:00:00,666.85
2025-08-12 15:00:00,481.23
2025-08-12 16:00:00,257.6
2025-08-12 17:00:00,42.17
2025-08-12 18:00:00,0.0
2025-08-12 19:00:00,0.0
2025-08-12 20:00:00,0.0
2025-08-12 21:00:00,0.0
2025-08-12 22:00:00,0.0
2025-08-12 23:00:00,0.0
2025-08-13 00:00:00,0.0
2025-08-13 01:00:00,0.0
2025-08-13 02:00:00,0.0
2025-08-13 03:00:00,0.0
2025-08-13 04:00:00,0.0
2025-08-13 05:00:00,0.0
2025-08-13 06:00:00,8.0
2025-08-13 07:00:00,137.85
2025-08-13 08:00:00,319.73
2025-08-13 09:00:00,482.27
2025-08-13 10:00:00,696.05
2025-08-13 11:00:00,796.3
2025-08-13 12:00:00,836.58
2025-08-13 13:00:00,793.92
2025-08-13 14:00:00,665.08
2025-08-13 15:00:00,479.45
2025-08-13 16:00:00,256.35
2025-08-13 17:00:00,42.0
2025-08-13 18:00:00,0.0
2025-08-13 19:00:00,0.0
2025-08-13 20:00:00,0.0
2025-08-13 21:00:00,0.0
2025-08-13 22:00:00,0.0
2025-08-13 23:00:00,0.0
2025-08-14 00:00:00,0.0
2025-08-14 01:00:00,0.0
2025-08-14 02:00:00,0.0
2025-08-14 03:00:00,0.0
2025-08-14 04:00:00,0.0
2025-08-14 05:00:00,0.0
2025-08-14 06:00:00,9.12
2025-08-14 07:00:00,167.75
2025-08-14 08:00:00,393.6
2025-08-14 09:00:00,595.38
2025-08-14 10:00:00,744.72
2025-08-14 11:00:00,829.62
2025-08-14 12:00:00,851.85
2025-08-14 13:00:00,791.35
2025-08-14 14:00:00,662.47
2025-08-14 15:00:00,475.9
2025-08-14 16:00:00,252.2
2025-08-14 17:00:00,40.58
2025-08-14 18:00:00,0.0
2025-08-14 19:00:00,0.0
2025-08-14 20:00:00,0.0
2025-08-14 21:00:00,0.0
2025-08-14 22:00:00,0.0
2025-08-14 23:00:00,0.0
2025-08-15 00:00:00,0.0
2025-08-15 01:00:00,0.0
2025-08-15 02:00:00,0.0
2025-08-15 03:00:00,0.0
2025-08-15 04:00:00,0.0
2025-08-15 05:00:00,0.0
2025-08-15 06:00:00,9.12
2025-08-15 07:00:00,160.5
2025-08-15 08:00:00,379.45
2025-08-15 09:00:00,577.9
2025-08-15 10:00:00,726.15
2025-08-15 11:00:00,810.8
2025-08-15 12:00:00,836.28
2025-08-15 13:00:00,775.72
2025-08-15 14:00:00,647.0
2025-08-15 15:00:00,461.12
2025-08-15 16:00:00,241.1
2025-08-15 17:00:00,38.28
2025-08-15 18:00:00,0.0
2025-08-15 19:00:00,0.0
2025-08-15 20:00:00,0.0
2025-08-15 21:00:00,0.0
2025-08-15 22:00:00,0.0
2025-08-15 23:00:00,0.0
2025-08-16 00:00:00,0.0
2025-08-16 01:00:00,0.0
2025-08-16 02:00:00,0.0
2025-08-16 03:00:00,0.0
2025-08-16 04:00:00,0.0
2025-08-16 05:00:00,0.0
2025-08-16 06:00:00,9.0
2025-08-16 07:00:00,154.38
2025-08-16 08:00:00,371.02
2025-08-16 09:00:00,568.17
2025-08-16 10:00:00,713.95
2025-08-16 11:00:00,796.28
2025-08-16 12:00:00,826.45
2025-08-16 13:00:00,764.4
2025-08-16 14:00:00,632.92
2025-08-16 15:00:00,450.12
2025-08-16 16:00:00,236.35
2025-08-16 17:00:00,38.67
2025-08-16 18:00:00,0.0
2025-08-16 19:00:00,0.0
2025-08-16 20:00:00,0.0
2025-08-16 21:00:00,0.0
2025-08-16 22:00:00,0.0
2025-08-16 23:00:00,0.0
2025-08-17 00:00:00,0.0
2025-08-17 01:00:00,0.0
2025-08-17 02:00:00,0.0
2025-08-17 03:00:00,0.0
2025-08-17 04:00:00,0.0
2025-08-17 05:00:00,0.0
2025-08-17 06:00:00,9.52
2025-08-17 07:00:00,159.52
2025-08-17 08:00:00,377.85
2025-08-17 09:00:00,574.65
2025-08-17 10:00:00,721.38
2025-08-17 11:00:00,803.7
2025-08-17 12:00:00,827.25
2025-08-17 13:00:00,705.9
2025-08-17 14:00:00,583.17
2025-08-17 15:00:00,400.02
2025-08-17 16:00:00,215.95
2025-08-17 17:00:00,36.5
2025-08-17 18:00:00,0.0
2025-08-17 19:00:00,0.0
2025-08-17 20:00:00,0.0
2025-08-17 21:00:00,0.0
2025-08-17 22:00:00,0.0
2025-08-17 23:00:00,0.0
2025-08-18 00:00:00,0.0
2025-08-18 01:00:00,0.0
2025-08-18 02:00:00,0.0
2025-08-18 03:00:00,0.0
2025-08-18 04:00:00,0.0
2025-08-18 05:00:00,0.0
2025-08-18 06:00:00,10.15
2025-08-18 07:00:00,162.12
2025-08-18 08:00:00,381.8
2025-08-18 09:00:00,581.62
2025-08-18 10:00:00,730.6
2025-08-18 11:00:00,815.85
2025-08-18 12:00:00,840.85
2025-08-18 13:00:00,779.3
2025-08-18 14:00:00,651.4
2025-08-18 15:00:00,468.48
2025-08-18 16:00:00,248.35
2025-08-18 17:00:00,41.42
2025-08-18 18:00:00,0.0
2025-08-18 19:00:00,0.0
2025-08-18 20:00:00,0.0
2025-08-18 21:00:00,0.0
2025-08-18 22:00:00,0.0
2025-08-18 23:00:00,0.0
2025-08-19 00:00:00,0.0
2025-08-19 01:00:00,0.0
2025-08-19 02:00:00,0.0
2025-08-19 03:00:00,0.0
2025-08-19 04:00:00,0.0
2025-08-19 05:00:00,0.0
2025-08-19 06:00:00,10.52
2025-08-19 07:00:00,153.1
2025-08-19 08:00:00,349.4
2025-08-19 09:00:00,528.75
2025-08-19 10:00:00,711.33
2025-08-19 11:00:00,806.0
2025-08-19 12:00:00,830.08
2025-08-19 13:00:00,762.3
2025-08-19 14:00:00,637.62
2025-08-19 15:00:00,456.62
2025-08-19 16:00:00,230.57
2025-08-19 17:00:00,37.1
2025-08-19 18:00:00,0.0
2025-08-19 19:00:00,0.0
2025-08-19 20:00:00,0.0
2025-08-19 21:00:00,0.0
2025-08-19 22:00:00,0.0
2025-08-19 23:00:00,0.0
2025-08-20 00:00:00,0.0
2025-08-20 01:00:00,0.0
2025-08-20 02:00:00,0.0
2025-08-20 03:00:00,0.0
2025-08-20 04:00:00,0.0
2025-08-20 05:00:00,0.0
2025-08-20 06:00:00,10.68
2025-08-20 07:00:00,149.4
2025-08-20 08:00:00,350.8
2025-08-20 09:00:00,535.95
2025-08-20 10:00:00,699.88
2025-08-20 11:00:00,771.75
2025-08-20 12:00:00,796.2
2025-08-20 13:00:00,719.53
2025-08-20 14:00:00,574.05
2025-08-20 15:00:00,383.42
2025-08-20 16:00:00,191.9
2025-08-20 17:00:00,28.85
2025-08-20 18:00:00,0.0
2025-08-20 19:00:00,0.0
2025-08-20 20:00:00,0.0
2025-08-20 21:00:00,0.0
2025-08-20 22:00:00,0.0
2025-08-20 23:00:00,0.0
2025-08-21 00:00:00,0.0
2025-08-21 01:00:00,0.0
2025-08-21 02:00:00,0.0
2025-08-21 03:00:00,0.0
2025-08-21 04:00:00,0.0
2025-08-21 05:00:00,0.0
2025-08-21 06:00:00,10.0
2025-08-21 07:00:00,139.12
2025-08-21 08:00:00,330.38
2025-08-21 09:00:00,521.5
2025-08-21 10:00:00,705.83
2025-08-21 11:00:00,784.15
2025-08-21 12:00:00,832.62
2025-08-21 13:00:00,761.83
2025-08-21 14:00:00,612.15
2025-08-21 15:00:00,430.52
2025-08-21 16:00:00,217.52
2025-08-21 17:00:00,36.95
2025-08-21 18:00:00,0.0
2025-08-21 19:00:00,0.0
2025-08-21 20:00:00,0.0
2025-08-21 21:00:00,0.0
2025-08-21 22:00:00,0.0
2025-08-21 23:00:00,0.0
2025-08-22 00:00:00,0.0
2025-08-22 01:00:00,0.0
2025-08-22 02:00:00,0.0
2025-08-22 03:00:00,0.0
2025-08-22 04:00:00,0.0
2025-08-22 05:00:00,0.0
2025-08-22 06:00:00,12.93
2025-08-22 07:00:00,175.27
2025-08-22 08:00:00,395.5
2025-08-22 09:00:00,591.58
2025-08-22 10:00:00,738.95
2025-08-22 11:00:00,822.5
2025-08-22 12:00:00,851.47
2025-08-22 13:00:00,791.55
2025-08-22 14:00:00,664.12
2025-08-22 15:00:00,479.9
2025-08-22 16:00:00,260.73
2025-08-22 17:00:00,47.0
2025-08-22 18:00:00,0.0
2025-08-22 19:00:00,0.0
2025-08-22 20:00:00,0.0
2025-08-22 21:00:00,0.0
2025-08-22 22:00:00,0.0
2025-08-22 23:00:00,0.0
2025-08-23 00:00:00,0.0
2025-08-23 01:00:00,0.0
2025-08-23 02:00:00,0.0
2025-08-23 03:00:00,0.0
2025-08-23 04:00:00,0.0
2025-08-23 05:00:00,0.0
2025-08-23 06:00:00,13.15
2025-08-23 07:00:00,161.02
2025-08-23 08:00:00,352.85
2025-08-23 09:00:00,538.1
2025-08-23 10:00:00,650.92
2025-08-23 11:00:00,722.33
2025-08-23 12:00:00,725.65
2025-08-23 13:00:00,707.78
2025-08-23 14:00:00,565.0
2025-08-23 15:00:00,389.55
2025-08-23 16:00:00,203.45
2025-08-23 17:00:00,33.55
2025-08-23 18:00:00,0.0
2025-08-23 19:00:00,0.0
2025-08-23 20:00:00,0.0
2025-08-23 21:00:00,0.0
2025-08-23 22:00:00,0.0
2025-08-23 23:00:00,0.0
2025-08-24 00:00:00,0.0
2025-08-24 01:00:00,0.0
2025-08-24 02:00:00,0.0
2025-08-24 03:00:00,0.0
2025-08-24 04:00:00,0.0
2025-08-24 05:00:00,0.0
2025-08-24 06:00:00,12.98
2025-08-24 07:00:00,158.82
2025-08-24 08:00:00,359.73
2025-08-24 09:00:00,548.55
2025-08-24 10:00:00,718.8
2025-08-24 11:00:00,806.7
2025-08-24 12:00:00,844.85
2025-08-24 13:00:00,789.15
2025-08-24 14:00:00,655.22
2025-08-24 15:00:00,470.45
2025-08-24 16:00:00,250.0
2025-08-24 17:00:00,44.78
2025-08-24 18:00:00,0.0
2025-08-24 19:00:00,0.0
2025-08-24 20:00:00,0.0
2025-08-24 21:00:00,0.0
2025-08-24 22:00:00,0.0
2025-08-24 23:00:00,0.0
2025-08-25 00:00:00,0.0
2025-08-25 01:00:00,0.0
2025-08-25 02:00:00,0.0
2025-08-25 03:00:00,0.0
2025-08-25 04:00:00,0.0
2025-08-25 05:00:00,0.0
2025-08-25 06:00:00,15.18
2025-08-25 07:00:00,176.55
2025-08-25 08:00:00,382.83
2025-08-25 09:00:00,569.55
2025-08-25 10:00:00,734.05
2025-08-25 11:00:00,811.88
2025-08-25 12:00:00,859.1
2025-08-25 13:00:00,764.55
2025-08-25 14:00:00,562.62
2025-08-25 15:00:00,427.3
2025-08-25 16:00:00,215.75
2025-08-25 17:00:00,37.85
2025-08-25 18:00:00,0.0
2025-08-25 19:00:00,0.0
2025-08-25 20:00:00,0.0
2025-08-25 21:00:00,0.0
2025-08-25 22:00:00,0.0
2025-08-25 23:00:00,0.0
2025-08-26 00:00:00,0.0
2025-08-26 01:00:00,0.0
2025-08-26 02:00:00,0.0
2025-08-26 03:00:00,0.0
2025-08-26 04:00:00,0.0
2025-08-26 05:00:00,0.0
2025-08-26 06:00:00,16.02
2025-08-26 07:00:00,184.45
2025-08-26 08:00:00,406.35
2025-08-26 09:00:00,605.97
2025-08-26 10:00:00,753.7
2025-08-26 11:00:00,835.22
2025-08-26 12:00:00,859.53
2025-08-26 13:00:00,794.72
2025-08-26 14:00:00,637.7
2025-08-26 15:00:00,432.98
2025-08-26 16:00:00,219.48
2025-08-26 17:00:00,36.8
2025-08-26 18:00:00,0.0
2025-08-26 19:00:00,0.0
2025-08-26 20:00:00,0.0
2025-08-26 21:00:00,0.0
2025-08-26 22:00:00,0.0
2025-08-26 23:00:00,0.0
2025-08-27 00:00:00,0.0
2025-08-27 01:00:00,0.0
2025-08-27 02:00:00,0.0
2025-08-27 03:00:00,0.0
2025-08-27 04:00:00,0.0
2025-08-27 05:00:00,0.0
2025-08-27 06:00:00,14.32
2025-08-27 07:00:00,124.68
2025-08-27 08:00:00,266.15
2025-08-27 09:00:00,402.35
2025-08-27 10:00:00,595.17
2025-08-27 11:00:00,697.03
2025-08-27 12:00:00,787.6
2025-08-27 13:00:00,782.08
2025-08-27 14:00:00,644.1
2025-08-27 15:00:00,448.65
2025-08-27 16:00:00,225.4
2025-08-27 17:00:00,38.25
2025-08-27 18:00:00,0.0
2025-08-27 19:00:00,0.0
2025-08-27 20:00:00,0.0
2025-08-27 21:00:00,0.0
2025-08-27 22:00:00,0.0
2025-08-27 23:00:00,0.0
2025-08-28 00:00:00,0.0
2025-08-28 01:00:00,0.0
2025-08-28 02:00:00,0.0
2025-08-28 03:00:00,0.0
2025-08-28 04:00:00,0.0
2025-08-28 05:00:00,0.0
2025-08-28 06:00:00,15.52
2025-08-28 07:00:00,169.27
2025-08-28 08:00:00,381.75
2025-08-28 09:00:00,581.83
2025-08-28 10:00:00,762.97
2025-08-28 11:00:00,842.12
2025-08-28 12:00:00,861.47
2025-08-28 13:00:00,693.92
2025-08-28 14:00:00,490.67
2025-08-28 15:00:00,343.25
2025-08-28 16:00:00,167.32
2025-08-28 17:00:00,29.77
2025-08-28 18:00:00,0.0
2025-08-28 19:00:00,0.0
2025-08-28 20:00:00,0.0
2025-08-28 21:00:00,0.0
2025-08-28 22:00:00,0.0
2025-08-28 23:00:00,0.0
2025-08-29 00:00:00,0.0
2025-08-29 01:00:00,0.0
2025-08-29 02:00:00,0.0
2025-08-29 03:00:00,0.0
2025-08-29 04:00:00,0.0
2025-08-29 05:00:00,0.0
2025-08-29 06:00:00,6.6
2025-08-29 07:00:00,57.6
2025-08-29 08:00:00,118.43
2025-08-29 09:00:00,183.23
2025-08-29 10:00:00,211.32
2025-08-29 11:00:00,219.18
2025-08-29 12:00:00,310.85
2025-08-29 13:00:00,259.73
2025-08-29 14:00:00,320.27
2025-08-29 15:00:00,163.38
2025-08-29 16:00:00,120.18
2025-08-29 17:00:00,23.9
2025-08-29 18:00:00,0.0
2025-08-29 19:00:00,0.0
2025-08-29 20:00:00,0.0
2025-08-29 21:00:00,0.0
2025-08-29 22:00:00,0.0
2025-08-29 23:00:00,0.0
2025-08-30 00:00:00,0.0
2025-08-30 01:00:00,0.0
2025-08-30 02:00:00,0.0
2025-08-30 03:00:00,0.0
2025-08-30 04:00:00,0.0
2025-08-30 05:00:00,0.0
2025-08-30 06:00:00,18.12
2025-08-30 07:00:00,176.68
2025-08-30 08:00:00,395.65
2025-08-30 09:00:00,592.35
2025-08-30 10:00:00,739.55
2025-08-30 11:00:00,805.7
2025-08-30 12:00:00,850.12
2025-08-30 13:00:00,784.67
2025-08-30 14:00:00,620.22
2025-08-30 15:00:00,456.5
2025-08-30 16:00:00,245.82
2025-08-30 17:00:00,48.58
2025-08-30 18:00:00,0.0
2025-08-30 19:00:00,0.0
2025-08-30 20:00:00,0.0
2025-08-30 21:00:00,0.0
2025-08-30 22:00:00,0.0
2025-08-30 23:00:00,0.0
2025-08-31 00:00:00,0.0
2025-08-31 01:00:00,0.0
2025-08-31 02:00:00,0.0
2025-08-31 03:00:00,0.0
2025-08-31 04:00:00,0.0
2025-08-31 05:00:00,0.0
2025-08-31 06:00:00,23.0
2025-08-31 07:00:00,195.88
2025-08-31 08:00:00,404.02
2025-08-31 09:00:00,579.3
2025-08-31 10:00:00,737.55
2025-08-31 11:00:00,857.78
2025-08-31 12:00:00,847.72
2025-08-31 13:00:00,686.88
2025-08-31 14:00:00,486.4
2025-08-31 15:00:00,358.77
2025-08-31 16:00:00,192.5
2025-08-31 17:00:00,41.12
2025-08-31 18:00:00,0.0
2025-08-31 19:00:00,0.0
2025-08-31 20:00:00,0.0
2025-08-31 21:00:00,0.0
2025-08-31 22:00:00,0.0
2025-08-31 23:00:00,0.0
2025-09-01 00:00:00,0.0
2025-09-01 01:00:00,0.0
2025-09-01 02:00:00,0.0
2025-09-01 03:00:00,0.0
2025-09-01 04:00:00,0.0
2025-09-01 05:00:00,0.0
2025-09-01 06:00:00,22.58
2025-09-01 07:00:00,171.18
2025-09-01 08:00:00,335.73
2025-09-01 09:00:00,513.28
2025-09-01 10:00:00,718.95
2025-09-01 11:00:00,841.55
2025-09-01 12:00:00,869.35
2025-09-01 13:00:00,799.78
2025-09-01 14:00:00,624.85
2025-09-01 15:00:00,462.8
2025-09-01 16:00:00,248.88
2025-09-01 17:00:00,47.3
2025-09-01 18:00:00,0.0
2025-09-01 19:00:00,0.0
2025-09-01 20:00:00,0.0
2025-09-01 21:00:00,0.0
2025-09-01 22:00:00,0.0
2025-09-01 23:00:00,0.0
2025-09-02 00:00:00,0.0
2025-09-02 01:00:00,0.0
2025-09-02 02:00:00,0.0
2025-09-02 03:00:00,0.0
2025-09-02 04:00:00,0.0
2025-09-02 05:00:00,0.0
2025-09-02 06:00:00,18.48
2025-09-02 07:00:00,147.95
2025-09-02 08:00:00,327.2
2025-09-02 09:00:00,514.35
2025-09-02 10:00:00,663.6
2025-09-02 11:00:00,691.72
2025-09-02 12:00:00,666.4
2025-09-02 13:00:00,657.2
2025-09-02 14:00:00,526.17
2025-09-02 15:00:00,371.23
2025-09-02 16:00:00,199.65
2025-09-02 17:00:00,41.05
2025-09-02 18:00:00,0.0
2025-09-02 19:00:00,0.0
2025-09-02 20:00:00,0.0
2025-09-02 21:00:00,0.0
2025-09-02 22:00:00,0.0
2025-09-02 23:00:00,0.0
2025-09-03 00:00:00,0.0
2025-09-03 01:00:00,0.0
2025-09-03 02:00:00,0.0
2025-09-03 03:00:00,0.0
2025-09-03 04:00:00,0.0
2025-09-03 05:00:00,0.0
2025-09-03 06:00:00,18.3
2025-09-03 07:00:00,153.4
2025-09-03 08:00:00,329.3
2025-09-03 09:00:00,487.65
2025-09-03 10:00:00,590.75
2025-09-03 11:00:00,643.8
2025-09-03 12:00:00,790.1
2025-09-03 13:00:00,709.5
2025-09-03 14:00:00,694.78
2025-09-03 15:00:00,504.3
2025-09-03 16:00:00,276.12
2025-09-03 17:00:00,55.2
2025-09-03 18:00:00,0.0
2025-09-03 19:00:00,0.0
2025-09-03 20:00:00,0.0
2025-09-03 21:00:00,0.0
2025-09-03 22:00:00,0.0
2025-09-03 23:00:00,0.0
2025-09-04 00:00:00,0.0
2025-09-04 01:00:00,0.0
2025-09-04 02:00:00,0.0
2025-09-04 03:00:00,0.0
2025-09-04 04:00:00,0.0
2025-09-04 05:00:00,0.0
2025-09-04 06:00:00,29.88
2025-09-04 07:00:00,224.85
2025-09-04 08:00:00,454.75
2025-09-04 09:00:00,653.1
2025-09-04 10:00:00,807.6
2025-09-04 11:00:00,881.88
2025-09-04 12:00:00,881.83
2025-09-04 13:00:00,812.55
2025-09-04 14:00:00,624.62
2025-09-04 15:00:00,443.05
2025-09-04 16:00:00,243.52
2025-09-04 17:00:00,48.0
2025-09-04 18:00:00,0.0
2025-09-04 19:00:00,0.0
2025-09-04 20:00:00,0.0
2025-09-04 21:00:00,0.0
2025-09-04 22:00:00,0.0
2025-09-04 23:00:00,0.0
2025-09-05 00:00:00,0.0
2025-09-05 01:00:00,0.0
2025-09-05 02:00:00,0.0
2025-09-05 03:00:00,0.0
2025-09-05 04:00:00,0.0
2025-09-05 05:00:00,0.0
2025-09-05 06:00:00,34.0
2025-09-05 07:00:00,242.65
2025-09-05 08:00:00,475.25
2025-09-05 09:00:00,675.42
2025-09-05 10:00:00,820.7
2025-09-05 11:00:00,898.58
2025-09-05 12:00:00,917.1
2025-09-05 13:00:00,847.08
2025-09-05 14:00:00,708.25
2025-09-05 15:00:00,509.5
2025-09-05 16:00:00,274.83
2025-09-05 17:00:00,53.75
2025-09-05 18:00:00,0.0
2025-09-05 19:00:00,0.0
2025-09-05 20:00:00,0.0
2025-09-05 21:00:00,0.0
2025-09-05 22:00:00,0.0
2025-09-05 23:00:00,0.0
2025-09-06 00:00:00,0.0
2025-09-06 01:00:00,0.0
2025-09-06 02:00:00,0.0
2025-09-06 03:00:00,0.0
2025-09-06 04:00:00,0.0
2025-09-06 05:00:00,0.0
2025-09-06 06:00:00,31.52
2025-09-06 07:00:00,226.25
2025-09-06 08:00:00,453.58
2025-09-06 09:00:00,651.5
2025-09-06 10:00:00,796.42
2025-09-06 11:00:00,874.28
2025-09-06 12:00:00,898.53
2025-09-06 13:00:00,816.45
2025-09-06 14:00:00,646.15
2025-09-06 15:00:00,457.15
2025-09-06 16:00:00,239.62
2025-09-06 17:00:00,46.55
2025-09-06 18:00:00,0.0
2025-09-06 19:00:00,0.0
2025-09-06 20:00:00,0.0
2025-09-06 21:00:00,0.0
2025-09-06 22:00:00,0.0
2025-09-06 23:00:00,0.0
2025-09-07 00:00:00,0.0
2025-09-07 01:00:00,0.0
2025-09-07 02:00:00,0.0
2025-09-07 03:00:00,0.0
2025-09-07 04:00:00,0.0
2025-09-07 05:00:00,0.0
2025-09-07 06:00:00,33.45
2025-09-07 07:00:00,231.48
2025-09-07 08:00:00,457.33
2025-09-07 09:00:00,653.8
2025-09-07 10:00:00,796.4
2025-09-07 11:00:00,858.42
2025-09-07 12:00:00,884.17
2025-09-07 13:00:00,735.08
2025-09-07 14:00:00,594.72
2025-09-07 15:00:00,319.4
2025-09-07 16:00:00,161.5
2025-09-07 17:00:00,23.9
2025-09-07 18:00:00,0.0
2025-09-07 19:00:00,0.0
2025-09-07 20:00:00,0.0
2025-09-07 21:00:00,0.0
2025-09-07 22:00:00,0.0
2025-09-07 23:00:00,0.0
2025-09-08 00:00:00,0.0
2025-09-08 01:00:00,0.0
2025-09-08 02:00:00,0.0
2025-09-08 03:00:00,0.0
2025-09-08 04:00:00,0.0
2025-09-08 05:00:00,0.0
2025-09-08 06:00:00,30.73
2025-09-08 07:00:00,187.45
2025-09-08 08:00:00,361.38
2025-09-08 09:00:00,566.05
2025-09-08 10:00:00,717.97
2025-09-08 11:00:00,844.53
2025-09-08 12:00:00,871.47
2025-09-08 13:00:00,825.33
2025-09-08 14:00:00,681.75
2025-09-08 15:00:00,467.55
2025-09-08 16:00:00,250.9
2025-09-08 17:00:00,51.15
2025-09-08 18:00:00,0.0
2025-09-08 19:00:00,0.0
2025-09-08 20:00:00,0.0
2025-09-08 21:00:00,0.0
2025-09-08 22:00:00,0.0
2025-09-08 23:00:00,0.0
2025-09-09 00:00:00,0.0
2025-09-09 01:00:00,0.0
2025-09-09 02:00:00,0.0
2025-09-09 03:00:00,0.0
2025-09-09 04:00:00,0.0
2025-09-09 05:00:00,0.0
2025-09-09 06:00:00,39.38
2025-09-09 07:00:00,246.52
2025-09-09 08:00:00,474.08
2025-09-09 09:00:00,650.85
2025-09-09 10:00:00,795.58
2025-09-09 11:00:00,785.3
2025-09-09 12:00:00,776.05
2025-09-09 13:00:00,608.03
2025-09-09 14:00:00,584.12
2025-09-09 15:00:00,356.25
2025-09-09 16:00:00,187.85
2025-09-09 17:00:00,41.92
2025-09-09 18:00:00,0.0
2025-09-09 19:00:00,0.0
2025-09-09 20:00:00,0.0
2025-09-09 21:00:00,0.0
2025-09-09 22:00:00,0.0
2025-09-09 23:00:00,0.0
2025-09-10 00:00:00,0.0
2025-09-10 01:00:00,0.0
2025-09-10 02:00:00,0.0
2025-09-10 03:00:00,0.0
2025-09-10 04:00:00,0.0
2025-09-10 05:00:00,0.0
2025-09-10 06:00:00,48.53
2025-09-10 07:00:00,278.23
2025-09-10 08:00:00,526.17
2025-09-10 09:00:00,738.22
2025-09-10 10:00:00,893.92
2025-09-10 11:00:00,975.9
2025-09-10 12:00:00,981.88
2025-09-10 13:00:00,908.97
2025-09-10 14:00:00,764.75
2025-09-10 15:00:00,559.4
2025-09-10 16:00:00,316.58
2025-09-10 17:00:00,69.8
2025-09-10 18:00:00,0.0
2025-09-10 19:00:00,0.0
2025-09-10 20:00:00,0.0
2025-09-10 21:00:00,0.0
2025-09-10 22:00:00,0.0
2025-09-10 23:00:00,0.0
2025-09-11 00:00:00,0.0
2025-09-11 01:00:00,0.0
2025-09-11 02:00:00,0.0
2025-09-11 03:00:00,0.0
2025-09-11 04:00:00,0.0
2025-09-11 05:00:00,0.0
2025-09-11 06:00:00,50.85
2025-09-11 07:00:00,282.12
2025-09-11 08:00:00,525.0
2025-09-11 09:00:00,732.78
2025-09-11 10:00:00,887.97
2025-09-11 11:00:00,970.42
2025-09-11 12:00:00,975.38
2025-09-11 13:00:00,901.33
2025-09-11 14:00:00,756.88
2025-09-11 15:00:00,553.3
2025-09-11 16:00:00,312.2
2025-09-11 17:00:00,69.0
2025-09-11 18:00:00,0.0
2025-09-11 19:00:00,0.0
2025-09-11 20:00:00,0.0
2025-09-11 21:00:00,0.0
2025-09-11 22:00:00,0.0
2025-09-11 23:00:00,0.0
2025-09-12 00:00:00,0.0
2025-09-12 01:00:00,0.0
2025-09-12 02:00:00,0.0
2025-09-12 03:00:00,0.0
2025-09-12 04:00:00,0.0
2025-09-12 05:00:00,0.0
2025-09-12 06:00:00,46.25
2025-09-12 07:00:00,260.73
2025-09-12 08:00:00,496.77
2025-09-12 09:00:00,652.78
2025-09-12 10:00:00,837.08
2025-09-12 11:00:00,930.2
2025-09-12 12:00:00,949.85
2025-09-12 13:00:00,807.05
2025-09-12 14:00:00,682.1
2025-09-12 15:00:00,482.33
2025-09-12 16:00:00,243.57
2025-09-12 17:00:00,48.72
2025-09-12 18:00:00,0.0
2025-09-12 19:00:00,0.0
2025-09-12 20:00:00,0.0
2025-09-12 21:00:00,0.0
2025-09-12 22:00:00,0.0
2025-09-12 23:00:00,0.0
2025-09-13 00:00:00,0.0
2025-09-13 01:00:00,0.0
2025-09-13 02:00:00,0.0
2025-09-13 03:00:00,0.0
2025-09-13 04:00:00,0.0
2025-09-13 05:00:00,0.0
2025-09-13 06:00:00,38.92
2025-09-13 07:00:00,219.65
2025-09-13 08:00:00,438.88
2025-09-13 09:00:00,662.6
2025-09-13 10:00:00,814.75
2025-09-13 11:00:00,893.22
2025-09-13 12:00:00,888.2
2025-09-13 13:00:00,711.08
2025-09-13 14:00:00,559.65
2025-09-13 15:00:00,422.8
2025-09-13 16:00:00,226.95
2025-09-13 17:00:00,50.92
2025-09-13 18:00:00,0.0
2025-09-13 19:00:00,0.0
2025-09-13 20:00:00,0.0
2025-09-13 21:00:00,0.0
2025-09-13 22:00:00,0.0
2025-09-13 23:00:00,0.0
2025-09-14 00:00:00,0.0
2025-09-14 01:00:00,0.0
2025-09-14 02:00:00,0.0
2025-09-14 03:00:00,0.0
2025-09-14 04:00:00,0.0
2025-09-14 05:00:00,0.0
2025-09-14 06:00:00,30.27
2025-09-14 07:00:00,183.38
2025-09-14 08:00:00,372.6
2025-09-14 09:00:00,619.7
2025-09-14 10:00:00,858.38
2025-09-14 11:00:00,935.38
2025-09-14 12:00:00,944.42
2025-09-14 13:00:00,863.17
2025-09-14 14:00:00,699.72
2025-09-14 15:00:00,500.25
2025-09-14 16:00:00,272.55
2025-09-14 17:00:00,58.58
2025-09-14 18:00:00,0.0
2025-09-14 19:00:00,0.0
2025-09-14 20:00:00,0.0
2025-09-14 21:00:00,0.0
2025-09-14 22:00:00,0.0
2025-09-14 23:00:00,0.0
2025-09-15 00:00:00,0.0
2025-09-15 01:00:00,0.0
2025-09-15 02:00:00,0.0
2025-09-15 03:00:00,0.0
2025-09-15 04:00:00,0.0
2025-09-15 05:00:00,0.0
2025-09-15 06:00:00,48.03
2025-09-15 07:00:00,235.8
2025-09-15 08:00:00,441.45
2025-09-15 09:00:00,675.95
2025-09-15 10:00:00,847.22
2025-09-15 11:00:00,926.9
2025-09-15 12:00:00,928.08
2025-09-15 13:00:00,831.8
2025-09-15 14:00:00,656.38
2025-09-15 15:00:00,475.35
2025-09-15 16:00:00,255.23
2025-09-15 17:00:00,55.72
2025-09-15 18:00:00,0.0
2025-09-15 19:00:00,0.0
2025-09-15 20:00:00,0.0
2025-09-15 21:00:00,0.0
2025-09-15 22:00:00,0.0
2025-09-15 23:00:00,0.0
2025-09-16 00:00:00,0.0
2025-09-16 01:00:00,0.0
2025-09-16 02:00:00,0.0
2025-09-16 03:00:00,0.0
2025-09-16 04:00:00,0.0
2025-09-16 05:00:00,0.0
2025-09-16 06:00:00,44.97
2025-09-16 07:00:00,233.38
2025-09-16 08:00:00,445.2
2025-09-16 09:00:00,640.05
2025-09-16 10:00:00,786.6
2025-09-16 11:00:00,870.05
2025-09-16 12:00:00,815.97
2025-09-16 13:00:00,488.05
2025-09-16 14:00:00,236.85
2025-09-16 15:00:00,232.05
2025-09-16 16:00:00,120.2
2025-09-16 17:00:00,22.58
2025-09-16 18:00:00,0.0
2025-09-16 19:00:00,0.0
2025-09-16 20:00:00,0.0
2025-09-16 21:00:00,0.0
2025-09-16 22:00:00,0.0
2025-09-16 23:00:00,0.0
2025-09-17 00:00:00,0.0
2025-09-17 01:00:00,0.0
2025-09-17 02:00:00,0.0
2025-09-17 03:00:00,0.0
2025-09-17 04:00:00,0.0
2025-09-17 05:00:00,0.0
2025-09-17 06:00:00,51.75
2025-09-17 07:00:00,254.3
2025-09-17 08:00:00,485.33
2025-09-17 09:00:00,712.33
2025-09-17 10:00:00,860.33
2025-09-17 11:00:00,903.35
2025-09-17 12:00:00,884.7
2025-09-17 13:00:00,806.35
2025-09-17 14:00:00,669.0
2025-09-17 15:00:00,536.28
2025-09-17 16:00:00,302.65
2025-09-17 17:00:00,69.05
2025-09-17 18:00:00,0.0
2025-09-17 19:00:00,0.0
2025-09-17 20:00:00,0.0
2025-09-17 21:00:00,0.0
2025-09-17 22:00:00,0.0
2025-09-17 23:00:00,0.0
2025-09-18 00:00:00,0.0
2025-09-18 01:00:00,0.0
2025-09-18 02:00:00,0.0
2025-09-18 03:00:00,0.0
2025-09-18 04:00:00,0.0
2025-09-18 05:00:00,0.0
2025-09-18 06:00:00,71.6
2025-09-18 07:00:00,310.95
2025-09-18 08:00:00,551.92
2025-09-18 09:00:00,757.33
2025-09-18 10:00:00,901.4
2025-09-18 11:00:00,977.9
2025-09-18 12:00:00,981.05
2025-09-18 13:00:00,902.65
2025-09-18 14:00:00,757.83
2025-09-18 15:00:00,554.78
2025-09-18 16:00:00,311.25
2025-09-18 17:00:00,71.07
2025-09-18 18:00:00,0.0
2025-09-18 19:00:00,0.0
2025-09-18 20:00:00,0.0
2025-09-18 21:00:00,0.0
2025-09-18 22:00:00,0.0
2025-09-18 23:00:00,0.0
2025-09-19 00:00:00,0.0
2025-09-19 01:00:00,0.0
2025-09-19 02:00:00,0.0
2025-09-19 03:00:00,0.0
2025-09-19 04:00:00,0.0
2025-09-19 05:00:00,0.0
2025-09-19 06:00:00,51.97
2025-09-19 07:00:00,222.9
2025-09-19 08:00:00,395.65
2025-09-19 09:00:00,500.52
2025-09-19 10:00:00,636.1
2025-09-19 11:00:00,655.62
2025-09-19 12:00:00,670.58
2025-09-19 13:00:00,647.62
2025-09-19 14:00:00,459.6
2025-09-19 15:00:00,133.6
2025-09-19 16:00:00,131.32
2025-09-19 17:00:00,33.58
2025-09-19 18:00:00,0.0
2025-09-19 19:00:00,0.0
2025-09-19 20:00:00,0.0
2025-09-19 21:00:00,0.0
2025-09-19 22:00:00,0.0
2025-09-19 23:00:00,0.0
2025-09-20 00:00:00,0.0
2025-09-20 01:00:00,0.0
2025-09-20 02:00:00,0.0
2025-09-20 03:00:00,0.0
2025-09-20 04:00:00,0.0
2025-09-20 05:00:00,0.0
2025-09-20 06:00:00,48.2
2025-09-20 07:00:00,238.07
2025-09-20 08:00:00,466.75
2025-09-20 09:00:00,687.05
2025-09-20 10:00:00,829.33
2025-09-20 11:00:00,905.6
2025-09-20 12:00:00,836.53
2025-09-20 13:00:00,747.2
2025-09-20 14:00:00,553.92
2025-09-20 15:00:00,389.7
2025-09-20 16:00:00,194.07
2025-09-20 17:00:00,40.08
2025-09-20 18:00:00,0.0
2025-09-20 19:00:00,0.0
2025-09-20 20:00:00,0.0
2025-09-20 21:00:00,0.0
2025-09-20 22:00:00,0.0
2025-09-20 23:00:00,0.0
2025-09-21 00:00:00,0.0
2025-09-21 01:00:00,0.0
2025-09-21 02:00:00,0.0
2025-09-21 03:00:00,0.0
2025-09-21 04:00:00,0.0
2025-09-21 05:00:00,0.0
2025-09-21 06:00:00,59.05
2025-09-21 07:00:00,258.88
2025-09-21 08:00:00,473.83
2025-09-21 09:00:00,628.28
2025-09-21 10:00:00,780.78
2025-09-21 11:00:00,864.0
2025-09-21 12:00:00,799.95
2025-09-21 13:00:00,689.08
2025-09-21 14:00:00,483.65
2025-09-21 15:00:00,375.8
2025-09-21 16:00:00,193.15
2025-09-21 17:00:00,43.12
2025-09-21 18:00:00,0.0
2025-09-21 19:00:00,0.0
2025-09-21 20:00:00,0.0
2025-09-21 21:00:00,0.0
2025-09-21 22:00:00,0.0
2025-09-21 23:00:00,0.0
2025-09-22 00:00:00,0.0
2025-09-22 01:00:00,0.0
2025-09-22 02:00:00,0.0
2025-09-22 03:00:00,0.0
2025-09-22 04:00:00,0.0
2025-09-22 05:00:00,0.0
2025-09-22 06:00:00,27.83
2025-09-22 07:00:00,82.62
2025-09-22 08:00:00,173.23
2025-09-22 09:00:00,179.82
2025-09-22 10:00:00,191.52
2025-09-22 11:00:00,103.57
2025-09-22 12:00:00,57.72
2025-09-22 13:00:00,66.93
2025-09-22 14:00:00,44.25
2025-09-22 15:00:00,27.67
2025-09-22 16:00:00,18.4
2025-09-22 17:00:00,5.65
2025-09-22 18:00:00,0.0
2025-09-22 19:00:00,0.0
2025-09-22 20:00:00,0.0
2025-09-22 21:00:00,0.0
2025-09-22 22:00:00,0.0
2025-09-22 23:00:00,0.0
2025-09-23 00:00:00,0.0
2025-09-23 01:00:00,0.0
2025-09-23 02:00:00,0.0
2025-09-23 03:00:00,0.0
2025-09-23 04:00:00,0.0
2025-09-23 05:00:00,0.0
2025-09-23 06:00:00,66.6
2025-09-23 07:00:00,271.73
2025-09-23 08:00:00,515.22
2025-09-23 09:00:00,700.12
2025-09-23 10:00:00,818.83
2025-09-23 11:00:00,846.72
2025-09-23 12:00:00,835.35
2025-09-23 13:00:00,804.97
2025-09-23 14:00:00,655.92
2025-09-23 15:00:00,496.58
2025-09-23 16:00:00,272.38
2025-09-23 17:00:00,64.0
2025-09-23 18:00:00,0.0
2025-09-23 19:00:00,0.0
2025-09-23 20:00:00,0.0
2025-09-23 21:00:00,0.0
2025-09-23 22:00:00,0.0
2025-09-23 23:00:00,0.0
2025-09-24 00:00:00,0.0
2025-09-24 01:00:00,0.0
2025-09-24 02:00:00,0.0
2025-09-24 03:00:00,0.0
2025-09-24 04:00:00,0.0
2025-09-24 05:00:00,0.0
2025-09-24 06:00:00,30.62
2025-09-24 07:00:00,146.52
2025-09-24 08:00:00,277.15
2025-09-24 09:00:00,428.7
2025-09-24 10:00:00,578.8
2025-09-24 11:00:00,712.65
2025-09-24 12:00:00,762.2
2025-09-24 13:00:00,658.65
2025-09-24 14:00:00,607.08
2025-09-24 15:00:00,451.75
2025-09-24 16:00:00,246.9
2025-09-24 17:00:00,55.85
2025-09-24 18:00:00,0.0
2025-09-24 19:00:00,0.0
2025-09-24 20:00:00,0.0
2025-09-24 21:00:00,0.0
2025-09-24 22:00:00,0.0
2025-09-24 23:00:00,0.0
2025-09-25 00:00:00,0.0
2025-09-25 01:00:00,0.0
2025-09-25 02:00:00,0.0
2025-09-25 03:00:00,0.0
2025-09-25 04:00:00,0.0
2025-09-25 05:00:00,0.0
2025-09-25 06:00:00,47.0
2025-09-25 07:00:00,220.07
2025-09-25 08:00:00,431.25
2025-09-25 09:00:00,567.17
2025-09-25 10:00:00,637.15
2025-09-25 11:00:00,612.75
2025-09-25 12:00:00,615.08
2025-09-25 13:00:00,607.1
2025-09-25 14:00:00,549.0
2025-09-25 15:00:00,453.48
2025-09-25 16:00:00,230.43
2025-09-25 17:00:00,52.92
2025-09-25 18:00:00,0.0
2025-09-25 19:00:00,0.0
2025-09-25 20:00:00,0.0
2025-09-25 21:00:00,0.0
2025-09-25 22:00:00,0.0
2025-09-25 23:00:00,0.0
2025-09-26 00:00:00,0.0
2025-09-26 01:00:00,0.0
2025-09-26 02:00:00,0.0
2025-09-26 03:00:00,0.0
2025-09-26 04:00:00,0.0
2025-09-26 05:00:00,0.0
2025-09-26 06:00:00,94.6
2025-09-26 07:00:00,329.92
2025-09-26 08:00:00,567.9
2025-09-26 09:00:00,778.05
2025-09-26 10:00:00,924.47
2025-09-26 11:00:00,996.6
2025-09-26 12:00:00,963.15
2025-09-26 13:00:00,865.2
2025-09-26 14:00:00,576.47
2025-09-26 15:00:00,486.98
2025-09-26 16:00:00,266.67
2025-09-26 17:00:00,63.65
2025-09-26 18:00:00,0.0
2025-09-26 19:00:00,0.0
2025-09-26 20:00:00,0.0
2025-09-26 21:00:00,0.0
2025-09-26 22:00:00,0.0
2025-09-26 23:00:00,0.0
2025-09-27 00:00:00,0.0
2025-09-27 01:00:00,0.0
2025-09-27 02:00:00,0.0
2025-09-27 03:00:00,0.0
2025-09-27 04:00:00,0.0
2025-09-27 05:00:00,0.0
2025-09-27 06:00:00,100.25
2025-09-27 07:00:00,342.85
2025-09-27 08:00:00,583.55
2025-09-27 09:00:00,787.62
2025-09-27 10:00:00,931.03
2025-09-27 11:00:00,1004.58
2025-09-27 12:00:00,1002.55
2025-09-27 13:00:00,922.78
2025-09-27 14:00:00,772.83
2025-09-27 15:00:00,564.3
2025-09-27 16:00:00,321.3
2025-09-27 17:00:00,79.25
2025-09-27 18:00:00,0.0
2025-09-27 19:00:00,0.0
2025-09-27 20:00:00,0.0
2025-09-27 21:00:00,0.0
2025-09-27 22:00:00,0.0
2025-09-27 23:00:00,0.0
2025-09-28 00:00:00,0.0
2025-09-28 01:00:00,0.0
2025-09-28 02:00:00,0.0
2025-09-28 03:00:00,0.0
2025-09-28 04:00:00,0.0
2025-09-28 05:00:00,0.0
2025-09-28 06:00:00,99.93
2025-09-28 07:00:00,327.73
2025-09-28 08:00:00,548.4
2025-09-28 09:00:00,770.03
2025-09-28 10:00:00,935.1
2025-09-28 11:00:00,993.35
2025-09-28 12:00:00,917.38
2025-09-28 13:00:00,584.9
2025-09-28 14:00:00,563.35
2025-09-28 15:00:00,478.62
2025-09-28 16:00:00,254.82
2025-09-28 17:00:00,57.88
2025-09-28 18:00:00,0.0
2025-09-28 19:00:00,0.0
2025-09-28 20:00:00,0.0
2025-09-28 21:00:00,0.0
2025-09-28 22:00:00,0.0
2025-09-28 23:00:00,0.0
2025-09-29 00:00:00,0.0
2025-09-29 01:00:00,0.0
2025-09-29 02:00:00,0.0
2025-09-29 03:00:00,0.0
2025-09-29 04:00:00,0.0
2025-09-29 05:00:00,0.0
2025-09-29 06:00:00,81.15
2025-09-29 07:00:00,273.88
2025-09-29 08:00:00,489.38
2025-09-29 09:00:00,690.15
2025-09-29 10:00:00,790.83
2025-09-29 11:00:00,796.8
2025-09-29 12:00:00,747.95
2025-09-29 13:00:00,728.0
2025-09-29 14:00:00,582.75
2025-09-29 15:00:00,464.65
2025-09-29 16:00:00,261.27
2025-09-29 17:00:00,66.0
2025-09-29 18:00:00,0.0
2025-09-29 19:00:00,0.0
2025-09-29 20:00:00,0.0
2025-09-29 21:00:00,0.0
2025-09-29 22:00:00,0.0
2025-09-29 23:00:00,0.0
2025-09-30 00:00:00,0.0
2025-09-30 01:00:00,0.0
2025-09-30 02:00:00,0.0
2025-09-30 03:00:00,0.0
2025-09-30 04:00:00,0.0
2025-09-30 05:00:00,0.0
2025-09-30 06:00:00,102.18
2025-09-30 07:00:00,335.58
2025-09-30 08:00:00,572.92
2025-09-30 09:00:00,773.78
2025-09-30 10:00:00,915.78
2025-09-30 11:00:00,987.53
2025-09-30 12:00:00,940.05
2025-09-30 13:00:00,881.08
2025-09-30 14:00:00,746.12
2025-09-30 15:00:00,552.62
2025-09-30 16:00:00,310.38
2025-09-30 17:00:00,75.07
2025-09-30 18:00:00,0.0
2025-09-30 19:00:00,0.0
2025-09-30 20:00:00,0.0
2025-09-30 21:00:00,0.0
2025-09-30 22:00:00,0.0
2025-09-30 23:00:00,0.0
2025-10-01 00:00:00,0.0
2025-10-01 01:00:00,0.0
2025-10-01 02:00:00,0.0
2025-10-01 03:00:00,0.0
2025-10-01 04:00:00,0.0
2025-10-01 05:00:00,0.0
2025-10-01 06:00:00,100.18
2025-10-01 07:00:00,325.1
2025-10-01 08:00:00,561.25
2025-10-01 09:00:00,760.47
2025-10-01 10:00:00,900.53
2025-10-01 11:00:00,970.45
2025-10-01 12:00:00,972.28
2025-10-01 13:00:00,881.67
2025-10-01 14:00:00,696.85
2025-10-01 15:00:00,480.45
2025-10-01 16:00:00,240.32
2025-10-01 17:00:00,54.55
2025-10-01 18:00:00,0.0
2025-10-01 19:00:00,0.0
2025-10-01 20:00:00,0.0
2025-10-01 21:00:00,0.0
2025-10-01 22:00:00,0.0
2025-10-01 23:00:00,0.0
2025-10-02 00:00:00,0.0
2025-10-02 01:00:00,0.0
2025-10-02 02:00:00,0.0
2025-10-02 03:00:00,0.0
2025-10-02 04:00:00,0.0
2025-10-02 05:00:00,0.0
2025-10-02 06:00:00,97.9
2025-10-02 07:00:00,317.98
2025-10-02 08:00:00,549.03
2025-10-02 09:00:00,745.45
2025-10-02 10:00:00,883.53
2025-10-02 11:00:00,950.7
2025-10-02 12:00:00,947.62
2025-10-02 13:00:00,863.38
2025-10-02 14:00:00,680.75
2025-10-02 15:00:00,497.15
2025-10-02 16:00:00,251.3
2025-10-02 17:00:00,55.17
2025-10-02 18:00:00,0.0
2025-10-02 19:00:00,0.0
2025-10-02 20:00:00,0.0
2025-10-02 21:00:00,0.0
2025-10-02 22:00:00,0.0
2025-10-02 23:00:00,0.0
2025-10-03 00:00:00,0.0
2025-10-03 01:00:00,0.0
2025-10-03 02:00:00,0.0
2025-10-03 03:00:00,0.0
2025-10-03 04:00:00,0.0
2025-10-03 05:00:00,0.0
2025-10-03 06:00:00,87.4
2025-10-03 07:00:00,267.02
2025-10-03 08:00:00,467.58
2025-10-03 09:00:00,667.53
2025-10-03 10:00:00,856.83
2025-10-03 11:00:00,949.05
2025-10-03 12:00:00,968.47
2025-10-03 13:00:00,886.78
2025-10-03 14:00:00,710.12
2025-10-03 15:00:00,515.05
2025-10-03 16:00:00,284.05
2025-10-03 17:00:00,68.75
2025-10-03 18:00:00,0.0
2025-10-03 19:00:00,0.0
2025-10-03 20:00:00,0.0
2025-10-03 21:00:00,0.0
2025-10-03 22:00:00,0.0
2025-10-03 23:00:00,0.0
2025-10-04 00:00:00,0.0
2025-10-04 01:00:00,0.0
2025-10-04 02:00:00,0.0
2025-10-04 03:00:00,0.0
2025-10-04 04:00:00,0.0
2025-10-04 05:00:00,0.0
2025-10-04 06:00:00,93.47
2025-10-04 07:00:00,273.85
2025-10-04 08:00:00,468.92
2025-10-04 09:00:00,679.83
2025-10-04 10:00:00,788.53
2025-10-04 11:00:00,705.83
2025-10-04 12:00:00,657.88
2025-10-04 13:00:00,544.88
2025-10-04 14:00:00,422.35
2025-10-04 15:00:00,273.45
2025-10-04 16:00:00,161.85
2025-10-04 17:00:00,39.25
2025-10-04 18:00:00,0.0
2025-10-04 19:00:00,0.0
2025-10-04 20:00:00,0.0
2025-10-04 21:00:00,0.0
2025-10-04 22:00:00,0.0
2025-10-04 23:00:00,0.0
2025-10-05 00:00:00,0.0
2025-10-05 01:00:00,0.0
2025-10-05 02:00:00,0.0
2025-10-05 03:00:00,0.0
2025-10-05 04:00:00,0.0
2025-10-05 05:00:00,0.0
2025-10-05 06:00:00,114.1
2025-10-05 07:00:00,337.4
2025-10-05 08:00:00,573.47
2025-10-05 09:00:00,772.67
2025-10-05 10:00:00,913.28
2025-10-05 11:00:00,983.2
2025-10-05 12:00:00,995.42
2025-10-05 13:00:00,913.6
2025-10-05 14:00:00,763.97
2025-10-05 15:00:00,553.88
2025-10-05 16:00:00,315.55
2025-10-05 17:00:00,82.28
2025-10-05 18:00:00,0.0
2025-10-05 19:00:00,0.0
2025-10-05 20:00:00,0.0
2025-10-05 21:00:00,0.0
2025-10-05 22:00:00,0.0
2025-10-05 23:00:00,0.0
2025-10-06 00:00:00,0.0
2025-10-06 01:00:00,0.0
2025-10-06 02:00:00,0.0
2025-10-06 03:00:00,0.0
2025-10-06 04:00:00,0.0
2025-10-06 05:00:00,0.0
2025-10-06 06:00:00,129.93
2025-10-06 07:00:00,358.65
2025-10-06 08:00:00,592.88
2025-10-06 09:00:00,805.78
2025-10-06 10:00:00,942.3
2025-10-06 11:00:00,998.6
2025-10-06 12:00:00,981.9
2025-10-06 13:00:00,895.17
2025-10-06 14:00:00,615.95
2025-10-06 15:00:00,431.55
2025-10-06 16:00:00,232.62
2025-10-06 17:00:00,59.33
2025-10-06 18:00:00,0.0
2025-10-06 19:00:00,0.0
2025-10-06 20:00:00,0.0
2025-10-06 21:00:00,0.0
2025-10-06 22:00:00,0.0
2025-10-06 23:00:00,0.0
2025-10-07 00:00:00,0.0
2025-10-07 01:00:00,0.0
2025-10-07 02:00:00,0.0
2025-10-07 03:00:00,0.0
2025-10-07 04:00:00,0.0
2025-10-07 05:00:00,0.0
2025-10-07 06:00:00,91.15
2025-10-07 07:00:00,247.05
2025-10-07 08:00:00,436.8
2025-10-07 09:00:00,682.7
2025-10-07 10:00:00,838.97
2025-10-07 11:00:00,909.17
2025-10-07 12:00:00,849.9
2025-10-07 13:00:00,706.7
2025-10-07 14:00:00,486.1
2025-10-07 15:00:00,346.52
2025-10-07 16:00:00,171.02
2025-10-07 17:00:00,41.6
2025-10-07 18:00:00,0.0
2025-10-07 19:00:00,0.0
2025-10-07 20:00:00,0.0
2025-10-07 21:00:00,0.0
2025-10-07 22:00:00,0.0
2025-10-07 23:00:00,0.0
2025-10-08 00:00:00,0.0
2025-10-08 01:00:00,0.0
2025-10-08 02:00:00,0.0
2025-10-08 03:00:00,0.0
2025-10-08 04:00:00,0.0
2025-10-08 05:00:00,0.0
2025-10-08 06:00:00,103.93
2025-10-08 07:00:00,283.08
2025-10-08 08:00:00,479.42
2025-10-08 09:00:00,653.75
2025-10-08 10:00:00,765.8
2025-10-08 11:00:00,902.47
2025-10-08 12:00:00,858.38
2025-10-08 13:00:00,685.47
2025-10-08 14:00:00,472.73
2025-10-08 15:00:00,302.77
2025-10-08 16:00:00,156.9
2025-10-08 17:00:00,33.65
2025-10-08 18:00:00,0.0
2025-10-08 19:00:00,0.0
2025-10-08 20:00:00,0.0
2025-10-08 21:00:00,0.0
2025-10-08 22:00:00,0.0
2025-10-08 23:00:00,0.0
2025-10-09 00:00:00,0.0
2025-10-09 01:00:00,0.0
2025-10-09 02:00:00,0.0
2025-10-09 03:00:00,0.0
2025-10-09 04:00:00,0.0
2025-10-09 05:00:00,0.0
2025-10-09 06:00:00,72.32
2025-10-09 07:00:00,210.43
2025-10-09 08:00:00,382.42
2025-10-09 09:00:00,502.42
2025-10-09 10:00:00,591.88
2025-10-09 11:00:00,723.47
2025-10-09 12:00:00,731.7
2025-10-09 13:00:00,554.6
2025-10-09 14:00:00,469.6
2025-10-09 15:00:00,302.58
2025-10-09 16:00:00,163.43
2025-10-09 17:00:00,36.47
2025-10-09 18:00:00,0.0
2025-10-09 19:00:00,0.0
2025-10-09 20:00:00,0.0
2025-10-09 21:00:00,0.0
2025-10-09 22:00:00,0.0
2025-10-09 23:00:00,0.0
2025-10-10 00:00:00,0.0
2025-10-10 01:00:00,0.0
2025-10-10 02:00:00,0.0
2025-10-10 03:00:00,0.0
2025-10-10 04:00:00,0.0
2025-10-10 05:00:00,1.0
2025-10-10 06:00:00,33.47
2025-10-10 07:00:00,89.72
2025-10-10 08:00:00,213.85
2025-10-10 09:00:00,287.52
2025-10-10 10:00:00,320.98
2025-10-10 11:00:00,379.0
2025-10-10 12:00:00,286.65
2025-10-10 13:00:00,306.02
2025-10-10 14:00:00,259.0
2025-10-10 15:00:00,140.27
2025-10-10 16:00:00,123.65
2025-10-10 17:00:00,32.55
2025-10-10 18:00:00,0.0
2025-10-10 19:00:00,0.0
2025-10-10 20:00:00,0.0
2025-10-10 21:00:00,0.0
2025-10-10 22:00:00,0.0
2025-10-10 23:00:00,0.0
2025-10-11 00:00:00,0.0
2025-10-11 01:00:00,0.0
2025-10-11 02:00:00,0.0
2025-10-11 03:00:00,0.0
2025-10-11 04:00:00,0.0
2025-10-11 05:00:00,2.22
2025-10-11 06:00:00,63.88
2025-10-11 07:00:00,184.68
2025-10-11 08:00:00,306.9
2025-10-11 09:00:00,374.0
2025-10-11 10:00:00,463.42
2025-10-11 11:00:00,534.88
2025-10-11 12:00:00,353.4
2025-10-11 13:00:00,327.27
2025-10-11 14:00:00,381.62
2025-10-11 15:00:00,307.48
2025-10-11 16:00:00,129.9
2025-10-11 17:00:00,35.08
2025-10-11 18:00:00,0.0
2025-10-11 19:00:00,0.0
2025-10-11 20:00:00,0.0
2025-10-11 21:00:00,0.0
2025-10-11 22:00:00,0.0
2025-10-11 23:00:00,0.0
2025-10-12 00:00:00,0.0
2025-10-12 01:00:00,0.0
2025-10-12 02:00:00,0.0
2025-10-12 03:00:00,0.0
2025-10-12 04:00:00,0.0
2025-10-12 05:00:00,4.1
2025-10-12 06:00:00,118.3
2025-10-12 07:00:00,324.38
2025-10-12 08:00:00,529.9
2025-10-12 09:00:00,754.12
2025-10-12 10:00:00,794.53
2025-10-12 11:00:00,739.3
2025-10-12 12:00:00,800.4
2025-10-12 13:00:00,667.35
2025-10-12 14:00:00,493.0
2025-10-12 15:00:00,291.0
2025-10-12 16:00:00,162.6
2025-10-12 17:00:00,44.28
2025-10-12 18:00:00,0.0
2025-10-12 19:00:00,0.0
2025-10-12 20:00:00,0.0
2025-10-12 21:00:00,0.0
2025-10-12 22:00:00,0.0
2025-10-12 23:00:00,0.0
2025-10-13 00:00:00,0.0
2025-10-13 01:00:00,0.0
2025-10-13 02:00:00,0.0
2025-10-13 03:00:00,0.0
2025-10-13 04:00:00,0.0
2025-10-13 05:00:00,1.92
2025-10-13 06:00:00,41.8
2025-10-13 07:00:00,110.0
2025-10-13 08:00:00,197.55
2025-10-13 09:00:00,508.0
2025-10-13 10:00:00,681.45
2025-10-13 11:00:00,621.6
2025-10-13 12:00:00,528.03
2025-10-13 13:00:00,351.0
2025-10-13 14:00:00,202.48
2025-10-13 15:00:00,87.28
2025-10-13 16:00:00,51.22
2025-10-13 17:00:00,14.23
2025-10-13 18:00:00,0.0
2025-10-13 19:00:00,0.0
2025-10-13 20:00:00,0.0
2025-10-13 21:00:00,0.0
2025-10-13 22:00:00,0.0
2025-10-13 23:00:00,0.0
2025-10-14 00:00:00,0.0
2025-10-14 01:00:00,0.0
2025-10-14 02:00:00,0.0
2025-10-14 03:00:00,0.0
2025-10-14 04:00:00,0.0
2025-10-14 05:00:00,3.4
2025-10-14 06:00:00,86.12
2025-10-14 07:00:00,237.93
2025-10-14 08:00:00,425.3
2025-10-14 09:00:00,578.05
2025-10-14 10:00:00,617.78
2025-10-14 11:00:00,717.55
2025-10-14 12:00:00,773.08
2025-10-14 13:00:00,676.85
2025-10-14 14:00:00,614.47
2025-10-14 15:00:00,418.98
2025-10-14 16:00:00,230.32
2025-10-14 17:00:00,69.45
2025-10-14 18:00:00,0.0
2025-10-14 19:00:00,0.0
2025-10-14 20:00:00,0.0
2025-10-14 21:00:00,0.0
2025-10-14 22:00:00,0.0
2025-10-14 23:00:00,0.0
2025-10-15 00:00:00,0.0
2025-10-15 01:00:00,0.0
2025-10-15 02:00:00,0.0
2025-10-15 03:00:00,0.0
2025-10-15 04:00:00,0.0
2025-10-15 05:00:00,5.32
2025-10-15 06:00:00,129.55
2025-10-15 07:00:00,336.85
2025-10-15 08:00:00,579.5
2025-10-15 09:00:00,802.35
2025-10-15 10:00:00,926.0
2025-10-15 11:00:00,962.33
2025-10-15 12:00:00,919.42
2025-10-15 13:00:00,771.15
2025-10-15 14:00:00,611.4
2025-10-15 15:00:00,416.38
2025-10-15 16:00:00,235.48
2025-10-15 17:00:00,72.82
2025-10-15 18:00:00,0.0
2025-10-15 19:00:00,0.0
2025-10-15 20:00:00,0.0
2025-10-15 21:00:00,0.0
2025-10-15 22:00:00,0.0
2025-10-15 23:00:00,0.0
2025-10-16 00:00:00,0.0
2025-10-16 01:00:00,0.0
2025-10-16 02:00:00,0.0
2025-10-16 03:00:00,0.0
2025-10-16 04:00:00,0.0
2025-10-16 05:00:00,6.05
2025-10-16 06:00:00,134.73
2025-10-16 07:00:00,331.17
2025-10-16 08:00:00,536.65
2025-10-16 09:00:00,745.17
2025-10-16 10:00:00,927.65
2025-10-16 11:00:00,989.72
2025-10-16 12:00:00,854.55
2025-10-16 13:00:00,793.22
2025-10-16 14:00:00,654.05
2025-10-16 15:00:00,488.67
2025-10-16 16:00:00,271.95
2025-10-16 17:00:00,75.65
2025-10-16 18:00:00,0.0
2025-10-16 19:00:00,0.0
2025-10-16 20:00:00,0.0
2025-10-16 21:00:00,0.0
2025-10-16 22:00:00,0.0
2025-10-16 23:00:00,0.0
2025-10-17 00:00:00,0.0
2025-10-17 01:00:00,0.0
2025-10-17 02:00:00,0.0
2025-10-17 03:00:00,0.0
2025-10-17 04:00:00,0.0
2025-10-17 05:00:00,6.22
2025-10-17 06:00:00,133.77
2025-10-17 07:00:00,351.75
2025-10-17 08:00:00,581.28
2025-10-17 09:00:00,800.8
2025-10-17 10:00:00,931.12
2025-10-17 11:00:00,991.47
2025-10-17 12:00:00,890.85
2025-10-17 13:00:00,730.1
2025-10-17 14:00:00,566.4
2025-10-17 15:00:00,386.6
2025-10-17 16:00:00,197.77
2025-10-17 17:00:00,51.67
2025-10-17 18:00:00,0.0
2025-10-17 19:00:00,0.0
2025-10-17 20:00:00,0.0
2025-10-17 21:00:00,0.0
2025-10-17 22:00:00,0.0
2025-10-17 23:00:00,0.0
2025-10-18 00:00:00,0.0
2025-10-18 01:00:00,0.0
2025-10-18 02:00:00,0.0
2025-10-18 03:00:00,0.0
2025-10-18 04:00:00,0.0
2025-10-18 05:00:00,2.5
2025-10-18 06:00:00,68.3
2025-10-18 07:00:00,148.65
2025-10-18 08:00:00,251.18
2025-10-18 09:00:00,342.17
2025-10-18 10:00:00,341.48
2025-10-18 11:00:00,421.12
2025-10-18 12:00:00,498.0
2025-10-18 13:00:00,340.23
2025-10-18 14:00:00,181.35
2025-10-18 15:00:00,88.4
2025-10-18 16:00:00,66.4
2025-10-18 17:00:00,16.3
2025-10-18 18:00:00,0.0
2025-10-18 19:00:00,0.0
2025-10-18 20:00:00,0.0
2025-10-18 21:00:00,0.0
2025-10-18 22:00:00,0.0
2025-10-18 23:00:00,0.0
2025-10-19 00:00:00,0.0
2025-10-19 01:00:00,0.0
2025-10-19 02:00:00,0.0
2025-10-19 03:00:00,0.0
2025-10-19 04:00:00,0.0
2025-10-19 05:00:00,6.28
2025-10-19 06:00:00,106.3
2025-10-19 07:00:00,264.2
2025-10-19 08:00:00,453.4
2025-10-19 09:00:00,725.88
2025-10-19 10:00:00,871.42
2025-10-19 11:00:00,848.5
2025-10-19 12:00:00,788.1
2025-10-19 13:00:00,703.47
2025-10-19 14:00:00,588.47
2025-10-19 15:00:00,491.25
2025-10-19 16:00:00,270.65
2025-10-19 17:00:00,87.47
2025-10-19 18:00:00,0.0
2025-10-19 19:00:00,0.0
2025-10-19 20:00:00,0.0
2025-10-19 21:00:00,0.0
2025-10-19 22:00:00,0.0
2025-10-19 23:00:00,0.0
2025-10-20 00:00:00,0.0
2025-10-20 01:00:00,0.0
2025-10-20 02:00:00,0.0
2025-10-20 03:00:00,0.0
2025-10-20 04:00:00,0.0
2025-10-20 05:00:00,10.0
2025-10-20 06:00:00,186.73
2025-10-20 07:00:00,441.08
2025-10-20 08:00:00,677.4
2025-10-20 09:00:00,875.47
2025-10-20 10:00:00,1007.85
2025-10-20 11:00:00,1027.8
2025-10-20 12:00:00,908.28
2025-10-20 13:00:00,757.5
2025-10-20 14:00:00,685.22
2025-10-20 15:00:00,485.67
2025-10-20 16:00:00,277.62
2025-10-20 17:00:00,90.82
2025-10-20 18:00:00,0.0
2025-10-20 19:00:00,0.0
2025-10-20 20:00:00,0.0
2025-10-20 21:00:00,0.0
2025-10-20 22:00:00,0.0
2025-10-20 23:00:00,0.0
2025-10-21 00:00:00,0.0
2025-10-21 01:00:00,0.0
2025-10-21 02:00:00,0.0
2025-10-21 03:00:00,0.0
2025-10-21 04:00:00,0.0
2025-10-21 05:00:00,11.93
2025-10-21 06:00:00,198.75
2025-10-21 07:00:00,458.33
2025-10-21 08:00:00,698.9
2025-10-21 09:00:00,896.83
2025-10-21 10:00:00,1031.8
2025-10-21 11:00:00,1096.97
2025-10-21 12:00:00,1085.07
2025-10-21 13:00:00,998.92
2025-10-21 14:00:00,842.9
2025-10-21 15:00:00,632.72
2025-10-21 16:00:00,380.33
2025-10-21 17:00:00,124.1
2025-10-21 18:00:00,0.0
2025-10-21 19:00:00,0.0
2025-10-21 20:00:00,0.0
2025-10-21 21:00:00,0.0
2025-10-21 22:00:00,0.0
2025-10-21 23:00:00,0.0
2025-10-22 00:00:00,0.0
2025-10-22 01:00:00,0.0
2025-10-22 02:00:00,0.0
2025-10-22 03:00:00,0.0
2025-10-22 04:00:00,0.0
2025-10-22 05:00:00,10.77
2025-10-22 06:00:00,167.43
2025-10-22 07:00:00,383.98
2025-10-22 08:00:00,617.67
2025-10-22 09:00:00,845.75
2025-10-22 10:00:00,955.12
2025-10-22 11:00:00,978.38
2025-10-22 12:00:00,985.03
2025-10-22 13:00:00,927.72
2025-10-22 14:00:00,828.1
2025-10-22 15:00:00,614.55
2025-10-22 16:00:00,366.0
2025-10-22 17:00:00,118.55
2025-10-22 18:00:00,0.0
2025-10-22 19:00:00,0.0
2025-10-22 20:00:00,0.0
2025-10-22 21:00:00,0.0
2025-10-22 22:00:00,0.0
2025-10-22 23:00:00,0.0
2025-10-23 00:00:00,0.0
2025-10-23 01:00:00,0.0
2025-10-23 02:00:00,0.0
2025-10-23 03:00:00,0.0
2025-10-23 04:00:00,0.0
2025-10-23 05:00:00,12.82
2025-10-23 06:00:00,200.32
2025-10-23 07:00:00,459.2
2025-10-23 08:00:00,700.65
2025-10-23 09:00:00,880.67
2025-10-23 10:00:00,944.4
2025-10-23 11:00:00,1066.22
2025-10-23 12:00:00,1073.5
2025-10-23 13:00:00,991.72
2025-10-23 14:00:00,836.7
2025-10-23 15:00:00,623.65
2025-10-23 16:00:00,367.38
2025-10-23 17:00:00,108.68
2025-10-23 18:00:00,0.0
2025-10-23 19:00:00,0.0
2025-10-23 20:00:00,0.0
2025-10-23 21:00:00,0.0
2025-10-23 22:00:00,0.0
2025-10-23 23:00:00,0.0
2025-10-24 00:00:00,0.0
2025-10-24 01:00:00,0.0
2025-10-24 02:00:00,0.0
2025-10-24 03:00:00,0.0
2025-10-24 04:00:00,0.0
2025-10-24 05:00:00,12.05
2025-10-24 06:00:00,180.0
2025-10-24 07:00:00,409.95
2025-10-24 08:00:00,623.88
2025-10-24 09:00:00,857.03
2025-10-24 10:00:00,979.72
2025-10-24 11:00:00,1046.57
2025-10-24 12:00:00,1001.2
2025-10-24 13:00:00,846.97
2025-10-24 14:00:00,647.25
2025-10-24 15:00:00,543.3
2025-10-24 16:00:00,306.02
2025-10-24 17:00:00,100.57
2025-10-24 18:00:00,0.0
2025-10-24 19:00:00,0.0
2025-10-24 20:00:00,0.0
2025-10-24 21:00:00,0.0
2025-10-24 22:00:00,0.0
2025-10-24 23:00:00,0.0
2025-10-25 00:00:00,0.0
2025-10-25 01:00:00,0.0
2025-10-25 02:00:00,0.0
2025-10-25 03:00:00,0.0
2025-10-25 04:00:00,0.0
2025-10-25 05:00:00,12.73
2025-10-25 06:00:00,190.77
2025-10-25 07:00:00,434.83
2025-10-25 08:00:00,673.15
2025-10-25 09:00:00,872.47
2025-10-25 10:00:00,1009.28
2025-10-25 11:00:00,1019.72
2025-10-25 12:00:00,959.6
2025-10-25 13:00:00,873.65
2025-10-25 14:00:00,660.88
2025-10-25 15:00:00,516.53
2025-10-25 16:00:00,281.02
2025-10-25 17:00:00,90.28
2025-10-25 18:00:00,0.0
2025-10-25 19:00:00,0.0
2025-10-25 20:00:00,0.0
2025-10-25 21:00:00,0.0
2025-10-25 22:00:00,0.0
2025-10-25 23:00:00,0.0
2025-10-26 00:00:00,0.0
2025-10-26 01:00:00,0.0
2025-10-26 02:00:00,0.0
2025-10-26 03:00:00,0.0
2025-10-26 04:00:00,0.0
2025-10-26 05:00:00,11.73
2025-10-26 06:00:00,167.1
2025-10-26 07:00:00,394.85
2025-10-26 08:00:00,622.08
2025-10-26 09:00:00,852.62
2025-10-26 10:00:00,993.15
2025-10-26 11:00:00,1019.17
2025-10-26 12:00:00,871.25
2025-10-26 13:00:00,808.08
2025-10-26 14:00:00,600.62
2025-10-26 15:00:00,401.42
2025-10-26 16:00:00,229.62
2025-10-26 17:00:00,72.05
2025-10-26 18:00:00,0.0
2025-10-26 19:00:00,0.0
2025-10-26 20:00:00,0.0
2025-10-26 21:00:00,0.0
2025-10-26 22:00:00,0.0
2025-10-26 23:00:00,0.0
2025-10-27 00:00:00,0.0
2025-10-27 01:00:00,0.0
2025-10-27 02:00:00,0.0
2025-10-27 03:00:00,0.0
2025-10-27 04:00:00,0.0
2025-10-27 05:00:00,8.1
2025-10-27 06:00:00,81.28
2025-10-27 07:00:00,192.6
2025-10-27 08:00:00,306.33
2025-10-27 09:00:00,509.75
2025-10-27 10:00:00,684.42
2025-10-27 11:00:00,617.85
2025-10-27 12:00:00,553.15
2025-10-27 13:00:00,433.35
2025-10-27 14:00:00,235.3
2025-10-27 15:00:00,99.47
2025-10-27 16:00:00,39.95
2025-10-27 17:00:00,23.92
2025-10-27 18:00:00,0.0
2025-10-27 19:00:00,0.0
2025-10-27 20:00:00,0.0
2025-10-27 21:00:00,0.0
2025-10-27 22:00:00,0.0
2025-10-27 23:00:00,0.0
2025-10-28 00:00:00,0.0
2025-10-28 01:00:00,0.0
2025-10-28 02:00:00,0.0
2025-10-28 03:00:00,0.0
2025-10-28 04:00:00,0.0
2025-10-28 05:00:00,4.43
2025-10-28 06:00:00,45.95
2025-10-28 07:00:00,104.05
2025-10-28 08:00:00,118.65
2025-10-28 09:00:00,267.2
2025-10-28 10:00:00,418.33
2025-10-28 11:00:00,509.1
2025-10-28 12:00:00,632.7
2025-10-28 13:00:00,614.17
2025-10-28 14:00:00,386.17
2025-10-28 15:00:00,338.48
2025-10-28 16:00:00,191.77
2025-10-28 17:00:00,53.75
2025-10-28 18:00:00,0.0
2025-10-28 19:00:00,0.0
2025-10-28 20:00:00,0.0
2025-10-28 21:00:00,0.0
2025-10-28 22:00:00,0.0
2025-10-28 23:00:00,0.0
2025-10-29 00:00:00,0.0
2025-10-29 01:00:00,0.0
2025-10-29 02:00:00,0.0
2025-10-29 03:00:00,0.0
2025-10-29 04:00:00,0.0
2025-10-29 05:00:00,6.82
2025-10-29 06:00:00,55.38
2025-10-29 07:00:00,143.18
2025-10-29 08:00:00,240.57
2025-10-29 09:00:00,519.3
2025-10-29 10:00:00,588.35
2025-10-29 11:00:00,639.35
2025-10-29 12:00:00,499.6
2025-10-29 13:00:00,457.58
2025-10-29 14:00:00,472.52
2025-10-29 15:00:00,441.17
2025-10-29 16:00:00,238.7
2025-10-29 17:00:00,78.6
2025-10-29 18:00:00,0.0
2025-10-29 19:00:00,0.0
2025-10-29 20:00:00,0.0
2025-10-29 21:00:00,0.0
2025-10-29 22:00:00,0.0
2025-10-29 23:00:00,0.0
2025-10-30 00:00:00,0.0
2025-10-30 01:00:00,0.0
2025-10-30 02:00:00,0.0
2025-10-30 03:00:00,0.0
2025-10-30 04:00:00,0.0
2025-10-30 05:00:00,9.52
2025-10-30 06:00:00,90.4
2025-10-30 07:00:00,181.68
2025-10-30 08:00:00,237.73
2025-10-30 09:00:00,374.17
2025-10-30 10:00:00,375.12
2025-10-30 11:00:00,200.18
2025-10-30 12:00:00,342.27
2025-10-30 13:00:00,285.73
2025-10-30 14:00:00,380.8
2025-10-30 15:00:00,230.27
2025-10-30 16:00:00,135.35
2025-10-30 17:00:00,40.5
2025-10-30 18:00:00,0.0
2025-10-30 19:00:00,0.0
2025-10-30 20:00:00,0.0
2025-10-30 21:00:00,0.0
2025-10-30 22:00:00,0.0
2025-10-30 23:00:00,0.0
